Track URI,Track Name,Album Name,Artist Name(s),Release Date,Duration (ms),Popularity,Explicit,Added By,Added At,Genres,Record Label,Danceability,Energy,Key,Loudness,Mode,Speechiness,Acousticness,Instrumentalness,Liveness,Valence,Tempo,Time Signature
spotify:track:2iDyRBAJ4PzLzorljWBfNS,"SINISTER","GOODNIGHT LOVELL","Night Lovell",2019-02-22,147692,0,true,elitealienzz,2020-04-16T14:29:20Z,"emo rap,horrorcore,trap metal","SCPP",0.762,0.282,8,-5.479,1,0.0719,0.167,0.102,0.0987,0.155,130.017,4
spotify:track:5CJVozOSQnYq47BS6TmCBl,"Lost Angeles","California Is Cold","SHAHMEN",2018-01-30,122413,0,true,elitealienzz,2020-04-16T14:26:08Z,"","House of Bless, Valle de Aburra Music",0.61,0.696,2,-8.74,1,0.427,0.0656,0.0279,0.23,0.303,94.9,4
spotify:track:4Uwvqx6ChhuVwwI0EC4kz2,"Material Love","tagSINES","Tag Shai;SorrySines",2017-01-01,178000,25,false,elitealienzz,2020-04-16T14:21:25Z,"cloud rap,emo rap","Tag Shai & SorrySines",0.612,0.792,1,-3.59,1,0.0568,0.00371,0.11,0.13,0.0879,119.944,4
spotify:track:7yvTs8trSYMtNNisA0nT73,"Sleeping","Simplicity","Auxxk",2016-10-07,125500,0,true,elitealienzz,2020-04-16T14:18:26Z,"trap metal,horrorcore","Independent Artist",0.471,0.618,10,-9.965,0,0.108,0.0219,0.00664,0.16,0.0392,110.337,4
spotify:track:54o1G7sQQfdWjLAI4KJ2AW,"Come fossimo cowboy","Supereroe","Emis Killa",2018-10-12,195163,37,false,elitealienzz,2020-04-16T14:12:02Z,"italian trap","Carosello Records",0.639,0.576,5,-7.256,1,0.108,0.0835,0,0.128,0.128,100.269,4
spotify:track:3FeivzOuUq5Crg9VTnciIX,"Guidando Forte","PsycoSide","Side Baby;PSICOLOGI;Night Skinny",2019-12-12,227812,32,true,elitealienzz,2020-04-16T14:08:34Z,"italian trap,concerto","Universal Music Italia srL.",0.72,0.746,11,-4.946,1,0.203,0.398,0,0.0611,0.567,131.898,4
spotify:track:0JP9xo3adEtGSdUEISiszL,"Moonlight","?","XXXTENTACION",2018-03-16,135090,83,true,elitealienzz,2020-04-16T14:06:04Z,"emo rap","Bad Vibes Forever, LLC",0.921,0.537,9,-5.723,0,0.0804,0.556,0.00404,0.102,0.711,128.009,4
spotify:track:5HEm9RTM8fIuzKa1RBj6xZ,"BAD KID","GOODNIGHT LOVELL","Night Lovell",2019-02-22,142222,0,true,elitealienzz,2020-04-16T14:02:36Z,"emo rap,horrorcore,trap metal","SCPP",0.886,0.316,1,-8.683,1,0.0677,0.0987,0.0166,0.108,0.0389,135.006,4
spotify:track:5TXDeTFVRVY7Cvt0Dw4vWW,"Revenge","17","XXXTENTACION",2017-08-25,120026,82,true,elitealienzz,2020-04-16T13:56:24Z,"emo rap","Bad Vibes Forever / EMPIRE",0.746,0.251,11,-16.169,0,0.259,0.782,0.00203,0.106,0.18,139.999,4
spotify:track:7uTrlCClNHzDZof958OaLX,"Cromito loco","Cromito loco","Cromo",2017-04-28,178519,18,true,elitealienzz,2020-04-16T13:51:29Z,"italian trap","WM Italy",0.668,0.541,4,-10.733,0,0.315,0.149,0,0.153,0.399,158.953,3
spotify:track:0qPbx9TwgIpnBQfB6R6bpK,"Gentrify","Gentrify","Da Vosk Docta",2017-06-09,174231,0,false,elitealienzz,2020-04-16T13:47:13Z,"witch house","Repost Network",0.569,0.45,0,-9.45,1,0.0444,0.194,0.307,0.118,0.0778,135.05,4
spotify:track:2WsuSYJNXGKXVYkHPnq2yp,"Ransom (with Juice WRLD) - Remix","We Love You Tecca","Lil Tecca;Juice WRLD",2019-08-30,171253,73,true,elitealienzz,2020-04-16T13:46:30Z,"melodic rap,rap,emo rap","Republic Records",0.684,0.671,2,-6.424,0,0.289,0.0119,0,0.0769,0.45,179.987,4
spotify:track:2X8dkNEf1T36Wp8pmRY8Vi,"Saints","Saints","Echos",2018-10-08,240774,0,false,elitealienzz,2020-04-16T13:42:15Z,"chillstep","Seeking Blue",0.512,0.477,2,-9.912,0,0.0311,0.026,0.0000484,0.11,0.174,120.04,4
spotify:track:3JnbauRAM5tvB042wbuorJ,"Low Key","Now The Moon's Rising","$uicideboy$",2015-11-20,122331,0,true,elitealienzz,2020-04-16T13:41:47Z,"emo rap,horrorcore,cloud rap,trap metal,underground hip hop","G59 Records, LLC",0.551,0.573,5,-4.153,1,0.372,0.316,0.00000249,0.107,0.209,84.732,3
spotify:track:6pckOR9O4OAWZmbmjyAt6t,"517","IFeelLikeDirt","BONES",2019-11-29,184250,35,true,elitealienzz,2020-04-16T13:38:35Z,"cloud rap,emo rap,horrorcore,trap metal,underground hip hop","TeamSESH",0.908,0.503,11,-7.711,1,0.0474,0.0602,0.00149,0.0808,0.294,119.992,4
spotify:track:4XLv8faJ4ZJTlwKqhE9YPb,"Seven","Loitering","Auxxk;Jae Alaska;Na$tii",2018-08-25,160398,0,true,elitealienzz,2020-04-16T13:33:35Z,"trap metal,horrorcore","Vii Firm",0.664,0.683,1,-5.606,1,0.288,0.131,0.115,0.125,0.377,138.066,4
spotify:track:3OQFgkF0hVKmVeNCkAjdxQ,"LET ME DIE","GOODNIGHT LOVELL","Night Lovell",2019-02-22,144750,0,true,elitealienzz,2020-04-16T13:28:18Z,"emo rap,horrorcore,trap metal","SCPP",0.876,0.828,9,-3.555,1,0.0459,0.525,0.036,0.119,0.356,119.985,4
spotify:track:7mbFFEQWsBfpvfrluE4OvW,"LEFT 4 DEAD","LEFT 4 DEAD","Cameron Azi;$ubjectz;GCSY",2019-07-12,157037,34,true,elitealienzz,2020-04-16T13:23:21Z,"trap metal,horrorcore,rap metal","GCSY",0.539,0.844,6,-4.664,1,0.209,0.0485,0,0.604,0.507,162.01,4
spotify:track:3G41g0SXKkbOEq0sAThZWn,"Lucciole (feat. Generic Animal)","Rehab","Ketama126;Generic Animal",2018-05-25,173500,38,false,elitealienzz,2020-04-16T13:16:10Z,"italian trap","Asian Fake",0.723,0.705,9,-4.332,1,0.0519,0.00223,0,0.116,0.144,149.961,4
spotify:track:4VsMart0lkjUtyQnmxloK6,"$outh $ide $uicide","High Tide In The Snake's Nest","$uicideboy$;Pouya",2015-06-15,169319,0,true,elitealienzz,2020-04-16T13:10:13Z,"emo rap,horrorcore,cloud rap,trap metal,underground hip hop","G59 Records, LLC",0.797,0.516,1,-6.286,1,0.0831,0.00538,0.431,0.0728,0.0477,109.997,4
spotify:track:77TtEap7ay9c4Z5B9Lp3bv,"Concept Nothing","Concept Vague","Night Lovell",2014-12-21,248745,0,true,elitealienzz,2020-04-16T13:06:58Z,"emo rap,horrorcore,trap metal","Night Lovell",0.875,0.519,1,-3.056,1,0.0663,0.541,0.0000109,0.109,0.0568,110.018,4
spotify:track:3GVkPk8mqxz0itaAriG1L7,"Everybody Dies In Their Nightmares","17","XXXTENTACION",2017-08-25,95466,78,true,elitealienzz,2020-04-16T13:02:18Z,"emo rap","Bad Vibes Forever / EMPIRE",0.734,0.57,7,-7.066,0,0.133,0.847,0.0000214,0.112,0.689,129.953,4
spotify:track:6LsMmm02qu6SOmp9JeaIyC,"To Whom It May Concern","HUMAN ERR0R","Ghostemane;Parv0",2019-06-19,179200,65,true,elitealienzz,2020-04-16T12:59:19Z,"trap metal,horrorcore,emo rap,cloud rap,rap metal","Blackmage",0.736,0.559,7,-9.225,0,0.293,0.559,0.00096,0.0886,0.0354,150.049,4
spotify:track:2xxxBXNUrBDugyRRadKChF,"Lethal Presence","Lethal Presence","Night Lovell",2019-12-13,142400,0,true,elitealienzz,2020-04-16T12:56:49Z,"emo rap,horrorcore,trap metal","SCPP",0.696,0.482,8,-10.492,1,0.0675,0.254,0.0158,0.0941,0.198,75.012,4
spotify:track:26zo23frbrONsEJs6m2drZ,"Dead to Me","Dead to Me","Terror Reid;Getter",2017-11-17,192000,0,true,elitealienzz,2020-04-16T12:56:04Z,"horrorcore,dubstep","Getter, Inc.",0.792,0.754,10,-7.347,1,0.108,0.385,0.000863,0.165,0.251,120,4
spotify:track:7yLTOXDmYzADz32rMnt82P,"I Can't Feel My Face","Side Effects II","Chetta",2018-10-31,168200,0,true,elitealienzz,2020-04-16T12:47:50Z,"horrorcore,trap metal","Paradise Records",0.702,0.487,8,-10.423,0,0.149,0.0561,0.00152,0.123,0.414,151.965,4
spotify:track:396BhMtizz9kheo3brBoXR,"YOUDONTKNOWME","YOUDONTKNOWME","Anti",2019-07-19,159977,0,true,elitealienzz,2020-04-16T12:43:38Z,"","Anti",0.755,0.437,7,-9.591,1,0.246,0.46,0.0166,0.101,0.273,95.98,4
spotify:track:4owRIrDAJPqNWGf2SGC3H8,"Mount Sinai","High Tide In The Snake's Nest","$uicideboy$",2015-06-15,145635,0,true,elitealienzz,2020-04-16T12:43:09Z,"emo rap,horrorcore,cloud rap,trap metal,underground hip hop","G59 Records, LLC",0.84,0.444,3,-10.58,0,0.211,0.532,0.000884,0.0623,0.376,131.999,4
spotify:track:7biFQvzeTWrVn81dEqFqRX,"she only likes me when i'm drunk","it's 2am she's on my mind","frumhere;Shannon Saunders",2017-04-09,110000,38,false,elitealienzz,2020-04-16T12:39:44Z,"lo-fi,lo-fi beats,lo-fi hip hop","<radio.wavs>",0.627,0.515,1,-13.107,0,0.23,0.51,0.885,0.188,0.31,139.903,4
spotify:track:2HIAaSwG4TIXiQr4alxXYk,"Homicide (feat. BandGang Lonnie Bands & OhGeesy)","OTXmas","Shoreline Mafia;Band Gang Lonnie Bands;OHGEESY",2018-12-07,145426,43,true,elitealienzz,2020-04-16T12:34:41Z,"","Atlantic Records",0.856,0.526,1,-6.51,1,0.374,0.0303,0,0.103,0.112,99.958,4
spotify:track:6xh8FKBwCIJZkhdSqvhk9Z,"Rehab (feat. Generic Animal)","Rehab","Ketama126;Generic Animal",2018-05-25,209000,47,false,elitealienzz,2020-04-16T12:32:14Z,"italian trap","Asian Fake",0.637,0.708,1,-4.812,1,0.0596,0.00233,0,0.0411,0.231,76.038,4
spotify:track:5mG4eogIWKxsIAo9B7J88h,"I Lost Carol","The God I Am & the Dreamer I Used to Be","J Swey;Azide;Blak Trash",2018-04-12,177873,0,true,elitealienzz,2020-04-16T12:26:29Z,"g-house","J Swey under exclusive license to Amuseio AB",0.63,0.599,7,-7.939,0,0.235,0.209,0.000278,0.11,0.235,111.89,4
spotify:track:1iyfBNCqZPY6rrlwZlB5TS,"Like a Lullaby","Grim","OmenXIII",2017-04-26,174602,0,true,elitealienzz,2020-04-16T12:24:01Z,"trap metal,horrorcore,emo rap,cloud rap","_Blnk",0.906,0.33,11,-10.919,1,0.107,0.0139,0.000328,0.105,0.263,143.028,4
spotify:track:6HDdOPc6FWpMfjC8ebzdRC,"Snitch E Impicci (con FSK SATELLITE)","Snitch E Impicci (con FSK SATELLITE)","DrefGold;FSK SATELLITE",2020-02-27,202380,35,true,elitealienzz,2020-04-16T12:16:31Z,"italian trap,trap","Universal Music Italia srL.",0.89,0.555,1,-5.632,1,0.125,0.0631,0,0.111,0.265,126.032,4
spotify:track:3PrLXpTfUdi9iE1PA82sS3,"Cornfield Chase","Interstellar (Original Motion Picture Soundtrack)","Hans Zimmer",2014-11-18,126959,0,false,elitealienzz,2020-04-16T12:14:02Z,"soundtrack,score","WaterTower Music",0.18,0.226,9,-16.457,0,0.042,0.951,0.982,0.0998,0.048,94.079,4
spotify:track:1GXuVOHHqIUKgfL9szuGTs,"Stay","Solace","iamjakehill",2018-04-15,185091,0,true,elitealienzz,2020-04-16T12:10:48Z,"emo rap","629243 Records DK",0.728,0.668,2,-8.386,0,0.143,0.811,0,0.117,0.857,82.967,4
spotify:track:0VLdpdtw0ufBFB5UJgwPAx,"Outofmyhead","Outofmyhead","VEINS;Auxxk",2019-08-29,333143,0,true,elitealienzz,2020-04-16T12:08:15Z,"horrorcore,trap metal","ERICKVEINS",0.485,0.824,7,-6.608,1,0.232,0.31,0.211,0.104,0.0488,134.041,4
spotify:track:5IQcoz57aROu48ztjgN0oj,"Night Terror","King","Auxxk;Grave",2019-02-19,168601,0,true,elitealienzz,2020-04-16T12:02:04Z,"trap metal,horrorcore","Vii Firm",0.454,0.753,8,-7.025,1,0.0417,0.000299,0.00113,0.0828,0.106,159.732,3
spotify:track:7nm56cRHpA3mdU0hew9pCR,"die","Silent EP","Auxxk;Deademane",2017-07-12,183536,0,true,elitealienzz,2020-04-16T11:59:35Z,"trap metal,horrorcore","Vii Firm",0.669,0.783,5,-5.855,1,0.11,0.000661,0.00132,0.291,0.344,105.022,4
spotify:track:3uvKXKQxcmjPT7letWh3Pf,"2:45","Silent EP","Auxxk;Deademane",2017-07-12,125048,0,true,elitealienzz,2020-04-16T11:54:37Z,"trap metal,horrorcore","Vii Firm",0.644,0.64,8,-7.877,1,0.0688,0.00329,0,0.146,0.175,108.944,3
spotify:track:4RwkD60oxDXokzAluwPc8B,"Now or Never","XXXTENTACION Presents: Members Only, Vol. 4","Flyboy Tarantino;Craig Xen;Kidway",2019-01-23,161052,36,true,elitealienzz,2020-04-16T11:52:10Z,"trap metal,emo rap","Members Only / EMPIRE",0.64,0.134,0,-16.061,1,0.0621,0.878,0,0.131,0.387,75.938,4
spotify:track:7nlbfSvrH18FlZsl5rDdfe,"You","You","Kuoga.",2019-10-12,196448,5,false,elitealienzz,2020-04-16T11:49:09Z,"","Kuoga.",0.745,0.489,0,-9.935,1,0.0319,0.578,0.803,0.105,0.0528,120.009,4
spotify:track:6ZFbXIJkuI1dVNWvzJzown,"Time","Inception (Music from the Motion Picture)","Hans Zimmer",2010-07-09,275556,73,false,elitealienzz,2020-04-16T11:44:11Z,"soundtrack,score","WaterTower Music",0.286,0.0968,7,-16.806,1,0.0323,0.178,0.696,0.0861,0.0395,62.881,4
spotify:track:4irYeuAi87yyGHcI4h9s0x,"Paris","Now The Moon's Rising","$uicideboy$",2015-11-20,111020,1,true,elitealienzz,2020-04-16T11:43:25Z,"emo rap,horrorcore,cloud rap,trap metal,underground hip hop","G59 Records, LLC",0.849,0.648,7,-6.188,1,0.0832,0.0725,0.00592,0.0984,0.196,106.075,4
spotify:track:0VJKBgobjYRe7BTy3fFAg7,"Anthrax","Unaverage Hustle","Unaverage Gang;Black Smurf",2018-03-04,121163,0,true,elitealienzz,2020-04-16T11:40:58Z,"horrorcore,cloud rap,underground hip hop,emo rap","UAV Records.",0.784,0.646,1,-9.358,1,0.0667,0.129,0.365,0.11,0.0991,159.988,4
spotify:track:59XIrAi7kSJqPzDtxIfMwf,"BlindHarper","IFeelLikeDirt","BONES",2019-11-29,109333,36,true,elitealienzz,2020-04-16T11:36:17Z,"cloud rap,emo rap,horrorcore,trap metal,underground hip hop","TeamSESH",0.68,0.208,10,-15.414,1,0.0366,0.347,0.0047,0.15,0.043,88.176,4
spotify:track:4Y8UPDfErs3n4ox554BRe3,"We Die Too","We Die Too","iamjakehill",2017-01-12,154562,38,true,elitealienzz,2020-04-16T11:33:46Z,"emo rap","629243 Records DK",0.733,0.635,8,-9.302,1,0.0765,0.0171,0.0000837,0.208,0.581,80.002,4
spotify:track:5F7je4ulcMuRHjuay5Di5A,"Are You Ready?","Are You Ready?","Papithbk",2019-06-25,134844,0,false,elitealienzz,2020-04-16T11:30:46Z,"","TEAMKUEI",0.841,0.52,8,-9.812,0,0.0476,0.0674,0,0.0671,0.133,106.946,4
spotify:track:3ldHQALvRnx28a4paD9Etr,"I Spoke to the Devil in Miami, He Said Everything Would Be Fine (Remix)","I Spoke to the Devil in Miami, He Said Everything Would Be Fine (Remix)","Erikthemc",2017-04-14,92121,36,true,elitealienzz,2020-04-16T11:22:41Z,"","Erikthemc",0.373,0.362,2,-14.856,1,0.0792,0.982,0.0137,0.143,0.212,84.89,4
spotify:track:01MJgnPL3AuwmYQ4EbHzD7,"Cambiare Adesso","Trap Lovers","Dark Polo Gang",2018-09-28,228975,0,true,elitealienzz,2020-04-16T11:19:05Z,"italian trap,trap","Universal Music Italia srL.",0.666,0.777,5,-3.143,0,0.0587,0.279,0.00000147,0.197,0.588,79.999,4
spotify:track:4AxnwDsuPBrgXTBqenWTiB,"I Think It's Time That I Emerge","Grim","OmenXIII",2017-04-26,172173,0,true,elitealienzz,2020-04-16T11:16:17Z,"trap metal,horrorcore,emo rap,cloud rap","_Blnk",0.875,0.332,1,-10.797,1,0.459,0.396,0.0000013,0.0884,0.38,123.964,4
spotify:track:4TnjEaWOeW0eKTKIEvJyCa,"Falling","Falling","Trevor Daniel",2018-10-05,159381,2,false,elitealienzz,2020-04-16T11:15:38Z,"","Alamo Records",0.785,0.431,10,-8.756,0,0.0364,0.123,0,0.0887,0.236,127.085,4
spotify:track:6lt8N5nSY1EaiyeDRAIwcW,"Contraband","Red Teenage Melody","Night Lovell",2016-06-14,227115,0,true,elitealienzz,2020-04-16T11:10:10Z,"emo rap,horrorcore,trap metal","Night Lovell",0.801,0.679,4,-8.733,0,0.0526,0.17,0.00000722,0.181,0.487,130.017,4
spotify:track:7KYqOYkVLGM5Oczg9HYQ33,"Got Six on It","Got Six on It","Unaverage Gang;Schizo",2018-06-12,181163,0,true,elitealienzz,2020-04-16T11:07:11Z,"horrorcore","UAV Records.",0.798,0.645,6,-10.105,0,0.141,0.084,0.000299,0.142,0.481,85.009,4
spotify:track:3uKuzjv4mqtAKT5jt9IZIE,"Pour Me","Side Effects II","Chetta",2018-10-31,110466,0,true,elitealienzz,2020-04-16T11:03:59Z,"horrorcore,trap metal","Paradise Records",0.685,0.454,2,-10.268,1,0.117,0.0344,0,0.0858,0.159,81.504,4
spotify:track:3Mns4Bp3YcGlXGTuGmd0Qd,"FACEPLANT","FACEPLANT","PRXJEK",2017-06-06,110811,0,true,elitealienzz,2020-04-16T10:59:30Z,"trap metal,horrorcore,emo rap,rap metal","PRXJEK",0.465,0.96,2,-4.772,1,0.467,0.0878,0.0000611,0.383,0.164,119.938,4
spotify:track:0wxwXyrJYHyGUKlBaCIhgp,"Squeeze","Hexada","Ghostemane",2017-09-05,140038,0,true,elitealienzz,2020-04-16T10:55:26Z,"trap metal,horrorcore,emo rap,cloud rap,rap metal","GHOSTEMANE",0.787,0.727,1,-7.194,1,0.265,0.000997,0.0017,0.376,0.21,141.52,4
spotify:track:0OlLxqpcMutBKFZctsRWHK,"XLR","NetworkUnknown","BONES",2017-11-17,190560,56,true,elitealienzz,2020-03-09T08:23:37Z,"cloud rap,emo rap,horrorcore,trap metal,underground hip hop","TeamSESH",0.572,0.377,2,-12.09,1,0.0437,0.521,0.0000296,0.101,0.0475,187.986,4
spotify:track:6fsypiJHyWmeINsOLC1cos,"Gatteka","N / O / I / S / E","Ghostemane",2018-10-10,112510,57,true,elitealienzz,2020-03-09T08:23:08Z,"trap metal,horrorcore,emo rap,cloud rap,rap metal","Blackmage",0.721,0.568,0,-11.295,1,0.414,0.0452,0.212,0.128,0.109,144.915,4
spotify:track:4DPOGe8bDiqWMDNmtu1k6K,"How She Walk","How She Walk","TheGrimLynn",2015-02-17,194213,0,true,elitealienzz,2020-03-09T08:18:37Z,"","TheGrimLynn",0.84,0.345,1,-16.285,1,0.0516,0.32,0.307,0.129,0.146,110.035,4
spotify:track:3PcrNUFsSYnkJJNE6roBKl,"Deira City Centre","Concept Vague","Night Lovell",2014-12-21,196826,1,true,elitealienzz,2020-03-09T08:18:11Z,"emo rap,horrorcore,trap metal","Night Lovell",0.677,0.655,7,-5.541,1,0.0433,0.0027,0.276,0.162,0.146,100.119,4
spotify:track:4MCJAWLCv4kpZp1EpFdFHn,"AngelDust","AngelDust","✦ pink cig ✦;Emo Fruits",2018-01-19,190693,0,true,elitealienzz,2020-03-09T08:10:31Z,"emo rap","independent",0.313,0.381,3,-8.819,0,0.0695,0.231,0,0.107,0.103,177.018,1
spotify:track:2mrahB94ZMxYU9WdldxMHT,"Backwoods","Kush Haze & Heartbreaks","Sin Davis",2019-03-29,112468,29,true,elitealienzz,2020-03-09T07:55:34Z,"german hip hop,cloud rap","recordJet",0.578,0.539,7,-14.23,1,0.0414,0.316,0.0685,0.102,0.585,154.029,4
spotify:track:0a7dm5jcVp3j0sQeq6GYyN,"Creepin n Lurkin","Before Y.O.T.R. Compilation","Bill $Aber",2017-03-27,114471,0,true,elitealienzz,2020-03-09T07:53:34Z,"trap metal,horrorcore","Bill $aber",0.546,0.787,6,-3.357,0,0.0456,0.000821,0.672,0.0905,0.266,130.113,4
spotify:track:73fQOGwLESAdLxm5Ob7RgX,"Briefumschläge","THESE DEMONS LAY ME DOWN","absent",2019-11-07,182000,29,true,elitealienzz,2020-03-09T07:50:33Z,"german hip hop,cloud rap","absent",0.778,0.385,0,-14.239,0,0.0791,0.65,0.00000155,0.107,0.347,139.963,4
spotify:track:2O9KgUsmuon6Gycdmagc6t,"Princess Bubblegum","Princess Bubblegum","ilyTOMMY",2018-07-30,95708,0,false,elitealienzz,2020-03-09T07:46:36Z,"","haroinfather",0.589,0.484,7,-11.613,1,0.0742,0.42,0.0385,0.109,0.0726,139.998,4
spotify:track:3ee8Jmje8o58CHK66QrVC2,"SAD!","?","XXXTENTACION",2018-03-16,166605,80,true,elitealienzz,2020-03-09T07:44:07Z,"emo rap","Bad Vibes Forever, LLC",0.74,0.613,8,-4.88,1,0.145,0.258,0.00372,0.123,0.473,75.023,4
spotify:track:7EnGzsqQi0bAVGQw8i4WIQ,"A Death In The Ocean Would Be Beautiful","My Liver Will Handle What My Heart Can't","$uicideboy$",2015-09-21,118236,0,true,elitealienzz,2020-03-09T07:39:08Z,"emo rap,horrorcore,cloud rap,trap metal,underground hip hop","G59 Records, LLC",0.81,0.524,5,-6.705,1,0.0441,0.0444,0.714,0.105,0.155,122.016,4
spotify:track:11p2ty4w5GpoFL4vcK0Cru,"Name in the Sand","Shelby","Lil Skies",2019-03-01,168751,56,true,elitealienzz,2020-03-09T07:36:38Z,"melodic rap","All We Got Ent.",0.646,0.656,11,-6.798,0,0.0743,0.0949,0,0.103,0.501,160.065,4
spotify:track:4mFPvh4KQcnHK3wT5NoLwu,"Wwaavvyy","Essentials","Oliver Francis",2017-04-03,191151,0,false,elitealienzz,2020-03-09T07:34:37Z,"emo rap,cloud rap,melodic rap","Oliver Francis",0.326,0.534,1,-11.564,1,0.0629,0.0829,0.901,0.111,0.109,139.943,4
spotify:track:4hnxhOKzgpx7WwhkVaC46v,"Deadline","FAILURE","BONES",2017-10-02,141432,26,true,elitealienzz,2020-03-09T07:34:08Z,"cloud rap,emo rap,horrorcore,trap metal,underground hip hop","TeamSESH",0.721,0.378,1,-12.922,1,0.118,0.288,0.00171,0.102,0.264,88.495,4
spotify:track:5LejJtlCXeikcjKRJDIbnj,"Fired Up","Fired Up","Unknown Brain;Taheran",2018-11-30,183692,0,false,elitealienzz,2020-03-09T07:29:31Z,"","NCS",0.366,0.66,1,-5.002,0,0.0462,0.0545,0,0.12,0.0874,128.825,4
spotify:track:7wvhjdsx5ZvuWhh1r86Xau,"Snake, Are You Okay?!","Smithy","Fukkit",2019-04-20,109790,0,true,elitealienzz,2020-03-09T07:29:01Z,"trap metal,horrorcore","Fukkit",0.937,0.405,1,-9.887,0,0.289,0.0317,0.000347,0.0528,0.664,139.952,4
spotify:track:6D2FVWRV55nSc3I3tg5fVx,"Last Time","Last Time","LEX;Yung Curve;FUNERAL FANTASIES",2019-04-20,208646,33,true,elitealienzz,2020-03-09T07:24:02Z,"","LEXIKA",0.715,0.429,6,-11.482,0,0.0286,0.14,0.0463,0.0802,0.152,97.621,4
spotify:track:7Hr2XoaGpIMKbNXCZDZ3le,"Awful Things","Come Over When You're Sober, Pt. 1","Lil Peep;Lil Tracy",2017-08-15,214426,0,false,elitealienzz,2020-03-09T07:21:32Z,"emo rap,cloud rap","Lil Peep",0.366,0.797,1,-4.923,0,0.0812,0.0157,0,0.0694,0.181,169.986,4
spotify:track:2gyaHS4Iv2FwJXJmzzo9H8,"black heart","black heart","mysticphonk",2018-12-28,108435,0,true,elitealienzz,2020-03-09T07:19:03Z,"emo rap","mysticphonk",0.619,0.329,7,-15.962,1,0.0298,0.65,0.298,0.287,0.369,113.006,4
spotify:track:6oMCEAO4CYW1uVAXTY36X6,"RIP Trust","RIP Trust","Night Lovell",2017-10-04,165230,0,true,elitealienzz,2020-03-09T07:14:04Z,"emo rap,horrorcore,trap metal","Night Lovell",0.793,0.625,9,-6.726,1,0.072,0.67,0.0000475,0.218,0.181,130.047,4
spotify:track:5rYpwP1dHWGVMrSZbTmt3e,"Life is Beautiful","Come Over When You're Sober, Pt. 2","Lil Peep",2018-11-09,207586,70,true,elitealienzz,2020-03-09T07:11:39Z,"emo rap,cloud rap","Columbia",0.533,0.638,10,-9.411,1,0.0636,0.0385,0.000932,0.0758,0.324,135.056,4
spotify:track:3qy4vT3XIV5Xr9ibFLJEcM,"Heartfelt","Everything Is So Beautiful","Alicks",2017-03-16,180035,8,false,elitealienzz,2020-03-09T07:07:06Z,"","Alicks",0.491,0.284,9,-21.977,1,0.0528,0.847,0.892,0.0829,0.248,60.006,4
spotify:track:7IztU6X7s6nbrTkuVSBTGv,"Scusa ma","Scusa ma","Quentin40;Dr. Cream",2018-05-18,141818,24,true,elitealienzz,2020-03-09T07:06:36Z,"italian trap","Urbana Label",0.666,0.622,0,-7.785,0,0.046,0.0744,0.0000527,0.0849,0.16,109.939,4
spotify:track:5m5aCXvh8q8fBNcGzneWQt,"CtrlAltDelete","UNRENDERED","BONES",2017-04-21,178166,0,true,elitealienzz,2020-03-09T06:59:07Z,"cloud rap,emo rap,horrorcore,trap metal,underground hip hop","TeamSesh",0.721,0.803,7,-9.115,0,0.0822,0.557,0.0000451,0.109,0.175,80.751,4
spotify:track:4zvaJ9kEyGoDzJiGzad1SJ,"48843","KickingTheBucket","BONES",2019-08-30,114504,45,true,elitealienzz,2020-03-09T06:57:07Z,"cloud rap,emo rap,horrorcore,trap metal,underground hip hop","TeamSESH",0.732,0.35,2,-12.875,1,0.21,0.0654,0.46,0.0934,0.0689,75.527,4
spotify:track:6VK6gTXFmXJRxvwb4aKQ9f,"Killing the Light","From the Shadows (Remix) - EP","Black Sun Empire;Inne Eysermans",2013-04-08,280465,3,false,elitealienzz,2020-03-09T06:49:11Z,"drum and bass,jungle,drumstep,spoken word","Black Sun Empire",0.35,0.574,7,-7.27,1,0.0533,0.0243,0.559,0.105,0.0452,86.522,4
spotify:track:0Be5uYsDo32cgB9K0Vm2eb,"Murderer's Regret","Spectrum","iamjakehill",2017-10-26,170912,30,true,elitealienzz,2020-03-08T22:09:06Z,"emo rap","629243 Records DK",0.728,0.624,2,-7.037,1,0.161,0.102,0.00065,0.0723,0.455,138.125,4
spotify:track:2H3wWrnO758y0fPH7Ilerg,"Depression & Obsession","17","XXXTENTACION",2017-08-25,144733,67,true,elitealienzz,2020-03-08T22:06:36Z,"emo rap","Bad Vibes Forever / EMPIRE",0.769,0.156,11,-10.7,0,0.035,0.585,0.015,0.102,0.527,105.95,4
spotify:track:2aD5ESGyEhXnXdoOsZvsR0,"Billets (feat. Ninho)","20 (Deluxe Edition)","Capo Plaza;Ninho",2018-11-30,198536,52,false,elitealienzz,2020-03-08T22:03:40Z,"italian trap,trap,french rap,pop urbaine","WM Italy",0.732,0.791,1,-5.642,1,0.191,0.298,0,0.175,0.609,123.101,4
spotify:track:45OpZSZG22inlUEIF1VlGK,"Androids Dream of Electric Sheep","N / O / I / S / E","Ghostemane",2018-10-10,212799,32,false,elitealienzz,2020-03-08T21:56:23Z,"trap metal,horrorcore,emo rap,cloud rap,rap metal","Blackmage",0.65,0.269,2,-15.729,1,0.042,0.535,0.834,0.41,0.0871,110.015,4
spotify:track:3cE4UNH9qcytquPyAhsm77,"Milano Ovest - feat. Marracash","Routine EP","Shiva;Marracash",2020-01-31,171200,51,true,elitealienzz,2020-03-08T21:52:47Z,"italian trap,concerto","Jive",0.498,0.804,7,-5.841,1,0.395,0.0628,0,0.195,0.54,82.612,1
spotify:track:7N0DvWyvki3UkzJLxOoael,"The Offering","Sundowning","Sleep Token",2019-11-21,349653,0,false,elitealienzz,2020-03-08T21:51:49Z,"progressive metal,metalcore","Spinefarm Records UK",0.48,0.861,6,-6.836,1,0.0477,0.00329,0.0559,0.0907,0.377,135.055,4
spotify:track:7a1D98IVXyVBKsq40imjyg,"Overdose","a modern tragedy vol. 1","grandson",2018-06-15,231213,46,false,elitealienzz,2020-03-08T21:36:00Z,"","Fueled By Ramen",0.529,0.686,4,-5.869,0,0.0579,0.00251,0.0965,0.22,0.116,144.033,4
spotify:track:5RTqexMb6mc93ZrRRXMBll,"Wer bin ich","Wer bin ich","Yungmon;LEX",2019-01-11,199009,19,true,elitealienzz,2020-03-08T21:27:12Z,"cloud rap","recordJet",0.673,0.331,2,-12.391,1,0.356,0.863,0,0.118,0.52,84.421,4
spotify:track:5XKZua8kqgHwcxeKiMIjge,"AirplaneMode","IFeelLikeDirt","BONES",2019-11-29,75428,66,true,elitealienzz,2020-03-08T21:23:45Z,"cloud rap,emo rap,horrorcore,trap metal,underground hip hop","TeamSESH",0.847,0.601,11,-6.311,0,0.103,0.163,0.787,0.11,0.548,139.996,4
spotify:track:6Gty7m1DoEz1IV5IqL5ZDL,"Losing Interest (feat. Lane 37)","Japan","CuBox;Shiloh Dynasty;Lane 37",2018-01-20,169950,0,false,elitealienzz,2020-03-08T21:21:17Z,"lo-fi","CuBox",0.85,0.36,1,-11.819,1,0.0539,0.663,0.715,0.245,0.229,112.933,4
spotify:track:1WfinKwhI48nCHwBhnJqkp,"FrostBite","IFeelLikeDirt","BONES",2019-11-29,131624,44,true,elitealienzz,2020-03-08T21:20:19Z,"cloud rap,emo rap,horrorcore,trap metal,underground hip hop","TeamSESH",0.784,0.432,0,-10.672,1,0.263,0.297,0.0000371,0.111,0.209,91.082,4
spotify:track:13QgW9JCyps7LAytEqGZZw,"INSIDE","GOODNIGHT LOVELL","Night Lovell;Lil Gnar",2019-02-22,115121,0,true,elitealienzz,2020-03-08T21:16:51Z,"emo rap,horrorcore,trap metal,melodic rap","SCPP",0.857,0.353,1,-6.146,1,0.077,0.374,0,0.133,0.0749,123.091,4
spotify:track:4tUN37E4dAY9uf82jNAXqZ,"I Miss My Ex","Disgrace","Josh A",2019-11-16,141306,34,true,elitealienzz,2020-03-08T21:13:24Z,"emo rap","Josh A",0.723,0.588,3,-7.729,1,0.0501,0.404,0,0.591,0.411,109.994,4
spotify:track:6xb5UVIfZkts8V7ClVYsvc,"Drowning","Drowning","Brennan Savage;fish narc",2018-10-04,185624,38,false,elitealienzz,2020-03-08T21:06:29Z,"emo rap,cloud rap","Brennan Savage & Fish Narc",0.565,0.457,11,-10.859,0,0.0326,0.0273,0,0.108,0.211,128.073,4
spotify:track:2665YLaM0dLaIhkjpUHT7k,"SCACCIACANI - feat. Massimo Pericolo - prod. Crookers & Nic Sarno","SCACCIACANI (feat. Massimo Pericolo - prod. Crookers & Nic Sarno)","Ketama126;Massimo Pericolo",2019-05-24,219947,47,true,elitealienzz,2020-03-08T03:10:07Z,"italian trap","Epic",0.651,0.649,0,-4.363,0,0.0366,0.237,0,0.128,0.455,133.971,4
spotify:track:285pBltuF7vW8TeWk8hdRR,"Lucid Dreams","Goodbye & Good Riddance","Juice WRLD",2018-12-10,239835,84,true,elitealienzz,2020-03-08T03:05:40Z,"melodic rap,emo rap","Juice WRLD Mixtape / ISR P&D",0.511,0.566,6,-7.23,0,0.2,0.349,0,0.34,0.218,83.903,4
spotify:track:4AO1XhrgJczQ9bNVxdfKQe,"WHAT TO DO? (feat. Don Toliver)","JACKBOYS","JACKBOYS;Travis Scott;Don Toliver",2019-12-27,250141,69,true,elitealienzz,2020-03-08T03:02:41Z,"rap","Cactus Jack/Epic",0.643,0.594,9,-5.191,0,0.0312,0.0695,0.0000146,0.115,0.195,118.037,4
spotify:track:4p4paSLA24MCEHmpXzOYPB,"Pentacles (feat. Omen Xiii & Killstation)","Blackmage","Ghostemane;Omen Xiii;Killstation",2016-07-03,202474,34,true,elitealienzz,2020-03-08T02:58:46Z,"trap metal,horrorcore,emo rap,cloud rap,rap metal","GHOSTEMANE",0.678,0.62,1,-11.485,1,0.352,0.42,0.0000352,0.11,0.202,110.116,4
spotify:track:2PiOOefIFvxLsvI1p0JBd1,"Allein Sein","Allein Sein","Saint Purple;absent",2019-03-03,204000,29,true,elitealienzz,2020-03-08T02:47:51Z,"german hip hop,cloud rap","899148 Records DK",0.684,0.47,11,-12.805,1,0.0835,0.571,0.0000741,0.0917,0.403,135.052,4
spotify:track:4EfcBQEzf6D3h2VrLD4tsX,"Us vs the World","Us vs the World","ilyTOMMY",2019-03-02,122150,0,false,elitealienzz,2020-03-08T02:45:22Z,"","haroinfather",0.826,0.26,2,-15.202,1,0.168,0.538,0,0.0898,0.245,110.079,4
spotify:track:7yYegdhi4lwCPPmyROOr4O,"Tuta Black","Tuta Black","Paky;Shiva",2019-11-20,195692,48,true,elitealienzz,2020-03-08T02:42:28Z,"italian trap,concerto","Cantera srl",0.835,0.606,2,-8.139,1,0.141,0.163,0,0.097,0.346,129.938,4
spotify:track:7uHRKSQ9WIlBBuBY7BHcbq,"Forever","Forever","ilyTOMMY",2019-03-08,108695,0,false,elitealienzz,2020-03-08T02:38:30Z,"","haroinfather",0.613,0.339,5,-14.908,0,0.135,0.678,0,0.166,0.292,106.582,5
spotify:track:6juVyvtP06MBOCG7XdidsM,"Empty","XXXTENTACION Presents: Members Only, Vol. 4","Cooliecut;Craig Xen;Kin$oul;Ski Mask The Slump God",2019-01-23,226285,36,true,elitealienzz,2020-03-08T02:34:02Z,"trap metal,emo rap","Members Only / EMPIRE",0.707,0.488,6,-7.71,1,0.293,0.291,0.000298,0.126,0.43,139.89,4
spotify:track:2dby0axHrEe8giubhqg0Yo,"Yawarakai","Japan","CuBox",2018-01-20,182971,0,false,elitealienzz,2020-03-08T02:28:33Z,"","CuBox",0.708,0.562,2,-14.818,1,0.0389,0.192,0.872,0.0876,0.0653,109.996,4
spotify:track:1psZE1DUCCXQxzTgy0iiSo,"Sleepless","Disgrace","Josh A",2019-11-16,162691,36,true,elitealienzz,2020-03-08T02:23:35Z,"emo rap","Josh A",0.767,0.42,3,-7.769,0,0.0433,0.379,0,0.112,0.555,80,4
spotify:track:36V4aP2bpDUuvBYcpku9LI,"Pure Imagination","Our Remedy","Unclenathannn;Shiloh Dynasty",2018-03-19,99838,0,true,elitealienzz,2020-03-08T02:18:39Z,"lo-fi","811786 Records DK",0.824,0.0312,7,-15.873,1,0.0921,0.765,0.0000755,0.0845,0.314,72.727,3
spotify:track:7EpACeh5ooHUb0AnQ3f3Xl,"Uppercuts","Uppercuts","Terror Reid",2017-04-07,180000,0,true,elitealienzz,2020-03-08T02:16:11Z,"horrorcore","Shred Collective",0.544,0.812,1,-6.431,1,0.393,0.0185,0,0.481,0.678,183.529,4
spotify:track:4GkHLa5IBnGiart95CmZQJ,"Autostima","Autostima","PSICOLOGI",2019-04-23,148205,0,false,elitealienzz,2020-03-08T02:12:41Z,"concerto","Universal Music Italia srL.",0.475,0.618,0,-7.928,1,0.209,0.673,0,0.0826,0.285,71.551,4
spotify:track:3YreXzJAZRrchO72v5G5K9,"RedRover","UnderTheWillowTree","BONES",2019-05-03,123624,41,true,elitealienzz,2020-03-08T02:12:11Z,"cloud rap,emo rap,horrorcore,trap metal,underground hip hop","TeamSESH",0.552,0.598,6,-9.529,0,0.0983,0.000423,0.139,0.0805,0.442,77.567,4
spotify:track:5wyHCApLMsHnBrgWWlPWUE,"Hell of a Night","3000 X Lila","Sin Davis",2019-08-30,175201,1,true,elitealienzz,2020-03-08T02:08:15Z,"german hip hop,cloud rap","Checkmate",0.557,0.576,2,-9.047,1,0.0327,0.241,0.401,0.117,0.208,153.886,4
spotify:track:7iBEOLwjgoPVOXBNKwdoiq,"Trap Phone (feat. Capo Plaza)","Trap Phone (feat. Capo Plaza)","Guè;Capo Plaza",2018-09-07,200533,29,true,elitealienzz,2020-03-08T02:00:50Z,"italian trap,concerto,trap","Universal Music Italia srL.",0.749,0.664,1,-5.414,0,0.0591,0.11,0,0.296,0.248,118.032,4
spotify:track:3kaYDEnV4YfzL6PObQDjEt,"Le darò 1 passà","40","Quentin40;Dr. Cream",2019-03-29,171693,19,true,elitealienzz,2020-03-08T01:58:21Z,"italian trap","Urbana Label",0.721,0.453,5,-7.838,0,0.0327,0.0845,0.0207,0.13,0.107,119.968,4
spotify:track:6fHkpJ8lv3NjRjUtLPFHXq,"Borotalco (feat. Carl Brave x Franco 126)","Enemy","Noyz Narcos;Carl Brave x Franco126",2018-04-13,250346,49,false,elitealienzz,2020-03-08T01:53:54Z,"italian trap,indie","Universal Music Italia srL.",0.683,0.773,6,-6.481,1,0.212,0.0599,0.00000173,0.103,0.303,126.066,4
spotify:track:0Ir11417mgoTw6cPxhFaF1,"WHERE'S MY MONEY","GOODNIGHT LOVELL","Night Lovell",2019-02-22,176612,0,true,elitealienzz,2020-03-08T01:50:56Z,"emo rap,horrorcore,trap metal","SCPP",0.786,0.542,10,-8.616,0,0.0421,0.335,0.0000178,0.156,0.335,125.045,4
spotify:track:6WkJ2OK163XXS2oARUC9JM,"Dancin (feat. Luvli) - Krono Remix","Dancin (feat. Luvli) [Krono Remix]","Aaron Smith;Krono;Luvli",2014-11-07,198053,78,false,elitealienzz,2020-03-08T01:48:06Z,"","Sony Music Entertainment",0.72,0.741,10,-6.529,0,0.0287,0.101,0.0000141,0.289,0.357,119.896,4
spotify:track:3nF5bxOE63ZU6JiU4IJQB8,"Extinction","Extinction","Killstation",2018-03-17,84558,0,false,elitealienzz,2020-03-08T01:43:09Z,"emo rap,trap metal,cloud rap,horrorcore","Killstation",0.549,0.497,3,-8.645,0,0.22,0.00436,0,0.0698,0.113,65.919,3
spotify:track:56TOfxnRzSRbFRw8J6C4IT,"Suicidal Thoughts","Better off Dead","Josh A;iamjakehill",2017-10-19,181727,57,true,elitealienzz,2020-03-08T01:39:41Z,"emo rap","Josh A & Iamjakehill",0.372,0.664,1,-6.084,1,0.0629,0.213,0,0.418,0.144,140.18,4
spotify:track:4SpV49wwekArulAVjEez3i,"BRAVI A CADERE - I polmoni","Persona","Marracash",2019-10-31,200214,0,true,elitealienzz,2020-03-08T01:36:43Z,"concerto,italian trap","Universal Music Italia srL.",0.608,0.693,5,-5.676,0,0.103,0.163,0,0.104,0.276,95.005,4
spotify:track:0bR5toWZhp1xy1M0HtiCjM,"Løyndomsriss","Runaljod - gap var Ginnunga","Wardruna",2009-01-19,195000,0,false,elitealienzz,2020-03-08T01:32:46Z,"neofolk,ambient folk,celtic,mediaeval,folk metal,folk","Indie Recordings",0.0911,0.181,7,-22.492,1,0.0348,0.49,0.946,0.111,0.108,75.124,3
spotify:track:46eK1kembooWblMi7M7yLM,"Look at Me Now","Look at Me Now","Brennan Savage",2017-07-01,150000,63,true,elitealienzz,2020-03-08T01:25:20Z,"emo rap,cloud rap","Brennan Savage",0.649,0.538,0,-9.793,0,0.0918,0.0483,0.401,0.0928,0.355,160.075,4
spotify:track:67e7sjTnaFwo3C4HKZveNd,"Numb","Numb","Brennan Savage",2017-07-11,126252,47,true,elitealienzz,2020-03-08T01:23:22Z,"emo rap,cloud rap","Brennan Savage",0.552,0.673,11,-10.4,1,0.0531,0.0626,0.194,0.268,0.101,124.985,4
spotify:track:2yZax79pOrYuyIFVW2cZY2,"Carry On","17","XXXTENTACION",2017-08-25,129720,69,true,elitealienzz,2020-03-08T01:19:54Z,"emo rap","Bad Vibes Forever / EMPIRE",0.735,0.197,3,-13.378,0,0.537,0.768,0.000276,0.296,0.383,147.899,4
spotify:track:4Zp59WrDz2WRGYSEu98OFv,"Horns","Bad Habits","KUURO;Tylor Maurer",2019-04-29,191270,18,false,elitealienzz,2020-03-08T01:11:01Z,"dubstep","Monstercat",0.394,0.874,11,-4.381,0,0.471,0.00418,0.014,0.367,0.36,147.574,4
spotify:track:2MQEEtAmNORiY49dJ9NCUy,"Disgrace","Disgrace","Josh A",2019-11-16,166670,39,true,elitealienzz,2020-03-08T01:08:31Z,"emo rap","Josh A",0.673,0.63,9,-7.69,1,0.1,0.0578,0,0.341,0.61,161.951,4
spotify:track:2otr8unXaKEhFUquQ4Lv8I,"01000100 01010000 01010011 00101011","Decode","OmenXIII",2017-08-18,150047,0,true,elitealienzz,2020-03-08T01:04:33Z,"trap metal,horrorcore,emo rap,cloud rap","_Blnk",0.54,0.791,2,-5.873,0,0.0348,0.0427,0,0.0859,0.121,80.04,4
spotify:track:1Wbc0N0X1zkFqnKGcj8Quh,"Polo nord - C+N Progressive Mix","Scialla Semper (Emodrill Repack)","Massimo Pericolo;Crookers;Nic Sarno",2019-09-27,249303,0,true,elitealienzz,2020-03-08T01:01:05Z,"italian trap","Pluggers",0.645,0.895,6,-4.786,1,0.0347,0.00619,0.00297,0.261,0.174,126.011,4
spotify:track:1TisGU2iKuIvJUm23gAg6d,"Jungle Klipped (feat. ZillaKami)","Jungle Klipped (feat. ZillaKami)","XZARKHAN;ZillaKami",2017-10-20,130063,41,false,elitealienzz,2020-03-08T00:58:36Z,"trap metal,horrorcore,rap metal,emo rap","XZENITH",0.607,0.719,8,-4.086,1,0.117,0.0277,0,0.465,0.213,140.08,4
spotify:track:0Nklf6pyZFbkQZFX8fCkfC,"You Feel Me","Thbk","Papithbk",2018-10-24,111856,0,true,elitealienzz,2020-03-08T00:56:08Z,"","CLOUTRECORDS",0.808,0.693,4,-8.559,0,0.269,0.329,0.000522,0.081,0.218,110.089,4
spotify:track:3bNCifwGPjqeeqzpjrFG9k,"Magazine","Radical $uicide","$uicideboy$",2016-07-22,131500,0,true,elitealienzz,2020-03-08T00:54:08Z,"emo rap,horrorcore,cloud rap,trap metal,underground hip hop","G59 Records, LLC",0.881,0.903,8,-0.955,1,0.0813,0.267,0.00253,0.109,0.272,119.994,4
spotify:track:1jWJcuTUgO99gntArSPmrB,"BUMBLE BEE","GOODNIGHT LOVELL","Night Lovell",2019-02-22,154947,0,true,elitealienzz,2020-03-08T00:51:42Z,"emo rap,horrorcore,trap metal","SCPP",0.84,0.4,5,-11.807,0,0.0516,0.698,0.00143,0.116,0.381,124.009,4
spotify:track:3Fg5uhtWBlW0es8GSqQ6Ff,"Mortals","Mortals","Warriyo",2016-12-15,228340,1,false,elitealienzz,2020-03-08T00:46:15Z,"","NCS",0.323,0.657,2,-6.097,0,0.0458,0.0249,0.0691,0.157,0.0744,90.075,4
spotify:track:0uqVi0wspeoZGLE72G8Vhb,"If I Had a Heart","Fever Ray","Fever Ray",2009,228400,0,true,elitealienzz,2020-03-08T00:39:48Z,"art pop","Rabid Records",0.411,0.237,4,-16.184,1,0.0293,0.79,0.819,0.108,0.117,170.064,4
spotify:track:47LtrwHsvdLMwViA88E3mY,"Fukk CodeRED","Fukk CodeRED","Night Lovell;Lil West",2019-08-20,204451,0,false,elitealienzz,2020-03-08T00:37:22Z,"emo rap,horrorcore,trap metal","FM Group",0.873,0.412,0,-7.157,1,0.0763,0.131,0,0.247,0.0778,115.024,4
spotify:track:5uXwEZu4Xr7uC88JbKWBw4,"SPARA","KETY","Ketama126",2019-10-18,219680,0,true,elitealienzz,2020-03-08T00:32:53Z,"italian trap","Epic",0.614,0.532,9,-8.276,1,0.0604,0.00473,0.0000119,0.14,0.163,133.96,4
spotify:track:1yjcRa4ITYNJLV1mSup6RV,"Give Back My Life","Ashtray","JEFFREY OLIVER",2019-05-01,192000,0,true,elitealienzz,2020-03-08T00:29:26Z,"emo rap","Losertown",0.67,0.327,7,-13.967,0,0.0986,0.868,0.00133,0.114,0.519,159.995,4
spotify:track:1ymg0LMQyOzTnGaF3YINK9,"IndecisiveBrainOfMine","NetworkUnknown","BONES",2017-11-17,178944,23,true,elitealienzz,2020-03-08T00:26:39Z,"cloud rap,emo rap,horrorcore,trap metal,underground hip hop","TeamSESH",0.655,0.553,3,-10.544,0,0.0401,0.92,0.882,0.178,0.0657,106.989,4
spotify:track:2hvreRJIcNs4SCgxGpdI4H,"Universe","Kush Haze & Heartbreaks","Sin Davis;Yung Vision",2019-03-29,175287,33,true,elitealienzz,2020-03-08T00:24:01Z,"german hip hop,cloud rap","recordJet",0.691,0.48,11,-10.449,1,0.0434,0.118,0.0000484,0.11,0.423,122.012,4
spotify:track:0w616hBg9NFBhAXD2MaBBB,"Fare Chiasso (feat. Quentin40 & Rkomi)","Mattoni","Night Skinny;Quentin40;Rkomi",2019-09-12,219127,47,true,elitealienzz,2020-03-08T00:20:32Z,"italian trap,concerto","Universal Music Italia srL.",0.749,0.615,4,-9.2,0,0.283,0.192,0,0.16,0.198,92.022,4
spotify:track:7AFASza1mXqntmGtbxXprO,"changes","?","XXXTENTACION",2018-03-16,121886,74,false,elitealienzz,2020-03-08T00:18:02Z,"emo rap","Bad Vibes Forever, LLC",0.669,0.308,11,-10.068,1,0.029,0.883,0,0.0984,0.52,64.934,4
spotify:track:6AKqVVtUx9CIz38zwjytbm,"hell","hell","førget.",2018-09-20,127862,31,false,elitealienzz,2020-03-08T00:16:04Z,"witch house,drift phonk","Independent",0.277,0.762,1,-4.763,1,0.0842,0.0275,0.181,0.338,0.135,160.585,4
spotify:track:2tHULRe0mP0jAKeUhD3yHe,"StormDamage (ПоследствияУрагана)","CARCASS","BONES",2018-01-03,172320,26,true,elitealienzz,2020-03-08T00:10:08Z,"cloud rap,emo rap,horrorcore,trap metal,underground hip hop","TeamSESH",0.69,0.449,11,-13.918,0,0.0288,0.162,0.865,0.105,0.118,99.95,4
spotify:track:4Fs1sEg9Mwn6vykFD89xvc,"Fuoco e benzina","Supereroe","Emis Killa",2018-10-12,209179,58,true,elitealienzz,2020-03-08T00:07:39Z,"italian trap","Carosello Records",0.682,0.711,5,-5.781,1,0.112,0.0497,0,0.0986,0.515,79.92,4
spotify:track:21TFfQtPoXy2PTkUCYDEmz,"Moonlight","Moonlight","Kuoga.;Elko",2019-03-13,192000,0,false,elitealienzz,2020-03-08T00:02:41Z,"emo rap","Killabite Media",0.483,0.52,11,-9.647,0,0.0541,0.26,0.00184,0.0796,0.173,100.124,4
spotify:track:5u0ST4fd1oLp4SOpoWWXGl,"COTTON HOLLOW","ALL-AMERICAN TRASH","BROCKHAMPTON",2016-04-11,253074,30,true,elitealienzz,2020-03-07T23:52:48Z,"","QUESTION EVERYTHING, INC. / EMPIRE",0.695,0.372,0,-13.224,0,0.065,0.716,0.000578,0.18,0.193,129.967,4
spotify:track:3PlVfvk9QMEjjI5e7txU7b,"Diploma","Diploma","PSICOLOGI",2019-03-12,147400,0,false,elitealienzz,2020-03-07T23:49:50Z,"concerto","Universal Music Italia srL.",0.527,0.358,10,-13.466,1,0.0528,0.655,0,0.093,0.406,149.568,4
spotify:track:63biRmMYSLjClGv5arakyn,"Branches","Disgrace","BONES",2017-01-11,123166,0,true,elitealienzz,2020-03-07T23:47:22Z,"cloud rap,emo rap,horrorcore,trap metal,underground hip hop","TeamSesh",0.595,0.333,6,-13.235,1,0.0416,0.474,0.0268,0.0998,0.105,124.993,4
spotify:track:6Hj9jySrnFppAI0sEMCZpJ,"Robbery","Death Race For Love","Juice WRLD",2019-03-08,240050,4,true,elitealienzz,2020-03-07T23:39:32Z,"melodic rap,emo rap","Grade A Productions/Interscope Records",0.685,0.692,2,-5.122,1,0.0457,0.328,0,0.153,0.578,159.966,5
spotify:track:6MxhAD7FwoBQabntab2qG9,"Idfc","Deadroses","blackbear",2015-02-14,245172,0,true,elitealienzz,2020-03-07T23:32:12Z,"","Beartrap",0.63,0.5,1,-8.755,0,0.0611,0.611,0.0000404,0.114,0.315,144.871,4
spotify:track:7hTfDiFvdUn2E9w4NWg2u8,"Inferno","NetworkUnknown","BONES",2017-11-17,100728,24,true,elitealienzz,2020-03-07T23:30:11Z,"cloud rap,emo rap,horrorcore,trap metal,underground hip hop","TeamSESH",0.669,0.929,11,-6.421,0,0.0436,0.146,0.00113,0.269,0.356,127.975,4
spotify:track:1CRIWwgK3gjQ3kEQ90URkF,"PalmDrive","IFeelLikeDirt","BONES",2019-11-29,125750,40,true,elitealienzz,2020-03-07T23:29:12Z,"cloud rap,emo rap,horrorcore,trap metal,underground hip hop","TeamSESH",0.702,0.428,8,-12.096,1,0.0377,0.121,0.0424,0.085,0.0795,115.017,4
spotify:track:1Um5CbRLUFYPF7onlsUVcB,"Designer Belt","Ashtray","JEFFREY OLIVER",2019-05-01,117333,0,true,elitealienzz,2020-03-07T23:26:14Z,"emo rap","Losertown",0.76,0.274,8,-11.764,0,0.0376,0.154,0.000029,0.112,0.29,90.014,4
spotify:track:6mdMz0aTPcP4xPz4DOsp0W,"Po'ed Up (feat. Gunna)","Po'ed Up (feat. Gunna)","Paris Shadows;Gunna",2018-04-04,163906,39,true,elitealienzz,2020-03-07T23:23:45Z,"emo rap,melodic rap","300 Entertainment",0.753,0.78,9,-5.835,1,0.0826,0.0258,0,0.0694,0.534,163.962,4
spotify:track:3SVP51u0DX9GBliFhjCAeq,"Devil Speaks","LET THE WORLD BURN","PRXJEK",2017-06-15,154566,0,true,elitealienzz,2020-03-07T23:12:56Z,"trap metal,horrorcore,emo rap,rap metal","PRXJEK",0.305,0.82,8,-4.988,1,0.114,0.0475,0.00156,0.196,0.164,172.935,4
spotify:track:5BUq6VwTlnkM2mIf0K0mlZ,"In the Moment","In the Moment","Brennan Savage;Drippin So Pretty",2019-09-16,179200,32,true,elitealienzz,2020-03-07T23:10:26Z,"emo rap,cloud rap","Brennan Savage",0.582,0.545,8,-10.689,1,0.0567,0.264,0.000309,0.0938,0.16,149.986,4
spotify:track:6NnO2rbViEDhX6wewADukc,"Casa Mia (feat. Luchè & Capo Plaza)","Enemy","Noyz Narcos;Luchè;Capo Plaza",2018-04-13,162160,47,false,elitealienzz,2020-03-07T23:06:57Z,"italian trap,concerto,canzone napoletana,trap","Universal Music Italia srL.",0.465,0.738,1,-7.872,1,0.375,0.142,0,0.335,0.289,188.133,4
spotify:track:60Y7Xnr9zGiwdU6cJhgTo0,"BORN OUT THE PIT","BORN OUT THE PIT","Cameron Azi;$ubjectz;GCSY",2019-11-15,102471,25,true,elitealienzz,2020-03-07T23:05:59Z,"trap metal,horrorcore,rap metal","GCSY",0.413,0.838,3,-5.362,0,0.22,0.162,0,0.395,0.265,178.096,4
spotify:track:28xkYPSP0P5xu5vT6MQfCy,"Okay,ButThisIsTheLastTime","Frayed","BONES",2015-09-26,123053,0,true,elitealienzz,2020-03-07T23:03:29Z,"cloud rap,emo rap,horrorcore,trap metal,underground hip hop","TeamSesh",0.755,0.298,1,-15.032,1,0.0915,0.154,0.329,0.101,0.0372,99.979,4
spotify:track:7h7Y5sDHeqPudsaI06gYdd,"Opal Ring","My Liver Will Handle What My Heart Can't","$uicideboy$",2015-09-21,120186,0,true,elitealienzz,2020-03-07T09:31:02Z,"emo rap,horrorcore,cloud rap,trap metal,underground hip hop","G59 Records, LLC",0.725,0.534,10,-6.275,0,0.0398,0.201,0,0.114,0.0395,120.009,3
spotify:track:37fcOImXwKOFOUwKYud0W0,"CharacterSelect (ВыборПерсонажа)","CARCASS","BONES",2018-01-03,140750,0,true,elitealienzz,2020-03-07T09:28:33Z,"cloud rap,emo rap,horrorcore,trap metal,underground hip hop","TeamSesh",0.76,0.576,1,-8.238,1,0.0491,0.11,0.00000341,0.194,0.184,109.041,4
spotify:track:6TW07j5ZD7YVNpYSTNfxXK,"Changing of the Tides","Hexada","Ghostemane",2017-09-05,172173,0,false,elitealienzz,2020-03-07T09:26:03Z,"trap metal,horrorcore,emo rap,cloud rap,rap metal","GHOSTEMANE",0.652,0.226,6,-11.012,1,0.0316,0.663,0.677,0.101,0.132,92.001,4
spotify:track:4cOoiy20fOCGb2njsr6J8r,"GangShit","GangShit","$ubjectz;ZillaKami;Cameron Azi",2018-03-17,138000,20,true,elitealienzz,2020-03-07T09:23:34Z,"trap metal,horrorcore,rap metal,emo rap","$ubjectz",0.59,0.853,1,-6.03,0,0.541,0.0538,0,0.354,0.401,141.995,4
spotify:track:5DKGxIdo4LMNzvUlYDEMC1,"I Didn't Want to Do It This Way, But","Grim","OmenXIII",2017-04-26,156160,0,true,elitealienzz,2020-03-07T09:18:35Z,"trap metal,horrorcore,emo rap,cloud rap","_Blnk",0.794,0.384,2,-11.663,1,0.133,0.436,0.0000244,0.108,0.0407,123.068,4
spotify:track:4rLltALU0JVawcOAA88bnQ,"Afterlife","Afterlife","Brennan Savage",2017-07-25,162000,47,true,elitealienzz,2020-03-07T09:11:10Z,"emo rap,cloud rap","Brennan Savage",0.628,0.53,10,-9.663,0,0.0855,0.0608,0,0.0642,0.203,95.006,4
spotify:track:0LSzBkkQZZkwV656r6etLg,"Bury Me Face Down","Bury Me Face Down","grandson",2016-12-16,231666,55,false,elitealienzz,2020-03-07T09:06:09Z,"","Latium Records/RCA Records/Sony Music",0.39,0.629,1,-4.876,0,0.0469,0.0187,0.0000412,0.0658,0.162,141.983,4
spotify:track:4Mqfhqtb5WmondLWYsCCrz,"The Boys Are Back In Town","Sensational","Yung Gravy;Pouya;Ramirez;TrippyThaKid",2019-05-31,147906,57,true,elitealienzz,2020-03-07T09:03:35Z,"horrorcore,emo rap,trap metal,underground hip hop,cloud rap","Republic Records",0.853,0.701,8,-5.908,1,0.34,0.212,0,0.142,0.643,155.072,4
spotify:track:0LRxL4NW5WyOH5bK2suB4W,"Gucci Benz","Chic Nisello","Vegas Jones;Emis Killa",2017-01-26,170890,0,true,elitealienzz,2020-03-07T08:57:11Z,"italian trap","Dogozilla Empire",0.52,0.634,2,-10.566,1,0.468,0.0508,0,0.119,0.344,124.84,5
spotify:track:7wUwiBPdBHOFP7e14KUEw2,"YouMadeYourBed,NowLieInIt","NoRedeemingQualities","BONES",2017-06-16,104064,48,true,elitealienzz,2020-03-07T08:49:34Z,"cloud rap,emo rap,horrorcore,trap metal,underground hip hop","TeamSESH",0.836,0.431,7,-10.922,0,0.194,0.382,0.16,0.112,0.422,150.058,4
spotify:track:5VvxpxjJc88j1rWLXwbmmA,"Uber","Uber","absent",2018-12-30,196000,26,true,elitealienzz,2020-03-07T08:47:09Z,"german hip hop,cloud rap","absent",0.691,0.538,10,-11.977,0,0.0611,0.169,0.0771,0.107,0.291,79.986,4
spotify:track:5C6UoWO8yA33mdkRTv2Pdg,"Darkness","Disgrace","Josh A;Lil Revive",2019-11-16,112076,46,true,elitealienzz,2020-03-07T08:44:35Z,"emo rap","Josh A",0.804,0.521,10,-7.753,1,0.0605,0.534,0,0.247,0.648,90.032,4
spotify:track:34BjpCWg9uTA5n98hwTM4q,"Led","Led","GOTOU寄生獣;OmenXIII",2019-08-10,134443,0,true,elitealienzz,2020-03-07T08:42:05Z,"trap metal,horrorcore,emo rap,cloud rap","GOTOU寄生獣",0.629,0.667,1,-7.345,1,0.0459,0.00118,0,0.133,0.0965,99.947,4
spotify:track:3jENnZADFGe91pCwROT4Z4,"AM/PM","Dark Side Of The Clouds","$uicideboy$",2016-02-03,124865,0,true,elitealienzz,2020-03-07T08:40:06Z,"emo rap,horrorcore,cloud rap,trap metal,underground hip hop","G59 Records, LLC",0.701,0.555,8,-8.142,1,0.518,0.244,0.00000152,0.108,0.34,200.115,4
spotify:track:0zCgWGmDF0aih5qexATyBn,"After Dark","Time","Mr.Kitty",2014-08-08,257147,2,false,elitealienzz,2020-03-07T08:37:08Z,"witch house,darkwave","Juggernaut Music Group",0.579,0.601,8,-10.492,1,0.0322,0.0673,0.414,0.0778,0.0392,140.019,4
spotify:track:5rQCG2Hqm1VtQIdCA53TZy,"MENTAL SLAVERY","GOODNIGHT LOVELL","Night Lovell;Lil West",2019-02-22,172661,0,true,elitealienzz,2020-03-07T08:34:34Z,"emo rap,horrorcore,trap metal","SCPP",0.734,0.555,1,-5.303,0,0.0579,0.183,0,0.109,0.24,139.024,4
spotify:track:6LzbTeCW6jVaZjSjfrTCQH,"why am i here","why am i here","longlost;Bonjr",2017-11-28,218723,0,false,elitealienzz,2020-03-07T08:30:43Z,"dark ambient","longlost",0.422,0.781,1,-5.967,1,0.0695,0.169,0.252,0.458,0.135,89.863,4
spotify:track:282k3FBavSZ9RJ65rm9CP4,"Sodium","SoThereWeStood","BONES",2015-01-05,115333,0,true,elitealienzz,2020-03-07T08:28:10Z,"cloud rap,emo rap,horrorcore,trap metal,underground hip hop","TeamSesh",0.756,0.317,4,-15.468,0,0.0703,0.199,0.874,0.0746,0.108,121.001,4
spotify:track:4ALZ8gmNvmtOVNkZwK19dC,"RepeatInfinite","BreathingExercise","surrenderdorothy",2018-06-08,119333,46,true,elitealienzz,2020-03-07T08:25:36Z,"cloud rap,emo rap","SurrenderDorothy",0.6,0.245,1,-15.628,1,0.0342,0.245,0.596,0.117,0.179,80.278,4
spotify:track:6vkczNPCftHsMJpjYYiXDp,"Banded Up (feat. XXXTENTACION)","Banded Up (feat. XXXTENTACION)","RONNY J;XXXTENTACION",2018-02-15,239813,45,true,elitealienzz,2020-03-07T08:22:12Z,"argentine trap,emo rap","independently popular.",0.698,0.731,7,-3.46,1,0.15,0.0521,0,0.122,0.312,157.035,4
spotify:track:3q8ms2oRMFsyxUYYKDiXIP,"GOSHA","GOSHA","$NOT",2018-09-14,120000,0,true,elitealienzz,2020-03-07T08:16:32Z,"","$NOT",0.819,0.462,0,-9.638,0,0.485,0.814,0.0000162,0.318,0.5,159.873,4
spotify:track:6VRwEqn7BvsN0dChfDrMAf,"KIKA","DUMMY BOY","6ix9ine;Tory Lanez",2018-11-27,136031,0,true,elitealienzz,2020-03-07T08:14:03Z,"","Create Music Group",0.745,0.715,1,-3.368,0,0.245,0.128,0,0.182,0.342,94.513,4
spotify:track:6QaQsgzPy8CcoFeLyYXWqX,"Castaway","Castaway","3NIGMA",2019-02-17,82076,0,false,elitealienzz,2020-03-07T08:09:04Z,"","3Nigma",0.597,0.239,7,-12.703,0,0.0393,0.6,0.00359,0.102,0.358,109.941,4
spotify:track:4jY07rVNcB8rUryrT6Dq1c,"Xanny Bars 222","Beautiful Strangers","✦ pink cig ✦",2019-06-28,159033,0,true,elitealienzz,2020-03-07T08:06:34Z,"emo rap","GRXTESQUE",0.365,0.452,4,-9.422,0,0.0732,0.291,0.0000164,0.109,0.034,93.583,5
spotify:track:2lcAm93KSry5c6vOgE4Sak,"Ansia","Scialla Semper (Emodrill Repack)","Massimo Pericolo;Ugo Borghetti",2019-09-27,216000,0,true,elitealienzz,2020-03-07T08:01:36Z,"italian trap","Pluggers",0.608,0.757,2,-5.141,1,0.371,0.323,0,0.282,0.278,78.098,4
spotify:track:6s1uObcOTyiLlm22qRf12y,"Terminal Sex","Terminal Sex","Shakewell;Pouya",2016-08-05,204965,0,true,elitealienzz,2020-03-07T07:57:07Z,"trap metal,horrorcore,emo rap,underground hip hop,cloud rap","Buffet Boys",0.917,0.418,6,-8.885,0,0.0666,0.504,0.0209,0.0974,0.486,117.976,4
spotify:track:5cqfVOen6vbtyn6dlCk9IA,"Resurrection (prod. by Vegard)","FAILURE","BONES",2017-10-02,152666,0,true,elitealienzz,2020-03-07T07:54:09Z,"cloud rap,emo rap,horrorcore,trap metal,underground hip hop","TeamSesh",0.756,0.366,5,-10.706,1,0.0671,0.444,0.00278,0.0609,0.191,84.499,4
spotify:track:1x63HWJxacGCvIPEEd52yK,"Violence","Violence","Unaverage Gang",2017-03-07,159503,0,true,elitealienzz,2020-03-07T07:51:41Z,"horrorcore","UAV Records.",0.615,0.674,0,-7.991,1,0.0805,0.147,0.000372,0.296,0.0395,109.996,4
spotify:track:3hu0J1n9WVCtehnfgXorZV,"Cracks","Cracks","Killstation;Joei Razook",2017-10-22,131840,0,true,elitealienzz,2020-03-07T07:49:39Z,"emo rap,trap metal,cloud rap,horrorcore","Killstation",0.666,0.54,7,-10.112,1,0.0509,0.0573,0.0702,0.0958,0.276,104.907,4
spotify:track:5aWooiRZSWS0P4I5dzLkUJ,"Solo","Solo","Prismo",2018-08-03,183755,0,false,elitealienzz,2020-03-07T07:45:11Z,"future bass","PRMD Music",0.442,0.846,10,-4.11,0,0.107,0.000352,0.0106,0.376,0.506,179.936,3
spotify:track:3XEWGS7RpT1XxxiR0ftWSi,"Nightmares","Nightmares","LEX",2020-01-31,188598,7,true,elitealienzz,2020-03-07T07:40:14Z,"","recordJet",0.582,0.445,1,-10.24,0,0.0492,0.155,0.000274,0.119,0.0676,77.487,4
spotify:track:11WjARz3hZxb08ru2M9RbN,"Diego Armando Maradona","Sick Side","Dark Polo Gang",2018-01-05,154545,60,false,elitealienzz,2020-03-07T07:35:31Z,"italian trap,trap","Universal Music Italia srL.",0.81,0.53,2,-5.337,1,0.0512,0.207,0,0.157,0.135,132.017,4
spotify:track:30bqVoKjX479ab90a8Pafp,"Star Shopping","Star Shopping","Lil Peep",2015,142000,2,true,elitealienzz,2020-03-07T07:31:02Z,"emo rap,cloud rap","Lil Peep",0.585,0.471,4,-9.934,0,0.0616,0.0967,0.0184,0.115,0.323,93.099,4
spotify:track:4duS1EJrShd4I2YxZXotUy,"WideAwake","KickingTheBucket","BONES",2019-08-30,141192,27,true,elitealienzz,2020-03-07T07:26:04Z,"cloud rap,emo rap,horrorcore,trap metal,underground hip hop","TeamSESH",0.606,0.358,2,-12.706,1,0.0292,0.582,0.161,0.0779,0.086,143.997,4
spotify:track:7dZFJ2wo0lCXvm1Sy2hytq,"Flowers","Flowers","TYM",2019-04-12,161684,42,true,elitealienzz,2020-03-07T07:23:31Z,"german indie,german hip hop,neue deutsche welle","TYM",0.73,0.635,7,-7.101,1,0.0462,0.383,0.0000167,0.176,0.491,95.037,4
spotify:track:6VrCmhRBFnuGKmtNfk4jDs,"Spotlight","Spotlight","Marshmello;Lil Peep",2018-01-12,177600,71,false,elitealienzz,2020-03-07T07:15:07Z,"edm,emo rap,cloud rap","Joytime Collective / Lil Peep",0.546,0.822,7,-4.483,1,0.151,0.0145,0,0.742,0.615,150.06,4
spotify:track:2Vc6NJ9PW9gD9q343XFRKx,"Mercury: Retrograde","Hexada","Ghostemane",2017-09-05,124538,1,true,elitealienzz,2020-03-07T07:14:38Z,"trap metal,horrorcore,emo rap,cloud rap,rap metal","GHOSTEMANE",0.831,0.814,2,-7.364,1,0.42,0.0598,0.0134,0.0556,0.389,156.985,4
spotify:track:5o7ZDvfOry1MNhNLBOJulo,"1000 Rounds","1000 Rounds","Ghostemane;Pouya",2017-03-20,163355,1,true,elitealienzz,2020-03-07T07:10:09Z,"trap metal,horrorcore,emo rap,cloud rap,rap metal,underground hip hop","Pouya",0.825,0.757,8,-5.391,1,0.105,0.0109,0.00408,0.34,0.16,149.988,4
spotify:track:1fG01hFiFGXZKRMHXsBlyf,"CAN'T LOSE YOU","GOODNIGHT LOVELL","Night Lovell",2019-02-22,157611,0,true,elitealienzz,2020-03-07T07:07:40Z,"emo rap,horrorcore,trap metal","SCPP",0.82,0.57,0,-6.163,1,0.0361,0.474,0.000347,0.109,0.0971,133.908,4
spotify:track:5CDFHyYwyL6bqlw0acgkgi,"Can I Still Go To Heaven If I Kill Myself?","Can I Still Go To Heaven If I Kill Myself?","Original God",2018-02-12,174378,0,false,elitealienzz,2020-03-07T07:04:38Z,"trap metal,emo rap","Midnight Society",0.678,0.589,4,-10.987,0,0.0535,0.00286,0.398,0.278,0.249,120.04,4
spotify:track:0XEi8v2VUk6BCAiPZQXdeL,"Yankee Candle","Yankee Candle","Vegas Jones",2017-06-28,200000,0,false,elitealienzz,2020-03-07T06:58:11Z,"italian trap","Universal Music Group",0.78,0.531,8,-9.088,0,0.282,0.16,0.000172,0.108,0.444,156.092,4
spotify:track:2BJSMvOGABRxokHKB0OI8i,"Shoota (feat. Lil Uzi Vert)","Die Lit","Playboi Carti;Lil Uzi Vert",2018-05-11,153800,76,true,elitealienzz,2020-03-07T06:54:16Z,"rage rap,melodic rap","AWGE Label",0.673,0.649,1,-8.433,0,0.196,0.188,0,0.122,0.47,153.075,4
spotify:track:28TPimmryWOu7ORppq3ycY,"DontLookDown","KickingTheBucket","BONES",2019-08-30,147048,35,true,elitealienzz,2020-03-07T06:51:32Z,"cloud rap,emo rap,horrorcore,trap metal,underground hip hop","TeamSESH",0.728,0.493,10,-8.871,0,0.0885,0.161,0.129,0.101,0.118,90.969,4
spotify:track:03j6P5YIW4H5D7cNfe8wg7,"Silent Hill","Silent Hill","Lockjaw;Kursed Kalla",2019-07-07,258037,2,true,elitealienzz,2020-03-07T06:46:33Z,"","1350387 Records DK2",0.511,0.73,8,-5.812,0,0.367,0.161,0,0.0995,0.409,92.244,4
spotify:track:2TfoabXa0CbEwcqpxOn9z3,"Sad Nibba Hours","EP","Papithbk",2019-05-10,150702,48,true,elitealienzz,2020-03-07T06:44:04Z,"","Universal Music Australia Pty. Ltd.",0.745,0.664,11,-5.476,0,0.235,0.322,0,0.851,0.526,121.083,5
spotify:track:5kBYgNE7RgA181Qg0vc1zQ,"Susano II","Susano II","Jadeci",2019-11-11,173373,19,true,elitealienzz,2020-03-07T06:34:38Z,"trap metal","1000040 Records DK2",0.794,0.848,9,-5.485,1,0.137,0.0666,0.000883,0.109,0.416,145.023,4
spotify:track:7Mo13Xtb0NH3HRC3vhtdfb,"We Die Too","Spectrum","iamjakehill",2017-10-26,144000,30,true,elitealienzz,2020-03-07T06:34:08Z,"emo rap","629243 Records DK",0.738,0.651,8,-9.302,1,0.0699,0.0148,0.0000779,0.22,0.642,80.009,4
spotify:track:7Cq27Qc3WRyQ3ddwVslpVZ,"Heart Attack","Chaxsthexry","Scarlxrd",2017-04-01,193567,55,true,elitealienzz,2020-03-07T06:31:40Z,"trap metal,rap metal,horrorcore,emo rap","lxrd records",0.584,0.895,11,-3.663,0,0.134,0.0501,0.00408,0.32,0.175,119.91,4
spotify:track:6oBL8TdQHEO7jeEdqECg37,"Still Cold / Pathway Private","Red Teenage Melody","Night Lovell",2016-06-14,271403,1,true,elitealienzz,2020-03-07T06:25:14Z,"emo rap,horrorcore,trap metal","Night Lovell",0.762,0.41,8,-11.979,1,0.055,0.278,0.0000337,0.157,0.0814,100.03,4
spotify:track:4hSPhkB7nD9SBeHGPdddZ7,"Subway Thoughts","Subway Thoughts","førget.",2019-12-24,259887,12,false,elitealienzz,2020-03-07T06:22:42Z,"witch house,drift phonk","Independent",0.521,0.577,2,-6.488,0,0.0457,0.0172,0.91,0.118,0.0377,132.969,4
spotify:track:3R30wHxcDtgOAYLs5P61vq,"Chrome","IFeelLikeDirt","BONES",2019-11-29,123374,41,true,elitealienzz,2020-03-07T06:18:46Z,"cloud rap,emo rap,horrorcore,trap metal,underground hip hop","TeamSESH",0.887,0.603,8,-8.031,1,0.053,0.018,0.635,0.118,0.0705,139.973,4
spotify:track:7mM0w8Fp2oOjCkahZip2B1,"Blau","Blau","absent",2019-04-04,156000,36,true,elitealienzz,2020-03-07T06:16:18Z,"german hip hop,cloud rap","absent",0.628,0.302,7,-15.115,0,0.0668,0.799,0.0351,0.126,0.285,75.966,4
spotify:track:2os38o5E7NoO4B2cx42h5V,"Sleeping Bag","Sleeping Bag","Shakewell",2016-08-17,123000,0,true,elitealienzz,2020-03-07T06:13:49Z,"trap metal,horrorcore,emo rap","Buffet Boys Records",0.674,0.646,0,-9.423,1,0.4,0.117,0,0.104,0.222,160.028,4
spotify:track:1s70cjkrdj9lpEeQQlmS9l,"Die a King","Spectrum","iamjakehill",2017-10-26,169061,58,true,elitealienzz,2020-03-07T06:08:33Z,"emo rap","629243 Records DK",0.632,0.946,0,-2.784,0,0.277,0.192,0,0.495,0.324,125.061,3
spotify:track:6SvoXjxa0JMiiGtpOuOMw9,"Drop Dead","Misfit","OmenXIII",2017-12-06,144091,0,true,elitealienzz,2020-03-07T06:06:03Z,"trap metal,horrorcore,emo rap,cloud rap","_Blnk",0.7,0.526,9,-9.767,0,0.0508,0.0616,0,0.121,0.277,99.921,4
spotify:track:7ngvQ7QPd4hL2chL3QRbPL,"Last Dogz","Blackszn","Nik $ix",2017-12-22,163710,0,true,elitealienzz,2020-03-07T06:01:06Z,"","Old School Flow",0.543,0.685,2,-8.693,1,0.437,0.0125,0,0.111,0.358,87.98,4
spotify:track:7h0d2h0fUmzbs7zeFigJPn,"HIGHEST IN THE ROOM (feat. ROSALÍA & Lil Baby) - REMIX","JACKBOYS","Travis Scott;ROSALÍA;Lil Baby",2019-12-27,244873,61,true,elitealienzz,2020-03-07T05:54:10Z,"rap,latin","Cactus Jack/Epic",0.559,0.491,2,-6.406,0,0.0346,0.0567,0,0.0992,0.114,153.131,4
spotify:track:63Do5ClxtnEfssL96K1Djb,"No Teeth","No Teeth","gizmo",2017-07-06,155350,22,true,elitealienzz,2020-03-07T05:48:47Z,"trap metal,horrorcore,rap metal,emo rap","gizmo",0.705,0.648,4,-10.467,0,0.141,0.00476,0.000595,0.373,0.398,130.037,4
spotify:track:0AxzmSeuDiTsrcJOlvX588,"ThatWillLeaveAStain","FAILURE","BONES",2017-10-02,120408,19,true,elitealienzz,2020-03-07T05:46:12Z,"cloud rap,emo rap,horrorcore,trap metal,underground hip hop","TeamSESH",0.503,0.41,2,-14.625,1,0.0785,0.118,0.211,0.103,0.531,125.576,4
spotify:track:47k5tMDS3jLAOFE29nkfzO,"Please Pick Up","Please Pick Up","ilyTOMMY",2019-02-28,113933,0,false,elitealienzz,2020-03-07T05:39:49Z,"","haroinfather",0.643,0.594,8,-10.326,0,0.273,0.339,0.00000668,0.364,0.495,206.008,4
spotify:track:6SOBCABlykuNrO04rmXpLs,"TATI","DUMMY BOY","6ix9ine;DJ SpinKing",2018-11-27,154565,0,true,elitealienzz,2020-03-07T05:37:19Z,"","Create Music Group",0.779,0.767,11,-5.462,0,0.258,0.00214,0,0.102,0.523,91.981,4
spotify:track:4wHtpMy77895QPhCAfIfzS,"Revenge","Emulsion","Aftertheparty",2018-02-20,265956,22,true,elitealienzz,2020-03-07T05:32:20Z,"trap soul","aftertheparty",0.601,0.229,4,-14.718,0,0.136,0.342,0.0259,0.112,0.164,129.212,4
spotify:track:4AEzAEnbm9uRgbmTdeI63K,"MIDDLE CHILD","TrapStar Turnt PopStar","PnB Rock;XXXTENTACION",2019-05-02,151574,59,true,elitealienzz,2020-03-07T05:30:24Z,"melodic rap,emo rap","Atlantic Records",0.75,0.567,0,-6.4,1,0.48,0.137,0,0.109,0.398,151.895,4
spotify:track:7AQim7LbvFVZJE3O8TYgf2,"Fuck Love","17","XXXTENTACION;Trippie Redd",2017-08-25,146520,82,true,elitealienzz,2020-03-07T05:25:04Z,"emo rap,melodic rap","Bad Vibes Forever / EMPIRE",0.797,0.533,0,-9.74,0,0.0412,0.0172,0.000152,0.103,0.329,131.036,4
spotify:track:0v3LiSaFcB4tb35ImKb0eN,"Forever","1411","Nik $ix",2018-09-08,165016,28,true,elitealienzz,2020-03-07T05:22:35Z,"","Nik $ix",0.716,0.64,4,-11.413,0,0.481,0.406,0.00491,0.185,0.155,164.015,4
spotify:track:4vJHQPIJk8CMHusGguCbyZ,"Eiffel65","UnderTheWillowTree","BONES",2019-05-03,87980,31,true,elitealienzz,2020-03-07T05:20:07Z,"cloud rap,emo rap,horrorcore,trap metal,underground hip hop","TeamSESH",0,0.34,2,-12.049,1,0,0.071,0.00268,0.146,0,0,0
spotify:track:6S7XekjbMtUQxhgySaIK8W,"Reminder","Reminder","2Scratch;Young Jae",2019-04-10,291428,0,true,elitealienzz,2020-03-07T05:13:41Z,"","Tribal Trap",0.615,0.767,3,-6.066,0,0.123,0.243,0.0000405,0.144,0.299,140.138,4
spotify:track:2A9meYgpGkmMED2lVARCH5,"Be My Gf","Be My Gf","ilyTOMMY",2019-05-04,177237,0,false,elitealienzz,2020-03-07T05:10:48Z,"","haroinfather",0.611,0.145,3,-23.061,1,0.0528,0.875,0,0.211,0.0775,130.039,4
spotify:track:4hG3zajjOz0zcNsr6opupa,"UNKNOWN LOCATION INTERLUDE","GOODNIGHT LOVELL","Night Lovell",2019-02-22,96000,0,true,elitealienzz,2020-03-07T05:02:17Z,"emo rap,horrorcore,trap metal","SCPP",0.561,0.265,8,-11.504,1,0.0321,0.284,0.951,0.107,0.0433,124.986,4
spotify:track:0rKtyWc8bvkriBthvHKY8d,"SLOW DANCING IN THE DARK","BALLADS 1","Joji",2018-10-26,209273,5,true,elitealienzz,2020-03-07T05:01:24Z,"","88rising Music/Warner Records",0.515,0.479,3,-7.458,1,0.0261,0.544,0.00598,0.191,0.284,88.964,4
spotify:track:4igZA2dEYXGrnihEzdS9KY,"Enemy","Enemy","Noyz Narcos",2018-04-13,158840,39,false,elitealienzz,2020-03-07T04:57:21Z,"italian trap","Universal Music Italia srL.",0.625,0.846,0,-5.982,1,0.335,0.0115,0,0.48,0.427,90.025,4
spotify:track:4gJhtmxe3CVokpvTJyROIQ,"Lone Wolf Squad","Disgrace","Josh A",2019-11-16,140600,31,true,elitealienzz,2020-03-07T04:49:26Z,"emo rap","Josh A",0.698,0.855,1,-4.299,1,0.0476,0.119,0,0.0527,0.553,155.974,4
spotify:track:5VphpldmtVyZH6S8RpHWLT,"Death by Dishonor","Death by Dishonor","Ghostemane;Shakewell;Pouya;Erick the Architect",2017-02-17,192000,0,true,elitealienzz,2020-03-06T02:00:16Z,"trap metal,horrorcore,emo rap,cloud rap,rap metal,underground hip hop","Pouya",0.81,0.735,8,-4.522,1,0.171,0.00454,0.0828,0.115,0.134,119.994,4
spotify:track:3xkmiwgIGTOpuSUzHn0dlR,"C.L.S. Benz","Blackszn","Nik $ix;Sikfuk",2017-12-22,119876,0,true,elitealienzz,2020-03-06T01:56:18Z,"","Old School Flow",0.39,0.728,0,-6.984,1,0.2,0.566,0,0.143,0.292,90.29,1
spotify:track:2HIyiTyHaweHWBTC3jIMjp,"6 Rings","6 Rings","Smokepurpp",2017-05-12,126171,0,true,elitealienzz,2020-03-06T01:52:21Z,"","Alamo Records / Interscope",0.839,0.526,1,-5.87,1,0.083,0.004,0.00000334,0.111,0.158,131.942,4
spotify:track:7t3tM19fkQEYW99BT1Lmng,"Blackedout","Blackedout","VEINS;Bigidvp;Downpor",2019-01-21,164624,2,true,elitealienzz,2020-03-06T01:45:57Z,"horrorcore,trap metal","ERICKVEINS",0.763,0.568,9,-8.325,0,0.149,0.259,0.0163,0.116,0.0706,105.011,4
spotify:track:6Amk6aTIlkVz9llPPeUpGj,"Skugnizzi","Skugnizzi","Rio Carrera;Capo Plaza;Yamba",2019-05-14,290010,36,true,elitealienzz,2020-03-06T01:43:29Z,"italian trap,trap","1272717 Records DK2",0.806,0.483,1,-8.171,0,0.0792,0.809,0,0.101,0.424,119.96,4
spotify:track:3cBQ2G5Xyus9qdvcbUwDYc,"VOLTI COPERTI (feat. Gianni Bismark)","VOLTI COPERTI","Oni One;Gianni Bismark",2019-07-02,142608,7,true,elitealienzz,2020-03-06T01:38:09Z,"italian trap","Universal Music Italia srL.",0.68,0.561,9,-8.495,1,0.064,0.0428,0,0.111,0.438,138.166,4
spotify:track:4AGa4lQd1DLMfTFMwnvi68,"Ozzy","Infinity Boy","Oliver Francis",2018-04-01,169411,0,true,elitealienzz,2020-03-06T01:32:42Z,"emo rap,cloud rap,melodic rap","Oliver Francis",0.63,0.759,1,-6.911,0,0.391,0.0452,0,0.11,0.657,169.96,4
spotify:track:1LpFxoC3TDeUSjU2qp3Iu1,"Dirt","SCUMBAG","BONES",2013-08-08,140187,0,true,elitealienzz,2020-03-06T01:27:44Z,"cloud rap,emo rap,horrorcore,trap metal,underground hip hop","TeamSesh",0.852,0.721,3,-7.4,0,0.0751,0.354,0.000645,0.11,0.803,136.07,4
spotify:track:1aj1Qg7QvZJ7GZuSY9ISea,"THE SUN","GOODNIGHT LOVELL","Night Lovell",2019-02-22,162461,0,true,elitealienzz,2020-03-06T01:22:17Z,"emo rap,horrorcore,trap metal","SCPP",0.834,0.421,7,-6.655,0,0.124,0.177,0.0000141,0.159,0.093,130.03,4
spotify:track:4uyep1AMQSbq7TfGQZ0511,"MURDER RATE","GOODNIGHT LOVELL","Night Lovell",2019-02-22,140571,0,true,elitealienzz,2020-03-06T01:09:27Z,"emo rap,horrorcore,trap metal","SCPP",0.845,0.777,1,-5.435,0,0.17,0.407,0,0.155,0.756,140.045,4
spotify:track:5mrOnabhXnvCf5vFF7NJhG,"Joan of Arc","Joan of Arc","Night Lovell;$uicideboy$",2018-06-08,145161,0,true,elitealienzz,2020-03-06T00:51:36Z,"emo rap,horrorcore,trap metal,cloud rap,underground hip hop","Night Lovell",0.915,0.668,1,-2.52,1,0.04,0.00375,0.00241,0.253,0.0387,124.053,4
spotify:track:2IoczT95NjXXd7c8gd2xyB,"Black Heart","Blackszn","Nik $ix",2017-12-22,145085,0,true,elitealienzz,2020-03-06T00:49:36Z,"","Old School Flow",0.359,0.439,10,-11.448,0,0.191,0.207,0.000652,0.0839,0.307,94.913,4
spotify:track:11tc8tYZjqmoe3ObKlgsmL,"Hellboy","A Love Letter To You 2","Trippie Redd",2017-10-06,188276,0,true,elitealienzz,2020-03-06T00:36:44Z,"melodic rap","Strainge Entertainment",0.56,0.643,9,-4.494,0,0.172,0.562,0,0.25,0.511,139.266,4
spotify:track:5XBFYZY5GPYdkcNt5BnQRv,"BERSERK","BERSERK","Oliver Francis",2019-05-24,212032,19,true,elitealienzz,2020-03-06T00:32:16Z,"emo rap,cloud rap,melodic rap","Oliver Francis / Burnout Records",0.527,0.652,9,-7.194,1,0.462,0.0412,0,0.134,0.156,82.727,4
spotify:track:2LskIZrCeLxRvCiGP8gxlh,"Arms Around You (feat. Maluma & Swae Lee)","Arms Around You (feat. Maluma & Swae Lee)","XXXTENTACION;Lil Pump;Swae Lee;Maluma",2018-10-25,198902,67,true,elitealienzz,2020-03-06T00:29:18Z,"emo rap,reggaeton,latin,urbano latino","Warner Records",0.703,0.723,9,-5.45,0,0.0412,0.0302,0.00000206,0.126,0.288,104.969,4
spotify:track:3MAfAtD9lKvugbWzaz21LS,"Oxygen","NoRedeemingQualities","BONES",2017-06-16,142000,1,true,elitealienzz,2020-03-06T00:18:59Z,"cloud rap,emo rap,horrorcore,trap metal,underground hip hop","TeamSesh",0.694,0.514,1,-11.063,0,0.0449,0.0336,0.000164,0.115,0.136,120.011,4
spotify:track:0bq8BtQkAlgMJl0XHbBd2b,"SingingInTheRain","IFeelLikeDirt","BONES",2019-11-29,138000,33,true,elitealienzz,2020-03-06T00:11:04Z,"cloud rap,emo rap,horrorcore,trap metal,underground hip hop","TeamSESH",0.72,0.477,1,-8.816,1,0.265,0.266,0.321,0.111,0.578,90.716,4
spotify:track:6AFWx8JqsslV2MsWhpGjnR,"I LIKE BLOOD","GOODNIGHT LOVELL","Night Lovell;Wifisfuneral",2019-02-22,137142,0,true,elitealienzz,2020-03-06T00:08:35Z,"emo rap,horrorcore,trap metal,underground hip hop","SCPP",0.839,0.563,2,-7.023,1,0.162,0.279,0,0.111,0.136,140.036,4
spotify:track:69X0MSpeWgDjUJubquMkJL,"Mortuary","KickingTheBucket","BONES",2019-08-30,123695,45,true,elitealienzz,2020-03-06T00:02:09Z,"cloud rap,emo rap,horrorcore,trap metal,underground hip hop","TeamSESH",0.595,0.757,1,-9.561,1,0.0332,0.0162,0.0403,0.144,0.118,139.934,4
spotify:track:2JUs4EVimq0ShpPeIgeokl,"HDMI","Rotten","BONES",2014-12-02,139374,1,true,elitealienzz,2020-03-05T23:56:42Z,"cloud rap,emo rap,horrorcore,trap metal,underground hip hop","TeamSesh",0.708,0.298,7,-16.427,1,0.0578,0.698,0.772,0.304,0.118,124.863,4
spotify:track:6KexRP60zLY94sBLIfL0oD,"I'll Bite Your Soul","Lost In Love","SHRK;Shiloh Dynasty",2018-05-31,123180,0,false,elitealienzz,2020-03-05T23:54:12Z,"lo-fi","SHRK",0.79,0.376,4,-16.868,0,0.0706,0.737,0.356,0.138,0.2,101.958,4
spotify:track:0VTEslTEIIut4gp10fnBl9,"Chroma","Underworld","OmenXIII",2018-05-15,126850,18,true,elitealienzz,2020-03-05T23:51:45Z,"trap metal,horrorcore,emo rap,cloud rap","_Blnk",0.85,0.612,8,-9.981,1,0.304,0.185,0.0000109,0.0856,0.531,105.955,4
spotify:track:1RqpijoxxQJ9FWS1V56DeE,"MARY JANE","GOODNIGHT LOVELL","Night Lovell",2019-02-22,214925,0,true,elitealienzz,2020-03-05T23:49:16Z,"emo rap,horrorcore,trap metal","SCPP",0.699,0.489,1,-9.461,0,0.0388,0.365,0.000042,0.132,0.0739,134.017,4
spotify:track:1VAFud1nSkqa7efJBxONAz,"WATCH ME","GOODNIGHT LOVELL","Night Lovell",2019-02-22,142222,0,true,elitealienzz,2020-03-05T23:29:32Z,"emo rap,horrorcore,trap metal","SCPP",0.879,0.591,1,-6.194,1,0.149,0.431,0.118,0.123,0.0748,134.99,4
spotify:track:6Ti85Wa9MK1QbrKQWNX8GL,"HolySmokes","FAILURE","BONES",2017-10-02,110015,31,true,elitealienzz,2020-03-05T23:06:16Z,"cloud rap,emo rap,horrorcore,trap metal,underground hip hop","TeamSESH",0.703,0.383,8,-11.09,1,0.0438,0.558,0.136,0.169,0.0831,110.018,4
spotify:track:28ZiptPMVab1reyfj4hNwt,"Ho Fatto Strada","Ho Fatto Strada","Capo Plaza;AVA",2019-11-22,172500,40,true,elitealienzz,2020-03-05T22:56:52Z,"italian trap,trap","WM Italy",0.681,0.635,10,-7.856,0,0.0792,0.0177,0,0.119,0.496,160.027,3
spotify:track:0erWz20ZejKi8WRNoeNQjJ,"Leglock","Big Juice tha Sip","Shakewell",2018-05-18,123870,0,true,elitealienzz,2020-03-05T22:53:25Z,"trap metal,horrorcore,emo rap","Shameless Money Gang",0.767,0.956,10,-3.833,1,0.261,0.528,0.056,0.208,0.427,77.505,4
spotify:track:695wdI2J0YauDh8jyaC3un,"I Guess You Moved On","Thbk","Papithbk",2018-10-24,72254,0,true,elitealienzz,2020-03-05T22:52:56Z,"","CLOUTRECORDS",0.601,0.758,7,-9.4,0,0.442,0.315,0,0.076,0.171,95.971,4
spotify:track:2ZRo7axmMPeSVUvDbGkJah,"Hope","?","XXXTENTACION",2018-03-16,110886,82,true,elitealienzz,2020-03-05T22:50:57Z,"emo rap","Bad Vibes Forever, LLC",0.592,0.457,9,-6.081,0,0.0603,0.661,0.000331,0.146,0.225,146.04,4
spotify:track:73Rw7DzwE9Dw6ePiqSHWiF,"1985 Pt. 2 (Black Flowers)","California Is Cold","SHAHMEN",2018-01-30,134505,0,true,elitealienzz,2020-03-05T22:45:39Z,"","House of Bless, Valle de Aburra Music",0.647,0.577,11,-9.682,0,0.258,0.000758,0.00355,0.11,0.338,91.473,4
spotify:track:5xK7nOngeR1kGEHpZkLkH6,"Sunbeams","The Essentials","Win32;Lil Bo Weep",2019-04-04,253074,20,false,elitealienzz,2020-03-05T22:33:46Z,"witch house","win32",0.459,0.433,7,-11.317,0,0.0283,0.00764,0.721,0.142,0.0969,106.31,4
spotify:track:4mx0eNjjZUyOzfY3I4P9HD,"Bulletproof","Bulletproof","Brennan Savage",2017-07-01,128109,56,true,elitealienzz,2020-03-05T22:24:55Z,"emo rap,cloud rap","Brennan Savage",0.58,0.867,11,-4.031,0,0.165,0.0152,0.182,0.14,0.482,79.975,4
spotify:track:033X5BPq6N2P2eeM8b6xTV,"Kälte","THESE DEMONS LAY ME DOWN","absent",2019-11-07,170000,27,true,elitealienzz,2020-03-05T22:20:26Z,"german hip hop,cloud rap","absent",0.574,0.445,10,-14.032,1,0.0447,0.617,0.0000159,0.106,0.0715,159.965,4
spotify:track:4wstWSmLcPomjQ0hE1Aimb,"F R E E W O R L D","F R E E W O R L D","The Ninetys",2016-10-23,254760,21,false,elitealienzz,2020-03-05T22:03:35Z,"","VA",0.678,0.652,3,-7.421,0,0.0387,0.000041,0.0206,0.0659,0.124,113.977,4
spotify:track:2dPgJXkJalf4e8RcBtoUZj,"TakingOutTheTrash","UNRENDERED","BONES",2017-04-21,192888,44,true,elitealienzz,2020-03-05T21:52:45Z,"cloud rap,emo rap,horrorcore,trap metal,underground hip hop","TeamSESH",0.814,0.576,11,-9.57,1,0.0654,0.166,0.000591,0.111,0.273,119.994,4
spotify:track:4KymXbJweU4DZGKLy3JR0p,"Stronger","Stronger","Prismo",2017-12-09,212575,0,false,elitealienzz,2020-03-05T21:51:43Z,"future bass","NCS",0.623,0.783,9,-7.042,0,0.0885,0.0106,0.0000853,0.0944,0.426,140.013,4
spotify:track:2XB5e1aSMQ84usimG4D1bs,"I Hate Everything About You","I Hate Everything About You","longlost",2019-05-23,104470,0,false,elitealienzz,2020-03-05T21:34:53Z,"","longlost",0.632,0.519,2,-9.914,0,0.0566,0.00335,0.837,0.0999,0.184,169.959,4
spotify:track:1xdI8lTA8pLBfnb2HxYyeA,"Better Off Dead","Spectrum","iamjakehill;Josh A",2017-10-26,143491,27,true,elitealienzz,2020-03-05T21:31:59Z,"emo rap","629243 Records DK",0.703,0.725,2,-5.704,1,0.105,0.593,0.00000121,0.327,0.108,109.079,4
spotify:track:5XAPpyIoYF3QXP34Hv8Pvx,"Kill Yourself (Part III)","My Liver Will Handle What My Heart Can't","$uicideboy$",2015-09-21,145078,1,true,elitealienzz,2020-03-05T21:16:08Z,"emo rap,horrorcore,cloud rap,trap metal,underground hip hop","G59 Records, LLC",0.753,0.679,5,-7.092,0,0.0349,0.324,0.0000421,0.423,0.19,105.977,4
spotify:track:5CQbvS8gAJnflpj4NhIm8a,"Psychic","Key Stone Prince","Shakewell",2017-05-09,142153,0,true,elitealienzz,2020-03-05T21:12:11Z,"trap metal,horrorcore,emo rap","All But 6 Records",0.715,0.526,1,-8.523,1,0.0397,0.562,0,0.0996,0.421,129.975,4
spotify:track:3v0iSbWE6DmQ42MxTAwjOl,"eternity","eternity","longlost",2017-11-28,112248,0,false,elitealienzz,2020-03-05T21:03:46Z,"","longlost",0.546,0.578,1,-9.214,0,0.035,0.000544,0.0187,0.0835,0.0793,99.994,4
spotify:track:1YTw1eDNxBn0sO78sDPkvr,"Thoiry Remix (Samba Trap Vol. 3 - Mitraglia Rec) (feat. Gemitaiz, Quentin40 & Puritano)","Thoiry Remix (Samba Trap Vol. 3 - Mitraglia Rec) (feat. Gemitaiz, Quentin40 & Puritano)","Achille Lauro;Boss Doms;Gemitaiz;Quentin40;Puritano",2018-01-24,174919,0,false,elitealienzz,2020-03-05T20:59:19Z,"italian trap","Epic",0.7,0.802,7,-4.637,1,0.257,0.0386,0,0.331,0.595,123.849,4
spotify:track:4wijcaQZo3SEHzfnhEaq5F,"Kalashnikov","Kalashnikov","Rame",2018-03-30,221538,31,false,elitealienzz,2020-03-05T20:55:53Z,"italian trap","Universal Music Italia srL.",0.462,0.63,5,-7.793,1,0.21,0.169,0,0.0862,0.125,129.946,4
spotify:track:7Cye3UbCA6UNuDykdCf3AB,"Dark Light","Concept Vague","Night Lovell",2014-12-21,206471,1,true,elitealienzz,2020-03-05T10:35:10Z,"emo rap,horrorcore,trap metal","Night Lovell",0.625,0.45,9,-9.985,1,0.0311,0.0776,0.000217,0.117,0.0362,92.974,3
spotify:track:59zncIhxSaZdqnOaU0z2cM,"Billy Boy","Billy Boy","$NOT",2019-01-25,136498,39,true,elitealienzz,2020-03-05T09:29:28Z,"","$NOT",0.659,0.62,7,-8.617,0,0.358,0.526,0.0000384,0.111,0.627,81.929,4
spotify:track:6OBYg34zWj0ewYHoByCO1U,"Dead Homies Go to Space - Kuoga. Remix","Dead Homies Go to Space (Kuoga. Remix)","Palmboi;Kuoga.",2019-08-02,195555,0,true,elitealienzz,2020-03-05T09:25:34Z,"","CherryLada",0.511,0.332,2,-12.537,1,0.0289,0.534,0.00128,0.0917,0.0705,94.509,4
spotify:track:4dt6LNCOYAvG0vrWJuCsmC,"Forever, Pt. 2","Forever, Pt. 2","ilyTOMMY",2019-04-21,167272,0,false,elitealienzz,2020-03-05T09:09:08Z,"","haroinfather",0.402,0.196,8,-21.657,0,0.198,0.664,0.058,0.162,0.362,87.268,5
spotify:track:4EB9wBUf1blopiSDiUsUkS,"i wouldn't mind dying with you","i wouldn't mind dying with you","longlost",2017-02-09,194768,0,false,elitealienzz,2020-03-05T09:01:30Z,"","longlost",0.278,0.413,5,-8.622,0,0.118,0.647,0.315,0.103,0.15,97.984,4
spotify:track:1sbziWlAwqAmYnTS1Udk0f,"TimeIsNotOnMySide","IFeelLikeDirt","BONES",2019-11-29,68000,26,true,elitealienzz,2020-03-05T08:59:00Z,"cloud rap,emo rap,horrorcore,trap metal,underground hip hop","TeamSESH",0.401,0.14,9,-20.669,1,0.0371,0.937,0.725,0.11,0.343,174.778,5
spotify:track:2H1sgUFwjdgg6pReGJTGP1,"Ghost","Ghost","Roderick Porter;ivri",2019-01-07,166624,0,false,elitealienzz,2020-03-05T08:46:26Z,"","729380 Records DK2",0.673,0.376,11,-14.029,1,0.0407,0.691,0.543,0.45,0.337,118.035,4
spotify:track:3U6ukTuTe4QsGmD4uOh1sQ,"2001","2001","Saint Purple",2019-09-20,172000,13,true,elitealienzz,2020-03-05T08:38:07Z,"","899148 Records DK",0.629,0.505,8,-14.284,1,0.243,0.303,0,0.109,0.518,168.07,4
spotify:track:7m9OqQk4RVRkw9JJdeAw96,"Jocelyn Flores","17","XXXTENTACION",2017-08-25,119133,78,true,elitealienzz,2020-03-05T08:31:05Z,"emo rap","Bad Vibes Forever / EMPIRE",0.872,0.391,0,-9.144,0,0.242,0.469,0.00000413,0.297,0.437,134.021,4
spotify:track:0dHpPanjce7R6H4LEIwIo0,"Late Night","Blackszn","Nik $ix;Tvbuu",2017-12-22,124488,0,true,elitealienzz,2020-03-05T08:18:09Z,"trap metal,horrorcore","Old School Flow",0.716,0.847,10,-4.481,0,0.347,0.101,0,0.21,0.435,120.086,4
spotify:track:1nB6VmrPybx4xwkL80OqdA,"Nihil","N / O / I / S / E","Ghostemane",2018-10-10,147305,58,true,elitealienzz,2020-03-04T11:53:31Z,"trap metal,horrorcore,emo rap,cloud rap,rap metal","Blackmage",0.665,0.905,7,-5.785,1,0.253,0.161,0.0669,0.907,0.288,114.938,4
spotify:track:0RKnn4MBqWp0yhPX3qOLZj,"Outbreak","Disgrace","Josh A;Quadeca",2019-11-16,134214,36,true,elitealienzz,2020-03-04T11:46:31Z,"emo rap,art pop","Josh A",0.69,0.885,1,-4.977,1,0.318,0.0822,0,0.136,0.775,152.11,4
spotify:track:2gUn6S1SuuXK0BvypPKnir,"NO WAY (feat. Nitro) - prod. Low Kidd","MACHETE MIXTAPE 4","MACHETE;Tedua;thasup;Nitro",2019-07-05,218023,44,true,elitealienzz,2020-03-04T11:37:33Z,"italian trap,concerto","Epic",0.739,0.727,6,-7.072,0,0.329,0.0344,0,0.681,0.43,131.024,4
spotify:track:6gBFPUFcJLzWGx4lenP6h2,"goosebumps","Birds In The Trap Sing McKnight","Travis Scott",2016-09-16,243836,85,true,elitealienzz,2020-03-04T10:44:33Z,"rap","Cactus Jack / Epic",0.841,0.728,7,-3.37,1,0.0484,0.0847,0,0.149,0.43,130.049,4
spotify:track:0RzAihLqsEg9Qcm4pfPbG2,"Rip X","Rip X","iamjakehill",2018-06-21,159326,0,true,elitealienzz,2020-03-04T10:24:09Z,"emo rap","629243 Records DK",0.693,0.434,1,-9.366,1,0.193,0.418,0,0.338,0.685,63.033,4
spotify:track:0scE5rA7sC7Tx8M0AmSkVn,"Cigarettes and Wine","Cigarettes and Wine","absent;Saint Purple",2018-10-22,182047,43,true,elitealienzz,2020-03-04T10:11:31Z,"german hip hop,cloud rap","absent",0.627,0.47,11,-10.631,0,0.0857,0.191,0.00115,0.112,0.138,160.023,4
spotify:track:3PgRUeQuuY94FkKdDBbKvq,"PAIN","GOODNIGHT LOVELL","Night Lovell",2019-02-22,152347,0,true,elitealienzz,2020-03-04T09:45:06Z,"emo rap,horrorcore,trap metal","SCPP",0.833,0.646,10,-8.015,0,0.0361,0.458,0.387,0.0845,0.295,115.005,4
spotify:track:7t4QQxam6ReiFNKTfbrgkr,"Anxiety","Spectrum","iamjakehill",2017-10-26,120000,23,true,elitealienzz,2020-03-04T09:30:09Z,"emo rap","629243 Records DK",0.337,0.947,9,-8.662,1,0.219,0.923,0,0.933,0.226,120.154,4
spotify:track:10TrJR6ELY6sJdv8C5BLYl,"VACATIXN.","Acquired Taste: Vxl. 1","Scarlxrd",2019-12-13,206558,29,true,elitealienzz,2020-03-04T02:13:19Z,"trap metal,rap metal,horrorcore,emo rap","Universal-Island Records Ltd.",0.715,0.671,2,-8.024,1,0.286,0.0608,0,0.102,0.415,161.007,4
spotify:track:2MXxEGl4WdiOqUjhzDjCmh,"Love Is a Drug","Thbk","Papithbk",2018-10-24,97880,0,false,elitealienzz,2020-03-04T02:11:19Z,"","CLOUTRECORDS",0.841,0.403,7,-12.39,1,0.375,0.797,0,0.0871,0.373,110.062,4
spotify:track:5NF5Y4xv0tnTJFJgrqbA5o,"Taki Taki","Trap Lovers (Reloaded)","Dark Polo Gang",2019-05-24,150335,43,true,elitealienzz,2020-03-04T01:56:06Z,"italian trap,trap","Universal Music Italia srL.",0.836,0.569,10,-6.939,0,0.306,0.145,0.0000359,0.0866,0.473,93.064,4
spotify:track:6mkMtAErnMpuCuEF1H9nZP,"R.I.P. (feat. Achille Lauro)","Enemy","Noyz Narcos;Achille Lauro",2018-04-13,287853,40,false,elitealienzz,2020-03-04T01:48:40Z,"italian trap","Universal Music Italia srL.",0.486,0.727,9,-7.609,1,0.338,0.0655,0,0.0916,0.136,175.897,4
spotify:track:12vNn65KGk3ktMJ2C2cULW,"Antisocial","Antisocial","PRXJEK",2018-03-09,141932,27,true,elitealienzz,2020-03-04T01:36:48Z,"trap metal,horrorcore,emo rap,rap metal","AOV Music",0.666,0.625,9,-5.965,1,0.0523,0.0472,0,0.058,0.11,145.035,4
spotify:track:1F0uL3c76sC5GoeLmMRCiX,"Deathly","Everything Is So Beautiful","Alicks",2017-03-16,386089,22,false,elitealienzz,2020-03-04T00:59:47Z,"","Alicks",0.623,0.271,9,-15.949,0,0.0521,0.891,0.863,0.0927,0.0795,120.03,4
spotify:track:3W7AVzdM5nLrnHIGuhqYdf,"JOAN OF ARC","GOODNIGHT LOVELL","Night Lovell;$uicideboy$",2019-02-22,145168,0,true,elitealienzz,2020-03-04T00:23:06Z,"emo rap,horrorcore,trap metal,cloud rap,underground hip hop","SCPP",0.915,0.666,1,-2.52,1,0.0402,0.00368,0.00295,0.253,0.0386,124.057,4
spotify:track:7xDdsXhE6LLzPwpbV5qE1f,"Amaterasu","Amaterasu","Jadeci",2019-03-09,143255,40,true,elitealienzz,2020-03-04T00:13:12Z,"trap metal","1000040 Records DK2",0.782,0.546,11,-5.152,0,0.0918,0.0128,0.0423,0.348,0.505,130.728,4
spotify:track:20LpmHzfdG1n4l8idGMZpK,"Roses","Roses","J Hills",2019-04-15,209130,30,true,elitealienzz,2020-03-03T23:43:04Z,"","1083572 Records DK",0.636,0.639,0,-8.885,1,0.247,0.624,0.00094,0.168,0.46,137.995,4
spotify:track:1K86gziny1mnNIisKBqzhH,"who is he","Silent EP","Auxxk;Deademane",2017-07-12,183536,0,true,elitealienzz,2020-03-03T23:35:09Z,"trap metal,horrorcore","Vii Firm",0.473,0.843,1,-5.981,1,0.225,0.00345,0.0000253,0.102,0.24,71.647,4
spotify:track:3MCEvglFrMkQ7TC2WZyo3y,"Carbohydrate","FAILURE","BONES",2017-10-02,127728,26,true,elitealienzz,2020-03-03T23:19:48Z,"cloud rap,emo rap,horrorcore,trap metal,underground hip hop","TeamSESH",0.833,0.52,8,-7.017,0,0.0807,0.241,0.0256,0.12,0.59,149.98,4
spotify:track:7055WlsshdoQgOpiXAuPVw,"Another24HoursOfConvincingYourselfEverythingIsOkay (Еще24ЧасаСамоубеждения,ВсеОкей)","CARCASS","BONES",2018-01-03,82895,27,true,elitealienzz,2020-03-03T12:53:15Z,"cloud rap,emo rap,horrorcore,trap metal,underground hip hop","TeamSESH",0.688,0.541,5,-9.904,0,0.0472,0.188,0.000116,0.0798,0.291,142.03,4
spotify:track:33OjMQub4EtjwxY4Pi0g3U,"PLEASE DON’T GO","GOODNIGHT LOVELL","Night Lovell",2019-02-22,125373,0,true,elitealienzz,2020-03-03T12:46:01Z,"emo rap,horrorcore,trap metal","SCPP",0.811,0.315,5,-11.618,1,0.0812,0.447,0.199,0.118,0.3,139.993,4
spotify:track:6IXCeAEZDP06GnO3SchtTB,"Divided by One","Awake","Secession Studios",2016-10-11,182015,13,false,elitealienzz,2020-03-03T12:40:33Z,"orchestral","Secession Studios",0.45,0.446,1,-13.14,1,0.0435,0.118,0.807,0.0974,0.103,120.046,4
spotify:track:2Wf33QOw0gJOBAN3Ir1nUp,"Losing Intrest","Thbk","Papithbk",2018-10-24,93231,0,false,elitealienzz,2020-03-03T11:53:04Z,"","CLOUTRECORDS",0.822,0.328,10,-15.164,0,0.43,0.618,0,0.174,0.549,134.018,4
spotify:track:5sc5y4SE3Ddeu0OjRMuTfZ,"SomeThingsNeverChange","NetworkUnknown","BONES",2017-11-17,119880,27,true,elitealienzz,2020-03-03T11:50:05Z,"cloud rap,emo rap,horrorcore,trap metal,underground hip hop","TeamSESH",0.447,0.158,5,-14.967,0,0.0317,0.821,0.729,0.112,0.173,134.963,3
spotify:track:4MJcQ9uAHcMp7AXrSWsmlV,"Dont Let Me Fall Asleep","Everything Is So Beautiful","Alicks;Jshu",2017-03-16,328751,26,false,elitealienzz,2020-03-03T11:00:05Z,"","Alicks",0.505,0.352,6,-12.879,1,0.0633,0.532,0.929,0.202,0.231,126.598,4
spotify:track:0Lfz9oMafqp2UFH8xkZgDY,"SameOldStory","UnderTheWillowTree","BONES",2019-05-03,176333,40,true,elitealienzz,2020-03-03T10:18:03Z,"cloud rap,emo rap,horrorcore,trap metal,underground hip hop","TeamSESH",0.64,0.386,0,-12.613,1,0.039,0.0754,0.0168,0.129,0.0375,119.978,4
spotify:track:17GOxyEfy6WlUeDPgv2FC2,"The One I Used to Know","Ashtray","JEFFREY OLIVER",2019-05-01,200275,1,true,elitealienzz,2020-03-03T09:53:38Z,"emo rap","Losertown",0.758,0.459,6,-11.356,0,0.0552,0.388,0.000265,0.223,0.485,144.972,4
spotify:track:6YhDanPMUpBxzIOB8jlgOG,"BlastZone (ЗонаПоражения)","CARCASS","BONES",2018-01-03,106250,0,true,elitealienzz,2020-03-03T09:34:32Z,"cloud rap,emo rap,horrorcore,trap metal,underground hip hop","TeamSesh",0.846,0.616,5,-7.82,1,0.0669,0.0129,0.00309,0.101,0.133,125.975,4
spotify:track:7y57rbMIk6iynZnNksbGIN,"Omnis","HUMAN ERR0R","Ghostemane;Parv0",2019-06-19,104000,45,true,elitealienzz,2020-03-03T09:25:33Z,"trap metal,horrorcore,emo rap,cloud rap,rap metal","Blackmage",0.699,0.513,1,-6.638,1,0.036,0.0762,0.00385,0.108,0.0991,120.058,3
spotify:track:31y45XScQwweFzFIX3H5Vp,"My Heart of Glass","N / O / I / S / E","Ghostemane",2018-10-10,241758,33,false,elitealienzz,2020-03-03T09:03:37Z,"trap metal,horrorcore,emo rap,cloud rap,rap metal","Blackmage",0.698,0.21,9,-11.523,1,0.0388,0.513,0.8,0.129,0.292,74.023,4
spotify:track:18khWfihjYxrwGv6JwiO9x,"Spas12","Spas12","Jadeci",2019-03-09,142978,40,true,elitealienzz,2020-03-03T02:47:52Z,"trap metal","1000040 Records DK2",0.782,0.692,5,-6.303,1,0.373,0.0196,0.0863,0.0856,0.14,187.838,4
spotify:track:4qTOX6fvneUqQsfvAXRK2S,"6locc 6a6y","6locc 6a6y","Lil Loaded",2019-08-01,130610,36,true,elitealienzz,2020-03-03T01:52:33Z,"drill","Lil Loaded",0.869,0.669,5,-8.545,1,0.249,0.294,0,0.0894,0.813,125.027,4
spotify:track:2GcOklDme2U8dtdMj2Lpww,"Fahrenheit","40","Quentin40;Dr. Cream",2019-03-29,157306,21,true,elitealienzz,2020-03-03T01:46:07Z,"italian trap","Urbana Label",0.629,0.748,8,-5.12,0,0.138,0.0638,0,0.0759,0.587,154.021,4
spotify:track:4wjIegxneNyHLqrChjOaP1,"Death Grip","Death Grip","Unaverage Gang",2017-10-04,160835,0,true,elitealienzz,2020-03-03T00:51:44Z,"horrorcore","UAV Records.",0.665,0.614,11,-8.28,0,0.3,0.177,0.187,0.124,0.108,145.006,4
spotify:track:4UKCKdYiLN6IMA5ZESUTL7,"the remedy for a broken heart (why am I so in love)","?","XXXTENTACION",2018-03-16,160184,73,true,elitealienzz,2020-03-02T04:38:09Z,"emo rap","Bad Vibes Forever, LLC",0.699,0.304,1,-11.192,1,0.0993,0.779,0.000993,0.137,0.271,119.705,4
spotify:track:6zY0Soa6KG1nYZZI2xcfeD,"WhereTheTreesMeetTheFreeway","Skinny","BONES",2014-09-02,175250,0,true,elitealienzz,2020-03-02T02:51:02Z,"cloud rap,emo rap,horrorcore,trap metal,underground hip hop","TeamSesh",0.77,0.273,1,-14.79,1,0.11,0.288,0.0000507,0.0919,0.0375,96.978,4
spotify:track:1fI6e6gTEf3VYPxepwuFai,"Exulansis","Everything Is So Beautiful","Alicks;Soular Order",2017-03-16,174576,12,false,elitealienzz,2020-03-01T20:39:40Z,"chillstep,witch house","Alicks",0.48,0.348,5,-16.263,0,0.0468,0.276,0.889,0.0883,0.0739,110.024,4
spotify:track:3cyJAZm2r79wdzrsQtv5Ob,"PINK WITCH / LESSON","GOODNIGHT LOVELL","Night Lovell",2019-02-22,199046,0,true,elitealienzz,2020-02-29T06:19:10Z,"emo rap,horrorcore,trap metal","SCPP",0.599,0.509,10,-5.895,1,0.148,0.0446,0.00367,0.146,0.04,134.966,4
spotify:track:0OZkPCEWmObzT2TdErznLD,"Love Hard, Fall Fast","XXXTENTACION Presents: Members Only, Vol. 4","Flyboy Tarantino;Craig Xen",2019-01-23,182690,38,true,elitealienzz,2020-02-29T05:23:33Z,"trap metal,emo rap","Members Only / EMPIRE",0.751,0.719,3,-4.78,0,0.0433,0.425,0,0.0721,0.859,142.153,4
spotify:track:483ziFAlrCE45oV13o9XcL,"OUTSIDE","ONE NIGHT IN PARIS","Paris Shadows",2018-04-25,98360,35,false,elitealienzz,2020-02-28T17:41:50Z,"emo rap","300 Entertainment",0.616,0.598,5,-6.688,0,0.0329,0.0254,0.0000048,0.115,0.345,82.94,4
spotify:local:WILLIE+G::No:142,"No","","WILLIE G",,142000,0,false,elitealienzz,2019-09-19T01:02:22Z,"","undefined",,,,,,,,,,,,
spotify:track:4svrshpdIytbEI2RSt0ctO,"Flash Bang","Scratch Paper","Fukkit;Dutchman",2018-07-07,145624,0,true,elitealienzz,2020-03-02T17:26:01Z,"trap metal,horrorcore","Midnight Society",0.812,0.71,10,-6.321,0,0.327,0.0138,0,0.132,0.805,84.963,4
spotify:track:164uPGiUKnYHwJOHcgfy1e,"Homecoming","Homecoming","Killstation;Brennan Savage;Ghostemane;Omen Xiii;Lil Peep;Kold-Blooded;JGRXXN",2016-04-01,272561,0,true,elitealienzz,2020-03-02T17:27:09Z,"emo rap,trap metal,cloud rap,horrorcore,rap metal","Killstation",0.403,0.696,10,-5.956,0,0.236,0.00114,0.265,0.0722,0.0696,89.999,4
spotify:track:0wn3bxcmfh1d4v49FSSdeA,"Tears of Scarlet","Tears of Scarlet","XZARKHAN",2020-02-13,117000,19,true,elitealienzz,2020-03-02T17:29:44Z,"trap metal,horrorcore,rap metal","XZARKHAN",0.781,0.583,9,-8.444,1,0.513,0.189,0.00864,0.241,0.463,160.061,4
spotify:track:3JnQth6rdt2s9PXtHQMW1E,"The Way","The Way","Zack Hemsey",2011-06-30,426266,0,false,elitealienzz,2020-03-28T06:42:45Z,"","Zack Hemsey",0.251,0.446,5,-11.942,0,0.049,0.043,0.933,0.0906,0.114,123.415,4
spotify:track:6Dc0dVdO1xJmEOadnhyPcS,"MELISSA P","FSK TRAPSHIT","FSK SATELLITE",2019-07-11,166870,48,true,elitealienzz,2020-03-28T13:36:24Z,"italian trap","Universal Music Italia srL.",0.722,0.665,9,-8.038,0,0.255,0.247,0,0.089,0.462,150.095,4
spotify:track:7floNISpH8VF4z4459Qo18,"Look At Me!","Look At Me!","XXXTENTACION",2017-02-20,126345,77,true,elitealienzz,2020-03-28T14:16:04Z,"emo rap","Bad Vibes Forever / EMPIRE",0.763,0.726,1,-6.405,1,0.282,0.259,0,0.0976,0.349,139.059,4
spotify:track:2TxDcppMX95JQv9WB5rtuB,"NO SPIE","FSK TRAPSHIT","FSK SATELLITE",2019-07-11,141598,39,true,elitealienzz,2020-03-29T16:41:59Z,"italian trap","Universal Music Italia srL.",0.893,0.511,8,-11.209,0,0.268,0.484,0.00201,0.0747,0.443,100.015,4
spotify:track:4fUOFWOUzQJf90JNpPOcQN,"Deadpool","Deadpool","Fukkit",2019-05-20,127678,0,true,elitealienzz,2020-04-02T21:37:00Z,"trap metal,horrorcore","Fukkit",0.906,0.7,0,-7.496,1,0.463,0.0782,0,0.131,0.0609,139.926,4
spotify:track:6Hdx6kABwuNPpGSdvkoR9j,"Mincemeat","Scratch Paper","Fukkit;Dutchman",2018-07-07,101634,0,true,elitealienzz,2020-04-02T21:37:08Z,"trap metal,horrorcore","Midnight Society",0.891,0.597,1,-6.347,1,0.691,0.00979,0.0000122,0.105,0.464,155.977,4
spotify:track:4er9uGBNOtaWzR5kQleQBo,"1punch","1punch","Fukkit",2018-12-17,210340,0,true,elitealienzz,2020-04-02T21:37:14Z,"trap metal,horrorcore","Fukkit",0.359,0.94,4,-4.636,1,0.157,0.00208,0.00698,0.231,0.0693,130.043,4
spotify:track:21aE89IjgIv1n3fmomyRBM,"BLADETUCKEDFACEFUCK","WHERE IS YOUR GOD NOW?","PRXJEK",2018-01-03,104471,0,true,elitealienzz,2020-04-02T21:37:46Z,"trap metal,horrorcore,emo rap,rap metal","PRXJEK",0.245,0.852,9,-3.215,1,0.487,0.0329,0.242,0.76,0.165,170.312,4
spotify:track:5uLo7y0iqCzWEiox6aKJ24,"VOICESINMYHEAD","Rage Core","PRXJEK",2017-06-04,127687,0,true,elitealienzz,2020-04-02T21:38:15Z,"trap metal,horrorcore,emo rap,rap metal","PRXJEK",0.523,0.867,9,-3.397,1,0.225,0.0406,0.00000381,0.384,0.495,114.422,4
spotify:track:2XH2w3lHRhbZ9D5lUjVVRC,"LED","Corrupted","OmenXIII",2017-12-28,134452,0,true,elitealienzz,2020-04-02T21:38:40Z,"trap metal,horrorcore,emo rap,cloud rap","_Blnk",0.659,0.659,2,-6.623,1,0.297,0.0906,0,0.348,0.611,200.158,3
spotify:track:3oEwMFQQ8jWpvCtz1cw9Jb,"Pemex","Pemex","Shakewell;Fat Nick",2019-01-21,156238,53,false,elitealienzz,2020-04-02T21:38:49Z,"trap metal,horrorcore,emo rap,cloud rap","Independent",0.796,0.666,1,-5.285,1,0.0604,0.0143,0.00000222,0.114,0.261,74.981,4
spotify:track:70nmZhHZLNVYWP4NON41Zw,"Runnin' Thru The 7th With My Woadies","$outh $ide $uicide","$uicideboy$;Pouya",2015-09-01,205766,0,true,elitealienzz,2020-04-02T21:39:05Z,"emo rap,horrorcore,cloud rap,trap metal,underground hip hop","G59 Records, LLC",0.526,0.62,8,-7.244,0,0.281,0.067,0.000241,0.139,0.187,112.027,4
spotify:track:3hR4xgZVxxWGX1E2p4iSTo,"Soul Collector","Soul Collector","gizmo",2018-07-29,131805,21,true,elitealienzz,2020-04-02T21:39:44Z,"trap metal,horrorcore,rap metal,emo rap","784994 Records DK",0.767,0.897,0,-1.31,0,0.148,0.042,0.0000251,0.257,0.312,142.966,5
spotify:track:5XdMhCdREbGcpG5TmRVrUd,"Kid Cudi (Remix)","Kid Cudi (Remix)","Xavier Wulf",2019-07-15,96052,0,false,elitealienzz,2020-04-02T21:40:00Z,"cloud rap,underground hip hop,emo rap","The Hollow Squad",0.79,0.777,2,-8.752,1,0.339,0.0889,0.00112,0.141,0.421,160.013,4
spotify:track:0FmrNFYyLLRtIS7XWJPLLk,"Akina Speed Star","Project X","Xavier Wulf",2015-05-08,150099,62,true,elitealienzz,2020-04-02T21:40:09Z,"cloud rap,underground hip hop,emo rap","Hollow Squad / EMPIRE",0.931,0.273,5,-11.723,0,0.176,0.00946,0,0.137,0.0603,119.956,4
spotify:track:7MstrHKeYrqbZ3hIYXt7wI,"whatever mane","The South Got Something to Say (Deluxe Album)","Pouya;Xavier Wulf",2019-12-13,112000,0,true,elitealienzz,2020-04-02T21:40:14Z,"horrorcore,emo rap,trap metal,underground hip hop,cloud rap","POUYA",0.858,0.6,11,-8.925,1,0.156,0.0339,0.0223,0.108,0.113,120.056,4
spotify:track:3dGrpNNzlT2iD89KK3cQT2,"I Heard You Were Looking For Me","I Heard You Were Looking For Me","Night Lovell",2020-02-07,185700,0,true,elitealienzz,2020-04-02T21:40:22Z,"emo rap,horrorcore,trap metal","SCPP",0.545,0.638,1,-9.918,1,0.0534,0.0643,0.0793,0.116,0.276,149.964,4
spotify:track:4GhHrgsaiQsuMQCHTGa87C,"Badlands","Badlands","Brennan Savage",2017-10-07,106987,55,false,elitealienzz,2020-04-02T21:40:59Z,"emo rap,cloud rap","Brennan Savage",0.538,0.655,11,-9.339,0,0.243,0.249,0.132,0.102,0.249,165.897,4
spotify:track:2OoB6AHLHuLxhkNHrUH7lD,"Dreams of You","Tragedy","Brennan Savage;Killstation",2019-06-07,168000,51,false,elitealienzz,2020-04-02T21:41:05Z,"emo rap,cloud rap,trap metal,horrorcore","Brennan Savage",0.65,0.737,9,-5.018,0,0.0402,0.194,0.00000509,0.0949,0.376,130.015,4
spotify:track:7eJMfftS33KTjuF7lTsMCx,"death bed (coffee for your head)","death bed (coffee for your head)","Powfu;beabadoobee",2020-02-08,173333,81,false,elitealienzz,2020-04-06T18:29:13Z,"bedroom pop","Columbia",0.726,0.431,8,-8.765,0,0.135,0.731,0,0.696,0.348,144.026,4
spotify:track:2rRJrJEo19S2J82BDsQ3F7,"Falling","Nicotine","Trevor Daniel",2020-03-26,159381,0,false,elitealienzz,2020-04-06T18:29:42Z,"","Alamo/Interscope Records",0.784,0.43,10,-8.756,0,0.0364,0.123,0,0.0887,0.236,127.087,4
spotify:track:17XyV1RsHVYDmN90ysATZ2,"CHIC (feat. Shiva)","CHIC (feat. Shiva)","Giaime;Andry The Hitmaker;Shiva",2020-04-08,162280,39,true,elitealienzz,2020-04-10T11:23:35Z,"italian trap,concerto","Jive",0.823,0.774,11,-5.553,0,0.064,0.208,0,0.0902,0.327,112.726,5
spotify:track:6MSHpBFSVHStHCiki7o3ht,"Psycho","Trapped in Tokyo","Joey Trap;TOKYO’S REVENGE",2019-09-13,219820,39,true,elitealienzz,2020-04-15T18:25:58Z,"","Young Rich Squad",0.873,0.744,1,-5.429,1,0.365,0.142,0,0.317,0.736,137.827,4
spotify:track:1J4IG6jvSH0I8IXJAwIGuf,"MOAB","DEATHTOLL","Blckbrd",2020-03-31,112013,0,true,elitealienzz,2020-04-17T14:13:45Z,"trap metal,horrorcore","BLCKBRD",0.762,0.927,7,-7.248,1,0.397,0.0138,0.00000323,0.0818,0.716,135.174,4
spotify:track:61zgQbkKW9fxIR2yimj3bi,"BLUESCREEN","DEATHTOLL","Blckbrd;Sigilmane",2020-03-31,165090,0,true,elitealienzz,2020-04-17T14:13:54Z,"trap metal,horrorcore","BLCKBRD",0.648,0.844,2,-4.65,1,0.146,0.00594,0,0.18,0.525,165.062,4
spotify:track:5kgLMgdGHKM5TmTsiuxWgt,"gr0uch","yikes!","Blckbrd",2019-10-31,184852,0,true,elitealienzz,2020-04-17T14:14:03Z,"trap metal,horrorcore","BLCKBRD",0.727,0.873,2,-5.531,1,0.342,0.00246,0,0.0943,0.851,160.908,4
spotify:track:2QutWJSRXFiThC7Dzm0IYh,"187","187","OBOY",2018-12-07,197266,28,true,elitealienzz,2020-04-17T18:13:23Z,"french rap,pop urbaine","SYNDICATE RECORDS",0.782,0.776,9,-6.076,0,0.199,0.0818,0.00291,0.108,0.534,148.033,4
spotify:track:5GyyPRvEwdI4wJSUbzxHQv,"Blanche","Les derniers salopards","Maes;Booba",2020-01-16,193453,65,true,elitealienzz,2020-04-17T18:15:06Z,"french rap,pop urbaine,french r&b","Universal Music Division Capitol Music France",0.776,0.713,4,-6.121,0,0.143,0.525,0,0.306,0.551,127.987,4
spotify:track:45hElNMDfM5GqwWZpLpUYb,"Botti","40","Quentin40;Dr. Cream",2019-03-29,134773,34,true,elitealienzz,2020-04-17T18:18:08Z,"italian trap","Urbana Label",0.764,0.557,5,-7.241,0,0.389,0.11,0.00000283,0.206,0.433,90.007,4
spotify:track:0q9Vpg3DLMjm9rx5LnXwXE,"Nisida","Nisida","Capo Plaza;AVA",2016-09-13,236000,57,true,elitealienzz,2020-04-17T18:50:19Z,"italian trap,trap","Plaza Music Srl",0.866,0.448,1,-10.226,1,0.328,0.0492,0,0.0784,0.342,119.974,4
spotify:track:2xJxJEo5Bmw6K37ZqPrwXC,"Snort Cocaine for Jesus","Scrub Tape","Istasha",2019-01-31,140247,48,true,elitealienzz,2020-04-17T22:15:06Z,"trap metal,horrorcore","1098482 Records DK",0.582,0.971,8,-4.137,1,0.317,0.000291,0.813,0.322,0.441,154.242,4
spotify:track:1RPXpk7oHjhEVvNSDtHruZ,"I Wanna Bitch Like Dillion Harper","Next Time You See Me I'll Be Dead on Your Doorstep ||","KAMAARA",2018-06-29,105971,0,true,elitealienzz,2020-04-17T22:20:15Z,"trap metal,horrorcore","908976 Records DK",0.771,0.872,8,-4.996,1,0.321,0.0739,0.0000282,0.137,0.51,144.956,4
spotify:track:4RsWA8YFk3Yp8aVV9loOlL,"Modelo","Cowboy Cutie","KAMAARA;83HADES",2019-07-20,135764,0,true,elitealienzz,2020-04-17T22:20:30Z,"trap metal,horrorcore,rage rap","908976 Records DK",0.666,0.932,2,-5.575,1,0.664,0.00894,0,0.41,0.524,84.01,4
spotify:track:75KG0cyaHdizV6avmsqT0l,"1","1","Yung Bambi;Zotiyac",2017-02-26,185046,0,true,elitealienzz,2020-04-17T22:20:40Z,"trap metal","Yung Bambi",0.798,0.533,2,-8.16,1,0.0689,0.0289,0,0.0916,0.166,111.953,4
spotify:track:36gmehPRUortY6l0bO4DUX,"Idontflinch","Idontflinch","Witchouse 40k",2019-01-02,159210,25,true,elitealienzz,2020-04-17T22:21:02Z,"trap metal,horrorcore,witch house","Hellhound Militia",0.663,0.515,1,-9.437,1,0.2,0.00591,0,0.183,0.163,160.075,4
spotify:track:2iik6MHJcRQ8v1Htg3i4OR,"Snowpiercer","Snowpiercer","Witchouse 40k",2020-03-09,111185,4,true,elitealienzz,2020-04-17T22:21:16Z,"trap metal,horrorcore,witch house","Hellhound Militia",0.816,0.691,6,-7.959,1,0.226,0.104,0.398,0.0872,0.571,94.998,4
spotify:track:0Yi9DtLGFiZ62OMHOo2qIm,"1WayTicket","BRACE","Xavier Wulf;BONES",2020-03-02,150151,45,true,elitealienzz,2020-04-17T22:21:46Z,"cloud rap,underground hip hop,emo rap,horrorcore,trap metal","TeamSESH / Xavier Wulf",0.783,0.796,6,-8.76,1,0.0461,0.7,0.353,0.0751,0.553,130.001,4
spotify:track:0JodbFYai1d6J2bbBBt8SN,"Suffer","BRACE","Xavier Wulf;BONES",2020-03-02,130063,40,true,elitealienzz,2020-04-17T22:21:51Z,"cloud rap,underground hip hop,emo rap,horrorcore,trap metal","TeamSESH / Xavier Wulf",0.55,0.698,2,-7.17,1,0.0608,0.348,0.25,0.0598,0.0759,119.82,4
spotify:track:3aygLSlifr6RoTNy2amX2b,"BeCarefulWhatYouReachFor","BRACE","Xavier Wulf;BONES",2020-03-02,160052,37,true,elitealienzz,2020-04-17T22:22:15Z,"cloud rap,underground hip hop,emo rap,horrorcore,trap metal","TeamSESH / Xavier Wulf",0.675,0.463,8,-13.712,1,0.034,0.282,0.428,0.0925,0.0606,120.02,4
spotify:track:3CYYrnJXpVoa8Lnu0m1yik,"Life's Not Fair","Project: Webweaver","OmenXIII",2020-02-17,150804,10,true,elitealienzz,2020-04-17T22:23:38Z,"trap metal,horrorcore,emo rap,cloud rap","REDSTAR",0.73,0.836,1,-7.346,1,0.0444,0.00138,0.26,0.468,0.347,121.015,4
spotify:track:71xpdKMgHDqqBc3hmEYdWf,"Para Dox","Project: Webweaver","OmenXIII",2020-02-17,126014,15,true,elitealienzz,2020-04-17T22:23:43Z,"trap metal,horrorcore,emo rap,cloud rap","REDSTAR",0.742,0.734,0,-7.129,1,0.0997,0.0696,0,0.11,0.897,76.504,3
spotify:track:3daqGR0K0AdkHULhlRa4CO,"Predator","Project: Webweaver","OmenXIII",2020-02-17,97018,8,true,elitealienzz,2020-04-17T22:23:48Z,"trap metal,horrorcore,emo rap,cloud rap","REDSTAR",0.718,0.736,10,-8.268,1,0.693,0.633,0.0000549,0.368,0.669,120.149,4
spotify:track:4vR0tHhPSjkEYMI6L0D1fM,"On the Line","Project: Webweaver","OmenXIII;MF Khaos",2020-02-17,124865,5,true,elitealienzz,2020-04-17T22:23:56Z,"trap metal,horrorcore,emo rap,cloud rap,phonk","REDSTAR",0.634,0.92,1,-6.865,1,0.393,0.203,0.189,0.222,0.101,90.032,4
spotify:track:4ijux7JMNY2IpBtTsuYrK4,"Boss","Boss","Paky;Kermit",2020-01-22,144987,42,true,elitealienzz,2020-04-18T15:14:21Z,"italian trap,concerto","Cantera srl",0.924,0.429,8,-8.042,1,0.481,0.36,0,0.106,0.439,126.039,4
spotify:track:1mNVAw1vmiJWYmUiI6TFTv,"Non Scherzare","Non Scherzare","Paky;Kermit",2019-12-18,181862,45,true,elitealienzz,2020-04-18T15:14:28Z,"italian trap,concerto","Cantera srl",0.7,0.428,8,-9.368,1,0.107,0.0805,0.0000797,0.156,0.263,94.994,4
spotify:track:4MhkGqhZGACYRYtxhfibCj,"Da solo","Most Hated (Deluxe Edition)","Jamil",2019-06-21,243986,0,true,elitealienzz,2020-04-18T16:12:23Z,"italian trap","Baida Army",0.804,0.666,11,-6.059,0,0.339,0.385,0,0.117,0.652,119.993,4
spotify:track:2dTnhghtpN0duPluAQMMUz,"Come Me","Come Me","Jamil;nayt",2020-02-07,199245,36,true,elitealienzz,2020-04-18T16:19:54Z,"italian trap,concerto","Baida Army",0.866,0.577,4,-9.16,0,0.246,0.237,0,0.444,0.521,105.972,4
spotify:track:1E9QWHBL9GHTD3AM4Ch3Ra,"Trap Baida","Most Hated","Jamil",2018-11-23,218009,0,true,elitealienzz,2020-04-18T16:20:16Z,"italian trap","Baida Army",0.789,0.594,0,-5.413,1,0.161,0.213,0.0000381,0.348,0.44,120.054,4
spotify:track:4qoNJVXWlhI0om3qEdsVgY,"Giovane1","40","Quentin40;Dr. Cream",2019-03-29,162240,22,true,elitealienzz,2020-04-22T23:30:26Z,"italian trap","Urbana Label",0.617,0.673,11,-7.942,1,0.392,0.0306,0,0.121,0.357,132.173,4
spotify:track:0PpB4YTfszDRmQxLirA4pM,"Purple Rain (feat. Gemitaiz & Frenetik&Orang3)","Pour l'amour","Achille Lauro;Boss Doms;Gemitaiz;Frenetik&Orang3",2018-06-22,159240,0,false,elitealienzz,2020-04-22T23:49:55Z,"italian trap","Epic",0.728,0.656,11,-6.228,0,0.122,0.14,0,0.175,0.485,104.018,4
spotify:track:5tqRw9RcMY83foaC1tIstl,"Midnight Carnival","Pour l'amour","Achille Lauro;Gow Tribe;Boss Doms",2018-06-22,184920,0,false,elitealienzz,2020-04-22T23:54:24Z,"italian trap","Epic",0.681,0.869,8,-5.645,1,0.11,0.00559,0.000524,0.507,0.446,125.054,4
spotify:track:3Jfi1WRHzREEGBDsaCrIXD,"Bene","Nonostante Tutto","Gemitaiz",2016-01-22,237250,58,false,elitealienzz,2020-04-25T23:33:00Z,"italian trap","Universal Music Italia srL.",0.744,0.659,6,-7.191,1,0.142,0.0623,0,0.114,0.746,136.089,4
spotify:track:0ZBGNqfsPVnsZrGoDUBCbU,"Gxth B!tch","Gxth B!tch","Live Solum",2020-01-18,116223,0,true,elitealienzz,2020-04-26T04:18:03Z,"trap metal","1309965 Records DK",0.797,0.44,2,-6.377,1,0.202,0.0332,0.0000399,0.14,0.31,95.003,4
spotify:track:5zngPmemrzJyZ3EkeWEuPv,"Tightrope","Tightrope","Live Solum",2020-03-07,196159,0,true,elitealienzz,2020-04-26T04:18:17Z,"trap metal","1309965 Records DK",0.588,0.562,7,-9.268,1,0.0318,0.448,0.0344,0.116,0.101,157.974,4
spotify:track:5C1PCUC4jGf4ymrczLN2eY,"Suicide Note","Suicide Note","Live Solum",2020-02-07,202290,0,true,elitealienzz,2020-04-26T04:18:22Z,"trap metal","1309965 Records DK",0.416,0.47,11,-8.45,0,0.066,0.321,0,0.0956,0.181,139.603,4
spotify:track:7JQyPc3EN1cpBjzS0QudhA,"Teenage Romance","Teenage Romance","Live Solum;cxldface",2019-07-20,180927,0,true,elitealienzz,2020-04-26T04:18:27Z,"trap metal","1309965 Records DK",0.491,0.603,1,-7.27,1,0.0507,0.362,0,0.169,0.0396,129.901,4
spotify:track:0LGIEqMP9sc0UqZJ5uk4zF,"Arrival","Visitors","Lazerhawk",2012-02-03,327524,27,false,elitealienzz,2020-05-04T12:11:28Z,"synthwave,vaporwave,chillwave","Rosso Corsa Records",0.54,0.842,2,-5.293,1,0.039,0.00226,0.652,0.0636,0.0395,110.006,4
spotify:track:3sdYpdTTn4fdfu4cyisnt0,"Pumpkins Scream In the Dead of Night (feat. shinigami)","Pumpkins Scream In the Dead of Night (feat. shinigami)","Savage Ga$p;93FEETOFSMOKE;shinigami",2020-02-12,148140,39,false,elitealienzz,2020-05-05T04:29:59Z,"trap metal,emo rap,cloud rap","P2020",0.816,0.577,1,-5.998,1,0.41,0.139,0,0.0827,0.459,171.028,4
spotify:track:00218i6cYENiDszmBKsYYg,"Gxldchainnn","TRASHBIN, Vol. 1","Radical",2018-08-23,132657,42,true,elitealienzz,2020-05-05T04:30:21Z,"italian trap","PUNKSTAR3018®",0.706,0.473,0,-8.085,0,0.0926,0.984,0.0242,0.106,0.59,87.412,4
spotify:track:3n72StY4zlmx7FvuZqgRz0,"No More","Stay for the View","Prznt",2020-03-27,137255,0,true,elitealienzz,2020-05-05T04:30:36Z,"","SSHB",0.783,0.508,1,-10.02,1,0.137,0.106,0.000155,0.109,0.483,91.985,4
spotify:track:54yT3t8hSaJUvdHer3ZaB1,"Alexis","Trap Jack 2","Joey Trap",2017-10-08,83000,0,true,elitealienzz,2020-05-05T04:30:49Z,"","Kloud Gang Entertainment",0.839,0.539,0,-9.238,1,0.0926,0.741,0,0.0966,0.645,124.921,4
spotify:track:3rr8umNUqrehd2tOgezagJ,"Ether","Substances EP","IC3PEAK",2014-02-26,268965,25,false,elitealienzz,2020-05-05T04:58:11Z,"witch house","STYLSS",0.466,0.38,0,-7.602,0,0.0346,0.00253,0.196,0.101,0.075,115.991,5
spotify:track:4nXn1iXBvwKEuHmMJgmx6m,"RED Rust","Warhammer","Witchouse 40k;Warlord Colossus;6th$ithlord",2018-10-29,197853,16,true,elitealienzz,2020-05-06T02:12:28Z,"trap metal,horrorcore,witch house","Hellhound Militia",0.836,0.664,1,-10.035,1,0.401,0.218,0.00000234,0.116,0.656,80.035,4
spotify:track:1e0HLyx0SlmAhwTm2un9ft,"Sea Sick","Sea Sick","Fat Nick;Ghostemane",2017-03-13,166452,0,true,elitealienzz,2020-05-06T02:12:55Z,"cloud rap,horrorcore,trap metal,emo rap,rap metal","buffet boys",0.827,0.771,0,-4.374,1,0.318,0.0456,0,0.109,0.545,149.867,4
spotify:track:3YV1eVHdpZOPwbCw4YHthU,"abaddon","abaddon","longlost",2017-02-10,152346,0,false,elitealienzz,2020-05-06T02:13:03Z,"","longlost",0.689,0.767,6,-5.24,1,0.0429,0.149,0.934,0.162,0.0994,110.148,4
spotify:track:6CEEeCUrKhy2Tg8HqL7jFN,"Scars","Badlands","Brennan Savage",2017-10-07,98016,49,true,elitealienzz,2020-05-06T02:15:55Z,"emo rap,cloud rap","Brennan Savage",0.647,0.669,7,-7.841,1,0.0542,0.159,0.0000634,0.113,0.56,90.027,3
spotify:track:3er7NHWboyZoPFwFu1VZuq,"Mosh Pit Killa","Son Of Serpentine","Ramirez;ZillaKami",2019-04-29,151428,54,true,elitealienzz,2020-05-06T02:18:06Z,"horrorcore,trap metal,emo rap,rap metal","G.O.D.S",0.727,0.825,2,-3.245,1,0.103,0.0145,0,0.118,0.389,83.987,4
spotify:track:0rUYDEctGqoeLm9vnOiAX5,"MyGothBitchCameWithaglock","Cowboy Cutie","KAMAARA",2019-07-20,135848,0,true,elitealienzz,2020-05-06T02:20:19Z,"trap metal,horrorcore","908976 Records DK",0.407,0.989,1,-0.129,1,0.395,0.00237,0.0384,0.0905,0.404,77.694,4
spotify:track:6VwBj1x2WgEBZPxYhOm7g7,"Rigor Mortis","Antagonist","Original God",2017-11-01,143000,0,false,elitealienzz,2020-05-06T02:22:52Z,"trap metal,emo rap","Midnight Society",0.677,0.962,7,-0.814,1,0.284,0.11,0.325,0.496,0.508,95.025,4
spotify:track:3fy0VxBzkBYxA03kixiH4W,"BlackMold","paidprogramming2","BONES",2016-07-24,123500,45,true,elitealienzz,2020-05-06T02:31:00Z,"cloud rap,emo rap,horrorcore,trap metal,underground hip hop","TeamSESH",0.383,0.513,1,-8.713,1,0.0677,0.0182,0.000127,0.122,0.0796,139.562,3
spotify:track:0WufBpRH9k4U6OcZuUmjhu,"Second Chances Aren't for Everyone Huh?","Next Time You See Me I'll Be Dead on Your Doorstep ||","KAMAARA",2018-06-29,128067,0,true,elitealienzz,2020-05-06T02:32:14Z,"trap metal,horrorcore","908976 Records DK",0.546,0.775,1,-4.464,0,0.0435,0.199,0.0073,0.0889,0.0392,89.937,4
spotify:track:7i28e49mz6HlSgXvTZATIf,"CHOK3","CHOK3","83HADES;Okaminokami",2018-08-15,174351,0,true,elitealienzz,2020-05-06T02:32:32Z,"trap metal,horrorcore,rage rap","83HADES & OKAMINOKAMI",0.524,0.801,7,-4.439,0,0.4,0.0674,0,0.273,0.56,111.014,4
spotify:track:22RmlGGsTXB22MSvWrLqP9,"SNOW","SNOW","83HADES",2018-10-22,170855,0,true,elitealienzz,2020-05-06T02:32:37Z,"trap metal,horrorcore,rage rap","83HADES",0.619,0.59,8,-5.534,1,0.0392,0.118,0,0.17,0.16,110.051,4
spotify:track:5IlnmN5Hs9kvRsbP6pyejP,"https://murder. com","https://murder. com","7xvn",2019-01-19,65410,29,true,elitealienzz,2020-05-06T02:32:50Z,"trap metal,horrorcore","7XVN",0.813,0.653,7,-8.841,1,0.307,0.228,0.177,0.0753,0.632,150.05,4
spotify:track:6ko1zjCx5yudcV7gbiIl2r,"NoFaceNoCase.Exe","NoFaceNoCase.Exe","7xvn",2019-12-15,71328,22,true,elitealienzz,2020-05-06T02:32:54Z,"trap metal,horrorcore","7XVN",0.937,0.611,1,-11.311,1,0.297,0.447,0.726,0.117,0.373,130,4
spotify:track:3Tousy1sOSPugn7jfiuumH,"ROCKSTAR","ROCKSTAR","7xvn",2020-02-21,62412,12,false,elitealienzz,2020-05-06T02:33:00Z,"trap metal,horrorcore","7XVN",0.79,0.555,1,-13.204,0,0.416,0.199,0.289,0.0946,0.709,159.97,4
spotify:track:7iOENqxjfv5ao3kibsMs9m,"BREAKDXWN","BREAKDXWN","Muppy;Scarlxrd",2018-01-26,161283,19,true,elitealienzz,2020-05-06T02:34:48Z,"trap metal,horrorcore,rap metal,emo rap","MUPPY",0.748,0.553,9,-9.534,0,0.238,0.17,0,0.0699,0.0943,80.069,4
spotify:track:02cKjhV0ZAWEsvQ8XS8WFC,"Trip on a Spiderweb","Trip on a Spiderweb","Witchouse 40k",2019-11-08,125121,22,true,elitealienzz,2020-05-06T02:35:06Z,"trap metal,horrorcore,witch house","Hellhound Militia",0.933,0.878,8,-5.08,0,0.0791,0.0884,0,0.0833,0.409,123.025,4
spotify:track:0619EZSN86Aw7elABdodqr,"Cobra","Southside","OBOY",2018-03-16,174639,30,true,elitealienzz,2020-05-07T02:49:01Z,"french rap,pop urbaine","SYNDICATE RECORDS",0.865,0.791,9,-5.449,1,0.259,0.0809,0.0000519,0.13,0.158,133.048,4
spotify:track:1z7AtsT8QvKWP7834ef9sN,"DARK","DARK BOYS CLUB","Dark Polo Gang",2020-05-07,104256,0,true,elitealienzz,2020-05-07T22:10:57Z,"italian trap,trap","Universal Music Italia srL.",0.73,0.652,7,-5.715,1,0.269,0.217,0,0.0474,0.562,82.906,4
spotify:track:1aiAGn2OxoqoKHx9zfJe6N,"DARK LOVE GANG (feat. Ketama126)","DARK BOYS CLUB","Dark Polo Gang;Ketama126",2020-05-07,175079,0,true,elitealienzz,2020-05-07T22:15:18Z,"italian trap,trap","Universal Music Italia srL.",0.723,0.65,5,-5.888,1,0.0404,0.084,0,0.0851,0.327,130.065,4
spotify:track:3dvW7QQddsUWkIZGtkoKYy,"Bluelight","S.W.I.M.","Parv0",2018-10-16,211226,19,false,elitealienzz,2020-05-16T18:43:10Z,"trap metal,emo rap","921374 Records DK2",0.167,0.494,9,-9.312,0,0.0343,0.000561,0.857,0.688,0.0392,67.675,5
spotify:track:02wvyyHAtDxlokFEBa0GjB,"Broken","S.W.I.M.","Parv0;Ghostemane;Zubin",2018-10-16,165459,37,true,elitealienzz,2020-05-16T18:43:10Z,"trap metal,emo rap,horrorcore,cloud rap,rap metal","921374 Records DK2",0.628,0.464,3,-9.114,1,0.0435,0.554,0.0129,0.105,0.078,140.009,4
spotify:track:4xcToCpWZFw87xmBC3m5R1,"S.W.I.M.","S.W.I.M.","Parv0;Darcy Baylis",2018-10-16,164597,26,false,elitealienzz,2020-05-16T18:43:10Z,"trap metal,emo rap","921374 Records DK2",0.714,0.581,11,-10.871,1,0.254,0.0429,0,0.0816,0.144,105.017,4
spotify:track:1qP2FCFtCxfixQjsiXnctQ,"Acceptance","S.W.I.M.","Parv0",2018-10-16,248920,13,false,elitealienzz,2020-05-16T18:43:10Z,"trap metal,emo rap","921374 Records DK2",0.679,0.395,1,-11.88,0,0.033,0.0149,0.734,0.0712,0.0395,108.007,4
spotify:track:2LXJH0vheCIWDJ6Qtj61KY,"01000110 01000110 01000001 00100001","Decode","OmenXIII",2017-08-18,109818,0,true,elitealienzz,2020-05-16T18:43:18Z,"trap metal,horrorcore,emo rap,cloud rap","_Blnk",0.708,0.497,0,-8.547,1,0.107,0.104,0,0.303,0.142,145.076,4
spotify:track:74zOp5z3qEfdjJpp5BSaI9,"01001101 01001001 01000001 00101010","Decode","OmenXIII",2017-08-18,168124,0,true,elitealienzz,2020-05-16T18:43:18Z,"trap metal,horrorcore,emo rap,cloud rap","_Blnk",0.659,0.587,8,-6.19,1,0.0308,0.00232,0.141,0.25,0.0928,99.996,4
spotify:track:1RtLqUXLowKKfCOlNIhjDS,"01010011 01001001 01001110 00101110","Decode","OmenXIII",2017-08-18,133485,0,true,elitealienzz,2020-05-16T18:43:18Z,"trap metal,horrorcore,emo rap,cloud rap","_Blnk",0.877,0.575,7,-11.42,1,0.141,0.398,0.000105,0.0921,0.603,107.992,4
spotify:track:6KvrhWpmvGEhq3BmqDZ4no,"00101111 01001101 01001001 01000001","Decode","OmenXIII",2017-08-18,144065,0,true,elitealienzz,2020-05-16T18:43:18Z,"trap metal,horrorcore,emo rap,cloud rap","_Blnk",0.584,0.485,0,-10.937,1,0.0418,0.834,0.0000143,0.109,0.0339,120.046,4
spotify:track:3J142I12GX678wfip8WU50,"01101001 00111100 00101111 00110011","Decode","OmenXIII",2017-08-18,144039,0,true,elitealienzz,2020-05-16T18:43:18Z,"trap metal,horrorcore,emo rap,cloud rap","_Blnk",0.207,0.258,6,-17.004,1,0.0368,0.72,0.246,0.2,0.453,200.134,4
spotify:track:2cRs7rZAo3vaU0vgkqJlG4,"01010010 01000101 01010011 00100001","Decode","OmenXIII",2017-08-18,109426,0,true,elitealienzz,2020-05-16T18:43:18Z,"trap metal,horrorcore,emo rap,cloud rap","_Blnk",0.628,0.672,2,-7.216,0,0.0484,0.535,0,0.564,0.2,158.092,4
spotify:track:5khkAYgf7H7sZOTTBJEguP,"01001011 01000100 01000001 00101011","Decode","OmenXIII",2017-08-18,162951,0,true,elitealienzz,2020-05-16T18:43:18Z,"trap metal,horrorcore,emo rap,cloud rap","_Blnk",0.773,0.539,1,-11.761,1,0.261,0.18,0.000011,0.106,0.436,111.974,4
spotify:track:6BcfjFHYqfIfxGVKBHTCDa,"01000111 00110010 01000111 00101110","Decode","OmenXIII",2017-08-18,78367,0,true,elitealienzz,2020-05-16T18:43:18Z,"trap metal,horrorcore,emo rap,cloud rap","_Blnk",0.527,0.605,2,-13.652,1,0.39,0.194,0,0.262,0.552,172.206,4
spotify:track:5zplFMJBJP9cHBF04bXQn1,"01010101 01010010 01001100 00111111","Decode","OmenXIII",2017-08-18,134452,0,true,elitealienzz,2020-05-16T18:43:18Z,"trap metal,horrorcore,emo rap,cloud rap","_Blnk",0.663,0.404,7,-11.894,1,0.0472,0.514,0,0.108,0.0354,99.983,4
spotify:track:5bj89xQ6TmdCr8anyUuUyR,"00101110 01100010 01100001 01110100","Decode","OmenXIII",2017-08-18,92081,0,true,elitealienzz,2020-05-16T18:43:18Z,"trap metal,horrorcore,emo rap,cloud rap","_Blnk",0.647,0.407,8,-15.316,0,0.325,0.828,0,0.112,0.0682,125.194,4
spotify:track:1zcXVcTksCOXGUEBTo2KtN,"2 Radical Diss","2 Radical Diss","Mobbs Radical;Nitetime",2019-06-19,145084,0,true,elitealienzz,2020-05-16T18:43:24Z,"trap metal,horrorcore","978222 Records DK",0.547,0.658,1,-5.741,1,0.175,0.112,0,0.166,0.347,83.651,5
spotify:track:5h09OrM368tldq3KLHpYFM,"40oz","40oz","YTD",2017-09-11,128313,40,true,elitealienzz,2020-05-16T18:43:32Z,"trap metal","1249224 Records DK",0.457,0.433,10,-12.743,0,0.0522,0.0747,0.0419,0.267,0.0563,90.253,4
spotify:track:4oVAeo2rKn26VBE0DeJVLU,"Every Step of the Guey","Every Step of the Guey","Burgos;Lvcid Phvrvoh",2018-07-27,194000,0,true,elitealienzz,2020-05-16T18:43:43Z,"emo rap","Burgos",0.741,0.419,0,-13.795,1,0.145,0.225,0.00000892,0.348,0.57,153.976,4
spotify:track:7v4HrhdjytKNw66a9zUl0r,"Fucked Up","Fucked Up","Yunggoth✰",2017-06-20,145319,32,true,elitealienzz,2020-05-16T18:43:47Z,"emo rap,cloud rap","yunggoth✰",0.495,0.485,8,-8.412,1,0.0486,0.00609,0.0293,0.369,0.0798,75.985,4
spotify:track:09kvhnq2ONdNo4NRtHBSvv,"My Flaws Burn Through My Skin Like Demonic Flames from Hell","I No Longer Fear The Razor Guarding My Heel","$uicideboy$",2015-08-01,167679,0,true,elitealienzz,2020-05-16T18:43:52Z,"emo rap,horrorcore,cloud rap,trap metal,underground hip hop","G59 Records, LLC",0.78,0.748,11,-7.394,0,0.0352,0.00448,0.000591,0.115,0.0659,125.974,4
spotify:track:4P13TnWkXTXUKWBmCSUO8A,"My Scars Are Like Evidence Being Mailed To The Judge","I No Longer Fear The Razor Guarding My Heel","$uicideboy$",2015-08-01,122723,0,true,elitealienzz,2020-05-16T18:43:52Z,"emo rap,horrorcore,cloud rap,trap metal,underground hip hop","G59 Records, LLC",0.744,0.548,7,-6.446,0,0.0653,0.0195,0.000012,0.102,0.619,136.103,4
spotify:track:7MIQm9nx65DAaeFORu8spX,"I Will Celebrate For Stepping On Broken Glass And Slipping On Stomach Soaked Floors","I No Longer Fear The Razor Guarding My Heel","$uicideboy$",2015-08-01,138239,0,true,elitealienzz,2020-05-16T18:43:52Z,"emo rap,horrorcore,cloud rap,trap metal,underground hip hop","G59 Records, LLC",0.754,0.776,9,-7.312,1,0.0772,0.0737,0.00000557,0.283,0.639,131.959,4
spotify:track:2BM0FMNnZCkCMNMqHmKlpJ,"Moonlight Popolare (feat. Massimo Pericolo)","Moonlight Popolare (feat. Massimo Pericolo)","Mahmood;Massimo Pericolo",2020-05-14,215708,39,false,elitealienzz,2020-05-16T18:44:30Z,"italian trap","Universal Music Italia srL.",0.564,0.769,3,-5.422,1,0.034,0.00593,0.000197,0.212,0.285,91.973,4
spotify:track:568OIKgeHyGRD3uWR44JbO,"Racks 2 Skinny","Racks 2 Skinny","Migos",2020-05-11,178024,54,true,elitealienzz,2020-05-16T18:44:38Z,"trap","Quality Control Music/Motown Records",0.814,0.584,1,-5.425,1,0.0819,0.00839,0,0.0646,0.405,141.016,4
spotify:track:08IHFyY2iYaVWMxZYdX92D,"Herz kühl","Herz kühl","absent",2020-04-30,128000,24,true,elitealienzz,2020-05-17T09:25:11Z,"german hip hop,cloud rap","recordJet",0.759,0.661,11,-9.485,0,0.1,0.241,0.0052,0.164,0.213,90.046,4
spotify:track:5ph9GJ1EkO7xvTrsn6jXj9,"Next Time","Next Time","absent",2020-01-07,184000,19,true,elitealienzz,2020-05-17T09:26:42Z,"german hip hop,cloud rap","absent",0.649,0.467,11,-14.286,1,0.0565,0.292,0.00516,0.18,0.189,159.958,4
spotify:track:1cimiK1S9E1cI5r2NKZLtn,"Stimmen","AMBER","Kidnfinity",2018-10-14,200710,26,true,elitealienzz,2020-05-17T09:27:13Z,"cloud rap","kidnfinity",0.596,0.633,10,-9.134,1,0.0548,0.22,0.0000202,0.248,0.386,159.966,4
spotify:track:1wwzSXLCsrOlEblITgFxAr,"ROSE","ROSE","Kidnfinity;Kid Cairo;Edo Saiya",2019-04-26,182335,0,true,elitealienzz,2020-05-17T09:27:25Z,"cloud rap,german hip hop","AMB",0.752,0.673,1,-8.72,1,0.0385,0.00154,0.000878,0.108,0.177,128.949,4
spotify:track:2nmfuSycJJrlXsiSrCz3A4,"komme klar","CYCLE","absent",2020-03-27,114366,20,true,elitealienzz,2020-05-17T17:50:04Z,"german hip hop,cloud rap","absent",0.757,0.458,4,-12.784,1,0.167,0.147,0.00207,0.0687,0.67,78.019,4
spotify:track:2EJp83hBMYVWGt16Ak0gBq,"MASS EXTINCTION","MASS EXTINCTION","83HADES;Kamiyada+",2020-05-14,198235,0,true,elitealienzz,2020-05-20T03:15:06Z,"trap metal,horrorcore,rage rap","83HADES & Kamiyada+",0.606,0.879,1,-2.353,1,0.385,0.0965,0,0.178,0.615,129.876,4
spotify:track:2usCaVDg2fBLm0p27rbY7B,"GladWeHaveAnUnderstanding","Useless","BONES",2016-02-07,197064,37,true,elitealienzz,2020-05-20T03:17:49Z,"cloud rap,emo rap,horrorcore,trap metal,underground hip hop","TeamSESH",0.441,0.25,8,-13.296,1,0.0463,0.144,0.0705,0.0922,0.0395,179.647,5
spotify:track:2uv8p64sAoV6zd0ov16RpQ,"I've Been Doing Well","Bummer","nothing,nowhere.",2015-10-22,295000,0,false,elitealienzz,2020-05-20T03:17:58Z,"emo rap","Alternate Side",0.628,0.455,9,-13.184,1,0.0676,0.627,0.0000786,0.325,0.16,120.016,4
spotify:track:66FR7jofK8dk6cOHFz2KoF,"The Two of Us Are Dying","The Two of Us Are Dying","Killstation",2017-08-11,129332,0,false,elitealienzz,2020-05-20T03:18:05Z,"emo rap,trap metal,cloud rap,horrorcore","Killstation",0.671,0.42,3,-4.945,1,0.0355,0.0286,0.00107,0.112,0.0714,89.588,5
spotify:track:0P37pvbu7STfP6oLTeVhJo,"She Falls Away // Pain","Poisoned","OLD SOUL",2019-04-24,102000,0,true,elitealienzz,2020-05-20T03:18:14Z,"trap metal,deathcore","OLD SOUL",0.691,0.613,1,-9.296,1,0.12,0.194,0.29,0.124,0.39,160.014,4
spotify:track:7s9cBVwATu8ZCszfgHbfAZ,"Crisis","Crisis","Muppy",2018-01-24,144008,3,true,elitealienzz,2020-05-20T03:18:27Z,"trap metal,horrorcore,rap metal","MUPPY",0.725,0.675,1,-5.814,1,0.236,0.178,0,0.207,0.498,149.989,4
spotify:track:5sm9g8TBlguVx9VH5gFf5W,"no heart","scum singles (:","scum",2017-10-03,164887,24,false,elitealienzz,2020-05-20T03:18:47Z,"emo rap","Repost Network",0.641,0.687,6,-4.536,0,0.0387,0.309,0.168,0.164,0.106,130.052,4
spotify:track:0QiF3l617bIKVrkBqgdMHE,"Troll Under the Bridge","Troll Under the Bridge","gizmo",2018-03-05,115774,15,true,elitealienzz,2020-05-20T03:19:01Z,"trap metal,horrorcore,rap metal,emo rap","784994 Records DK",0.736,0.932,1,-3.726,1,0.271,0.146,0.0025,0.182,0.18,124.514,4
spotify:track:5hOnCHMwQdXOd4qfAWEhKP,"DRAINO (feat. Denzel Curry)","CITY MORGUE VOL 2: AS GOOD AS DEAD","City Morgue;ZillaKami;SosMula;Denzel Curry",2019-12-13,202613,56,true,elitealienzz,2020-05-21T11:07:25Z,"trap metal,horrorcore,emo rap,rap metal,rage rap","Republic Records",0.67,0.731,0,-5.474,1,0.0509,0.0601,0,0.216,0.211,115.051,4
spotify:track:6uDrRADAoejyyOLXbf2hdq,"THE BALLOONS","CITY MORGUE VOL 2: AS GOOD AS DEAD","City Morgue;ZillaKami;SosMula",2019-12-13,110960,48,true,elitealienzz,2020-05-21T11:07:36Z,"trap metal,horrorcore,emo rap,rap metal,rage rap","Republic Records",0.617,0.591,1,-4.915,0,0.0843,0.089,0,0.114,0.227,160.078,4
spotify:track:0T6wsLOq4GmZL4HtOseM4k,"SHINNERS13","CITY MORGUE VOL 1: HELL OR HIGH WATER","City Morgue;ZillaKami;SosMula",2018-10-12,102586,51,true,elitealienzz,2020-05-21T11:07:44Z,"trap metal,horrorcore,emo rap,rap metal,rage rap","Republic Records",0.542,0.908,1,-2.857,1,0.0575,0.0966,0,0.134,0.509,78.048,4
spotify:track:6dIMYXE0iAoXfjQGU1aFdy,"SCREAMING AT THE RAIN","CITY MORGUE VOL 2: AS GOOD AS DEAD","City Morgue;ZillaKami;SosMula",2019-12-13,117320,52,true,elitealienzz,2020-05-21T11:07:50Z,"trap metal,horrorcore,emo rap,rap metal,rage rap","Republic Records",0.828,0.642,2,-5.16,0,0.3,0.0938,0,0.108,0.104,89.972,4
spotify:track:5Ysq5wZM9uFeH2lKOBVlah,"GreyGods (feat. $Uicideboy$)","Grey Gorilla","Ramirez;$uicideboy$",2017-06-10,192750,0,true,elitealienzz,2020-05-21T11:08:11Z,"horrorcore,trap metal,emo rap,cloud rap,underground hip hop","Grey Gods",0.796,0.674,2,-6.395,1,0.168,0.0186,0.0000112,0.0776,0.359,160.029,4
spotify:track:6Bh3lqFN3BgVaP2j5l99tH,"The Mystical Warlock","World War","Ramirez",2017-04-13,195000,0,true,elitealienzz,2020-05-21T11:08:16Z,"horrorcore,trap metal","G*59 Records",0.808,0.867,8,-3.555,1,0.114,0.0527,0.0148,0.587,0.601,160.03,4
spotify:local:::Rondo+-+Face+To+Face+%28Exposing+Me+RMX%29:220,"Rondo - Face To Face (Exposing Me RMX)","","",,220000,0,false,elitealienzz,2020-05-28T05:37:33Z,"","undefined",,,,,,,,,,,,
spotify:local:::KETAMA126+-+DIABLO:157,"KETAMA126 - DIABLO","","",,157000,0,false,elitealienzz,2020-05-28T07:37:29Z,"","undefined",,,,,,,,,,,,
spotify:track:0e7P4P19uZccohrwLYVblU,"Trash","Trash","Lil Happy Lil Sad",2019-07-23,100728,0,true,elitealienzz,2020-06-02T09:54:44Z,"emo rap","Lil Happy Lil Sad / Opposition",0.518,0.33,4,-9.891,0,0.0873,0.882,0.00812,0.103,0.176,89.724,4
spotify:track:5rPIzRKZV0AvI2lCxBXV9G,"MHM Freestyle","MHM Freestyle","Lil Toe",2018-11-09,148724,28,true,elitealienzz,2020-06-02T09:54:50Z,"trap metal","Get Dough",0.754,0.692,8,-2.225,0,0.0634,0.0388,0,0.254,0.53,77.488,4
spotify:track:0mAMjQ5s5qKGanzZqmZemn,"Love Kills Slowly (feat. Fat Nick & Night Lovell)","Love Kills Slowly (feat. Fat Nick & Night Lovell)","DJ Scheme;Fat Nick;Night Lovell",2018-05-25,175751,34,true,elitealienzz,2020-06-02T09:54:55Z,"cloud rap,horrorcore,trap metal,emo rap","Dark Side MGMT",0.801,0.501,1,-4.768,1,0.0464,0.632,0,0.167,0.565,134.082,4
spotify:track:1fdCURJWeim1ca2kSlh6Wb,"October","October","Hector Vae;Lil Peep",2016-01-20,131317,60,false,elitealienzz,2020-06-02T09:55:00Z,"emo rap,cloud rap","Hector Vae",0.656,0.347,1,-9.849,1,0.0357,0.0277,0.00122,0.108,0.117,75,3
spotify:track:1IQPHBqa55SVfJQShuX8xP,"Make Out Hill","Make Out Hill","Cobie;Shiloh Dynasty",2018-06-27,205975,0,true,elitealienzz,2020-06-02T09:55:04Z,"lo-fi","901289 Records DK",0.831,0.513,0,-8.415,1,0.215,0.233,0.0000802,0.114,0.363,139.992,4
spotify:track:6FxKi0jjol5jGHwB6gKsIf,"Dead","Dead","STRVCT",2018-01-02,128860,21,true,elitealienzz,2020-06-02T09:55:12Z,"","763232 Records DK",0.696,0.757,1,-12.259,1,0.3,0.344,0.0258,0.0989,0.484,94.998,4
spotify:track:2kxZnZBMfHbinyLaSDvP4Z,"Sorry","SOLOS 2","Lil Bo Weep;nthngxxcitxsmx",2018-01-15,152647,37,false,elitealienzz,2020-06-02T09:55:24Z,"emo rap","LiL BO WEEP",0.507,0.322,4,-8.926,0,0.046,0.354,0.00184,0.428,0.0353,81.996,4
spotify:track:5OJmo8rtKDDSFEN046e2G4,"Light Leaking Through","The Place I Call Home","Kodyak;Bones",2018-03-17,234684,30,true,elitealienzz,2020-06-02T09:55:39Z,"cloud rap,uk drill,drill","755466 Records DK",0.619,0.498,0,-10.43,1,0.0359,0.197,0.759,0.276,0.171,125.035,4
spotify:track:2LNMhZ3YijTO7USmqjgJfG,"CLOUT COBAIN | CLOUT CO13A1N","TA13OO","Denzel Curry",2018-07-27,231333,58,true,elitealienzz,2020-06-02T09:55:59Z,"","Loma Vista",0.794,0.448,10,-4.771,0,0.0539,0.591,0,0.109,0.588,120.055,4
spotify:track:0mbiOEQYiwwrSxHDfRfgAX,"Rabbit Hole","Rabbit Hole","Whxami",2018-09-17,232573,6,true,elitealienzz,2020-06-02T09:56:08Z,"emo rap","849622 Records DK",0.704,0.593,9,-8.977,1,0.0487,0.295,0,0.151,0.0395,117.246,4
spotify:track:562If4OJFL1ptRIfMCEyT7,"1992","1992","Skeler",2017-07-25,165172,35,true,elitealienzz,2020-06-02T09:56:15Z,"witch house,drift phonk","4AM",0.829,0.651,2,-6.248,1,0.0421,0.0475,0.723,0.102,0.454,124.975,4
spotify:track:5kElIh62XbmpGwfR0cYaZn,"Не по пути","Не по пути","PHARAOH",2018-10-11,156733,49,true,elitealienzz,2020-06-02T09:56:24Z,"","SELF-ISSUED",0.812,0.634,10,-8.31,1,0.136,0.45,0.00000342,0.128,0.609,98.015,4
spotify:track:5q7R8XH71VCUg850M2ZOoo,"Why'd You Have to Go","Journal 17","HKFiftyOne",2018-02-03,189951,29,true,elitealienzz,2020-06-02T09:56:36Z,"emo rap,spoken word","HKFiftyOne",0.531,0.522,6,-10.148,0,0.0322,0.139,0.00383,0.185,0.246,145.005,4
spotify:track:2AEUXQ1M4tI4mfen8vHV5k,"Hold Me Down","Key Stone Prince","Shakewell",2017-05-09,149000,0,true,elitealienzz,2020-06-02T09:56:43Z,"trap metal,horrorcore,emo rap","All But 6 Records",0.832,0.597,8,-7.669,0,0.041,0.113,0,0.121,0.625,120.024,4
spotify:track:3xJBPyLpLO4y0tm739lQYh,"Did You Remember?","The Kid Before Trunks","Kid Trunks",2017-09-22,150022,15,true,elitealienzz,2020-06-02T09:57:25Z,"","The Kid Before Trunks LLC",0.448,0.43,11,-10.111,0,0.039,0.0427,0.448,0.251,0.0767,135.939,4
spotify:track:0dc3ds3WAOo6TazfgBuT0E,"20 Years Later","4EVERFRIDAY SZN TWO","Yung Pinch",2018-12-21,215188,47,true,elitealienzz,2020-06-02T09:57:35Z,"melodic rap","TWNSHP",0.762,0.518,9,-7.283,0,0.109,0.232,0.00000111,0.113,0.547,144.942,4
spotify:track:1SgR1R9cEWcZu4Xjso4qcK,"where are all of my friends?","where are all of my friends?","Savage Ga$p;fats'e;Kevin Kazi",2019-01-04,167183,17,true,elitealienzz,2020-06-02T09:57:42Z,"trap metal,emo rap","Version III",0.775,0.698,8,-6.505,1,0.296,0.0692,0,0.11,0.592,112.07,4
spotify:track:1xqHV57CCnpgFzqXk8el7i,"Promessa","Promessa","Vale Pain",2020-06-04,196019,24,true,elitealienzz,2020-06-04T15:08:05Z,"italian trap,drill","Cantera srl",0.428,0.665,8,-6.408,0,0.166,0.51,0.000111,0.196,0.307,137.636,5
spotify:track:0ZzXPo0gS5h718w7WErG44,"Polvere (feat. Capo Plaza)","Vita Vera Mixtape","Tedua;Chris Nolan;AVA;Capo Plaza",2020-06-05,252991,52,true,elitealienzz,2020-06-05T07:53:27Z,"italian trap,concerto,trap","KURAMA s.r.l.",0.482,0.483,5,-8.993,0,0.283,0.118,0.00000943,0.104,0.139,181.945,3
spotify:track:7vLQn9De3vNvf2NU8dfGzY,"Purple","Vita Vera Mixtape","Tedua;Chris Nolan",2020-06-05,190121,45,true,elitealienzz,2020-06-05T07:55:02Z,"italian trap,concerto","KURAMA s.r.l.",0.5,0.669,9,-7.741,1,0.438,0.0233,0,0.0709,0.343,82.221,4
spotify:track:4hQULJZ637uTdjHKhsyJ9B,"Motivo","Vita Vera Mixtape","Tedua;Chris Nolan",2020-06-05,113103,38,true,elitealienzz,2020-06-05T07:55:09Z,"italian trap,concerto","KURAMA s.r.l.",0.896,0.663,6,-4.995,0,0.246,0.208,0,0.0551,0.347,101.905,4
spotify:track:6eHFmKtTsTYCcZzrX5huFX,"King of the Dead","King of the Dead","XEN",2019-08-29,70761,0,true,elitealienzz,2020-06-05T08:56:24Z,"","Xen Studios",0.845,0.779,1,-4.456,1,0.18,0.000333,0,0.164,0.724,142.155,4
spotify:track:37gqBnUAZe8BY8WR56kDNk,"I Put My Dick in Your Mental","Blvc Svnd X Gizmo","gizmo",2018-02-22,140325,38,true,elitealienzz,2020-06-06T13:01:48Z,"trap metal,horrorcore,rap metal,emo rap","784994 Records DK",0.774,0.751,1,-2.445,1,0.198,0.0614,0,0.0728,0.189,109.98,4
spotify:track:76fHckyYc9YOoqnjAW09cB,"Birds Eye","Venom","gizmo;Killstation",2018-06-26,98089,27,true,elitealienzz,2020-06-06T13:02:01Z,"trap metal,horrorcore,rap metal,emo rap,cloud rap","784994 Records DK",0.788,0.82,7,-3.566,1,0.226,0.00363,0.012,0.15,0.212,98.012,3
spotify:track:3dzwxkefk58p6aXC3ADRt9,"Дико, например","Дико, например","PHARAOH",2017-05-28,168000,55,true,elitealienzz,2020-06-12T16:04:58Z,"","SELF-ISSUED",0.891,0.624,6,-6.636,1,0.0789,0.114,0.00711,0.104,0.084,90.073,4
spotify:track:2yDkpNNVztuqAmAs2aFUvJ,"Hey Mama","Hey Mama","Neima Ezza",2020-05-08,187105,51,false,elitealienzz,2020-06-17T09:05:13Z,"italian trap","YALLA MOVEMENT",0.416,0.932,6,-5.389,0,0.146,0.232,0.00000146,0.154,0.257,93.287,4
spotify:track:0gw3CpnLEGzMg1QmmQJoWQ,"Lo sanno","Lo sanno","Neima Ezza;Sacky",2019-07-07,114193,31,true,elitealienzz,2020-06-17T09:05:26Z,"italian trap,drill","Onlyflex",0.753,0.523,1,-6.15,1,0.491,0.451,0,0.309,0.173,62.09,4
spotify:track:0X2vsDmFuZNdCkXj4BbcvR,"Dicono di me","Dicono di me","Keta",2020-02-14,144000,20,true,elitealienzz,2020-06-17T17:40:31Z,"italian trap,drill","REAL MUSIC 4 EVER",0.757,0.485,10,-11.161,0,0.283,0.216,0,0.507,0.748,150.128,4
spotify:track:4ELkYJjJpGXrh0tHtJ0Uav,"MonsterMash","REMAINS","BONES;Lyson",2020-05-31,97833,53,true,elitealienzz,2020-06-23T23:24:41Z,"cloud rap,emo rap,horrorcore,trap metal,underground hip hop","TeamSESH",0.767,0.497,10,-7.657,0,0.0476,0.0312,0.724,0.104,0.296,151.963,4
spotify:track:0HPCWHtZD5WaMuGNyNsCwt,"LICHTER","THREE STEPS APART","absent",2020-06-26,148449,32,true,elitealienzz,2020-06-26T18:09:55Z,"german hip hop,cloud rap","absent",0.822,0.473,1,-13.007,0,0.0698,0.226,0.000253,0.0945,0.665,133.02,4
spotify:track:07twUUK8jWUCVsrSoEgbLW,"Back At It (feat. Lil Baby)","Back At It (feat. Lil Baby)","Lil Mosey;Lil Baby",2020-06-26,156532,40,true,elitealienzz,2020-06-26T18:10:05Z,"melodic rap","Mogul Vision/Interscope Records",0.741,0.678,1,-5.835,1,0.355,0.0204,0,0.0782,0.718,165.106,4
spotify:track:2rC9QJvG2GN4xhxitG2fn8,"Black Lungs","Black Lungs","Live Solum;Prompto",2020-06-17,129015,0,true,elitealienzz,2020-06-26T18:10:29Z,"trap metal","1309965 Records DK",0.552,0.918,4,-4.874,0,0.343,0.335,0.000732,0.598,0.289,120.169,4
spotify:track:1fXfxx3vZN3EpLReru5bUH,"SMH FREESTYLE.","FANTASY VXID","Scarlxrd",2020-06-26,158896,19,true,elitealienzz,2020-06-26T18:10:40Z,"trap metal,rap metal,horrorcore,emo rap","Universal-Island Records Ltd.",0.777,0.767,2,-5.334,1,0.116,0.271,0.00000309,0.17,0.698,145.128,4
spotify:track:2c0ZVQO1KCePfF7145dIhe,"Andale","Andale","Emis Killa;Westside Gunn",2020-06-17,184902,23,true,elitealienzz,2020-06-26T18:11:08Z,"italian trap,boom bap,alternative hip hop,jazz rap,experimental hip hop","Epic",0.732,0.721,1,-3.987,1,0.171,0.253,0,0.118,0.476,116.938,4
spotify:track:15sRiZACZvpxQHd00kXtr4,"Mood Swings","Mood Swings","Josh A",2020-06-20,186290,29,false,elitealienzz,2020-06-26T18:11:16Z,"emo rap","Josh A",0.605,0.526,0,-8.952,0,0.071,0.488,0,0.101,0.339,83.94,4
spotify:track:0lkRQwNIgTJ23rUUjiF4iS,"Memphis","Memphis","Nik $ix",2020-06-19,101459,0,true,elitealienzz,2020-06-26T18:11:25Z,"","63 City/Old School Flow, LLC",0.774,0.326,1,-14.671,1,0.0972,0.0497,0.277,0.113,0.263,155.964,4
spotify:track:1oOEkBNp4zWnkD7nWjJdog,"Snow On Tha Bluff","Snow On Tha Bluff","J. Cole",2020-06-16,235480,65,true,elitealienzz,2020-06-26T18:11:30Z,"rap","Dreamville, Inc., Under exclusive license to Roc Nation Records",0.586,0.512,8,-8.819,0,0.0668,0.723,0.0002,0.119,0.235,75.857,4
spotify:track:02pf9lLM8Nb8l4u4ts1GWb,"My Nigga","My Krazy Life (Deluxe)","YG;Jeezy;Rich Homie Quan",2014-01-01,235600,0,true,elitealienzz,2020-06-26T19:55:07Z,"hyphy,southern hip hop,crunk,rap,gangster rap","Def Jam Recordings",0.673,0.464,10,-6.864,0,0.201,0.0933,0,0.21,0.762,171.043,4
spotify:track:00bEP3V5Ova0ihFnLUFbK2,"Bryan Fury","Bryan Fury","Depth Strida",2019-08-26,138756,15,true,elitealienzz,2020-06-30T21:18:27Z,"trap metal,horrorcore","1201085 Records DK",0.583,0.915,4,-2.191,1,0.464,0.0936,0,0.348,0.628,179.836,4
spotify:track:2M9vxLzaqlvZTt7WwAJ2OF,"Morrissey","Wish Me Well","Cold Hart;YAWNS",2018-06-29,187000,26,true,elitealienzz,2020-06-30T21:18:37Z,"emo rap,cloud rap","Gothboiclique Records",0.546,0.445,10,-10.218,0,0.0955,0.597,0.0000382,0.14,0.107,164.981,4
spotify:track:5LOxZpKQYomYJH6d1OhDPO,"Super Villain","Super Villain","Killxora",2020-01-05,142123,0,true,elitealienzz,2020-06-30T21:18:42Z,"","Killxora",0.552,0.492,4,-11.475,0,0.266,0.114,0.0000377,0.117,0.0819,175.219,4
spotify:track:0VYT9CSqq6TumKLHdSFzV8,"Children of the Corn","Children of the Corn","Jmattson;Witchouse 40k;Mvko;Tumaggz",2019-07-19,177031,0,true,elitealienzz,2020-06-30T22:08:31Z,"trap metal,horrorcore","HELLHOUND MILITIA",0.826,0.933,1,-5.245,0,0.186,0.0297,0.00000172,0.381,0.213,129.992,4
spotify:track:00cES4tfnJkzo1ySYfpxZf,"Only Fear of Death","Beatzz","Izzamuzzic",2019-12-23,256057,0,false,elitealienzz,2020-06-30T22:08:41Z,"","605707 Records DK",0.685,0.298,1,-9.585,1,0.0457,0.873,0.926,0.109,0.0874,90.004,4
spotify:track:4AZPVCDIvsc8dSj6FNYssH,"беспредел","беспредел","вышел покурить",2018-03-18,131206,35,true,elitealienzz,2020-06-30T22:08:55Z,"","Dying sky",0.973,0.411,8,-11.059,1,0.236,0.109,0.00000117,0.0861,0.369,117.027,4
spotify:track:1MkHY1n1bGVQ6seKImIE2E,"Crystal Lake","A3","ALI3NHEAD",2018-11-09,128407,0,true,elitealienzz,2020-06-30T22:09:00Z,"","MOVES Recordings",0.692,0.545,6,-7.054,1,0.09,0.152,0.000499,0.117,0.516,156.97,4
spotify:track:6b64wfFRjHTwmVJDp3IV9X,"friday the 13th","Poison Ivy","Yung Lean",2018-11-02,162322,0,false,elitealienzz,2020-06-30T22:09:07Z,"cloud rap","YEAR0001",0.515,0.493,9,-7.097,1,0.215,0.845,0.00132,0.104,0.308,159.56,4
spotify:track:0Tq0mQZCLEPC443INCip96,"Keine Liebe wo Geld ist","Kaputt","Rojas",2018-12-21,210201,38,true,elitealienzz,2020-06-30T22:09:18Z,"german hip hop","Press Play",0.575,0.52,5,-7.44,1,0.364,0.382,0.374,0.133,0.435,100.492,5
spotify:track:2O4HtQxdG0JaN85SzNhaWr,"DEADMAN WUNDERLAND","DEADMAN WUNDERLAND","Aries",2017-04-18,135000,0,true,elitealienzz,2020-06-30T22:09:27Z,"","WUNDERWORLD",0.592,0.847,4,-3.784,1,0.0475,0.206,0,0.281,0.369,112.032,4
spotify:track:0P9rK38MhcujO35AHbRsF9,"AGORA","AGORA","YUNG DORI;$uicideboy$;RIVERSIDE JYNN",2019-05-02,219154,53,true,elitealienzz,2020-06-30T22:09:32Z,"emo rap,horrorcore,cloud rap,trap metal,underground hip hop","MURKMOB",0.537,0.4,9,-13.532,1,0.41,0.041,0,0.0917,0.153,145.86,4
spotify:track:2a70a8nDkh7pjzkGA8CbQ3,"Nur zur Info","Rich Rich","Ufo361",2020-04-24,142198,0,true,elitealienzz,2020-06-30T22:09:37Z,"german hip hop,turkish hip hop","Stay High",0.721,0.379,8,-11.664,1,0.392,0.214,0.139,0.106,0.167,88.801,4
spotify:track:6s9fTZWoAHxQHxdGwpSjEw,"Heartbreak Killer.","Heartbreak Killer.","Ramtin",2019-01-25,138227,25,true,elitealienzz,2020-06-30T22:09:57Z,"","#RAMTIN",0.539,0.585,7,-7.931,1,0.0549,0.479,0,0.105,0.165,180.069,4
spotify:track:19dLNLiaBRVDub5F8BC8Lp,"Pay Me","Pay Me","Lil West;Night Lovell",2019-12-13,155866,40,true,elitealienzz,2020-06-30T22:10:02Z,"emo rap,horrorcore,trap metal","Republic Records",0.699,0.321,1,-11.684,1,0.122,0.503,0,0.105,0.171,90.025,4
spotify:track:6ee5GHY7Hzhen1tLIjsGh6,"69","Steven Richard Pt.1","Niacavaon",2017-07-31,222709,0,false,elitealienzz,2020-06-30T22:10:07Z,"cloud rap","ContentView",0.741,0.292,10,-10.117,1,0.0485,0.261,0,0.167,0.367,129.998,4
spotify:track:4D2pxxPpgyJdowXmebsXKs,"Mangroves","BAD DREAM CATCHER","SHAHMEN",2019-10-31,278974,0,false,elitealienzz,2020-06-30T22:10:13Z,"","HOUSE of BLESS",0.719,0.538,6,-12.287,0,0.237,0.0415,0.104,0.0825,0.275,85.99,4
spotify:track:7JeE2EvclQyeRotBWk7Osg,"luv in my cup","luv in my cup","lilwaterbed",2017-10-13,245342,26,true,elitealienzz,2020-06-30T22:10:18Z,"","Repost Network",0.914,0.324,4,-11.865,1,0.0932,0.0275,0.000899,0.105,0.186,120.154,4
spotify:track:0RPLQ0S48GhCE0x1rPqFAw,"Dark Out","Global Meltdown","Global Dan;Global AzN",2019-06-28,180080,16,true,elitealienzz,2020-06-30T22:10:38Z,"melodic rap,emo rap","EQT Recordings, LLC",0.552,0.733,6,-6.626,1,0.202,0.0461,0,0.0703,0.333,159.818,4
spotify:track:0BdFIagxCXMY6CzfgHEtYL,"Bloody Tides","The Murder At Mammoth Lake","Stan;Tazdied",2019-10-31,169115,0,true,elitealienzz,2020-06-30T22:10:43Z,"","Red Raven Music Group",0.73,0.735,11,-7.629,0,0.164,0.135,0.000319,0.587,0.399,118.997,4
spotify:track:7M3NxYiwGBs2wPMX2fRlJ6,"Money Talk","Money Talk","KIDR",2019-11-14,160666,38,true,elitealienzz,2020-06-30T22:11:25Z,"trap metal","Kidr",0.799,0.784,11,-5.154,1,0.173,0.513,0.0000295,0.186,0.438,90.081,4
spotify:track:7KIu4mvC8jmrZ4MB0JXDhA,"DIABLO","KETY REBORN","Ketama126",2020-07-03,148468,27,true,elitealienzz,2020-07-05T01:33:07Z,"italian trap","Epic",0.608,0.738,11,-7.866,1,0.265,0.0546,0,0.0827,0.264,143.015,4
spotify:track:0blBnxZjYFjP1DsyAuBo1O,"Rxdical Forever","There Is No Threat","Anonymuz",2019-03-25,144042,0,true,elitealienzz,2020-07-07T11:03:50Z,"","Rxdical Records llc",0.633,0.707,7,-7.132,1,0.0828,0.326,0,0.246,0.221,140.039,4
spotify:track:2mXPIzijvpkBmmD3s119de,"Fantasy","Forever, Yours","Pollari",2018-10-08,207908,0,true,elitealienzz,2020-07-07T11:04:01Z,"emo rap","Kroseii Records",0.436,0.61,4,-6.375,0,0.091,0.623,0.0000214,0.124,0.0971,149.698,4
spotify:track:7KmaqxaakNs8frMSc4a0Bc,"Chernobyl","Infinity Boy","Oliver Francis",2018-04-01,149243,0,true,elitealienzz,2020-07-07T11:04:24Z,"emo rap,cloud rap,melodic rap","Oliver Francis",0.746,0.661,10,-7.658,0,0.268,0.0427,0.00000904,0.14,0.181,118.972,4
spotify:track:4RqaqcG9njIdAZxrpek2wc,"Luv U Like an Addict","Luv U Like an Addict","LVR BOY",2019-02-14,219240,10,true,elitealienzz,2020-07-07T11:04:36Z,"emo rap","Never Settle",0.612,0.576,4,-8.931,0,0.045,0.00708,0.0000538,0.16,0.402,130.054,4
spotify:track:30GFznA5tEkiJoP3Kobsup,"HOLD UR TONGUE (PROD. CXRPSE)","HOLD UR TONGUE (PROD. CXRPSE)","CHRIS VAYLE;Cxrpse",2017-05-28,150804,25,true,elitealienzz,2020-07-07T11:04:44Z,"trap metal,horrorcore","Repost Network",0.768,0.904,7,-2.211,1,0.403,0.00764,0.0735,0.401,0.316,95.011,4
spotify:track:57SuJXzWHGSGK8xPQ5jHZ5,"Xanax!","Xanax!","Okaminokami;Dkoolpharoah",2018-08-01,160062,10,true,elitealienzz,2020-07-07T11:04:57Z,"trap metal,horrorcore","Repost Network",0.851,0.457,2,-8.015,0,0.167,0.0028,0.00916,0.107,0.164,75.499,4
spotify:track:2rB9VswYbkbRgIvRTAVCgd,"Monster","Monster","Sinner's Heist;Lox Chatterbox",2018-05-16,221793,0,false,elitealienzz,2020-07-07T11:05:03Z,"future bass","Trap Nation",0.552,0.88,11,-5.599,0,0.476,0.0527,0,0.0756,0.376,144.935,4
spotify:track:3mfnPJ2UaRHvqkC3FlrZNH,"Out My Mind","Pink Hondaz 2","The Teeta;SpaceMan Zack",2019-11-04,174915,0,true,elitealienzz,2020-07-07T11:05:18Z,"emo rap","The Teeta/Spaceman Zack",0.683,0.523,11,-7.225,1,0.0416,0.418,0,0.0993,0.143,129.992,4
spotify:track:2bsTNuMUCmyLn6ofiNF0p6,"Stoic","Unknown","Auxxk;Na$tii",2018-07-04,121000,0,true,elitealienzz,2020-07-07T11:05:32Z,"trap metal,horrorcore","Vii Firm",0.599,0.858,2,-6.226,1,0.212,0.103,0.00178,0.234,0.683,131.965,4
spotify:track:5Kr7QGT13qHpZH4IqnuaUc,"Super Fun Time","Super Fun Time","Brando+;TrippyThaKid",2018-07-20,101647,0,true,elitealienzz,2020-07-07T11:06:37Z,"trap metal","Midnight Society",0.815,0.822,1,-4.457,1,0.297,0.0244,0,0.188,0.796,170.013,4
spotify:track:7boA06T9Id0bfSwiLp62bn,"FADE","FADE","WHITE KATANA;niteboi",2017-01-01,226290,33,false,elitealienzz,2020-07-07T11:06:48Z,"witch house,drift phonk","WHITE KATANA & niteboi",0.553,0.88,8,-4.374,0,0.0502,0.0506,0.312,0.111,0.0714,139.996,4
spotify:track:0zUJbZFIR5v2gCfbdg8yTS,"Runaway","Runaway","Mishaal Tamer",2018-04-18,151601,0,true,elitealienzz,2020-07-07T11:06:54Z,"","820223 Records DK",0.608,0.434,1,-9.678,0,0.454,0.136,0.000265,0.0685,0.379,79.209,4
spotify:track:66fgl0W8EAxMhTntfQ9B7U,"Jollys","Azur","Edo Saiya;negatiiv OG",2018-08-02,227622,39,true,elitealienzz,2020-07-07T11:07:11Z,"german hip hop","Edo Saiya",0.831,0.376,1,-9.958,1,0.289,0.48,0,0.0769,0.585,135.065,4
spotify:track:6GkG4qynX4LE1JCAqPz0Xl,"The 7th Floor","Thorn HellRaiser Series","Tvbuu",2019-05-28,133660,36,true,elitealienzz,2020-07-08T16:33:54Z,"trap metal,horrorcore","SVVVGE HOUSE",0.468,0.537,1,-2.176,1,0.0339,0.00019,0.00072,0.113,0.0561,171.821,4
spotify:track:2WVwkUESTPxl56IqlCv26I,"No Disappointments","Thorn HellRaiser Series","Tvbuu",2019-05-28,223066,25,true,elitealienzz,2020-07-08T16:33:54Z,"trap metal,horrorcore","SVVVGE HOUSE",0.582,0.868,10,-6.578,0,0.322,0.0446,0.00000709,0.146,0.3,126.083,3
spotify:track:4Qsa02aioiffimhBfjsZ8q,"A Thousand Rounds in the Chamber Makes Me More Than a Stranger","Thorn HellRaiser Series","Tvbuu",2019-05-28,150750,5,true,elitealienzz,2020-07-08T16:33:54Z,"trap metal,horrorcore","SVVVGE HOUSE",0.795,0.865,0,-4.021,1,0.158,0.0581,0.00000187,0.325,0.403,139.972,4
spotify:track:47o3iunQ8JMPtAqK7Zu9yz,"$Vvvge $Laughter","Thorn HellRaiser Series","Tvbuu",2019-05-28,154516,2,true,elitealienzz,2020-07-08T16:33:54Z,"trap metal,horrorcore","SVVVGE HOUSE",0.636,0.695,9,-7.846,1,0.581,0.042,0.0571,0.106,0.27,130.987,4
spotify:track:3TRT2rU24z73YLfDwwdX7e,"$Uckerpunch","Thorn HellRaiser Series","Tvbuu",2019-05-28,153460,3,true,elitealienzz,2020-07-08T16:33:54Z,"trap metal,horrorcore","SVVVGE HOUSE",0.657,0.479,8,-13.161,1,0.582,0.137,0.0155,0.0962,0.437,99.863,4
spotify:track:0yJHyUhDS7nmXeEBzoYaq9,"5 Days After the Execution","Thorn HellRaiser Series","Tvbuu",2019-05-28,146214,4,true,elitealienzz,2020-07-08T16:33:54Z,"trap metal,horrorcore","SVVVGE HOUSE",0.806,0.795,9,-6.102,1,0.325,0.033,0,0.37,0.448,120.079,4
spotify:track:2ZmojYF8EPfkCNw9xyUveQ,"40 Mickey$","Thorn HellRaiser Series","Tvbuu",2019-05-28,113157,2,true,elitealienzz,2020-07-08T16:33:54Z,"trap metal,horrorcore","SVVVGE HOUSE",0.556,0.829,1,-5.354,1,0.481,0.202,0,0.24,0.483,85.183,4
spotify:track:100bLnRQNT0GJTZh7BJwN1,"Anger I$$Ues","Thorn HellRaiser Series","Tvbuu",2019-05-28,159147,2,true,elitealienzz,2020-07-08T16:33:54Z,"trap metal,horrorcore","SVVVGE HOUSE",0.764,0.674,5,-8.346,0,0.131,0.00929,0.000893,0.871,0.482,126,4
spotify:track:5H7KX4TC4i0aqbt3z0OSt9,"Area 51","Thorn HellRaiser Series","Tvbuu",2019-05-28,182596,2,true,elitealienzz,2020-07-08T16:33:54Z,"trap metal,horrorcore","SVVVGE HOUSE",0.709,0.844,0,-5.141,0,0.18,0.0878,0,0.0547,0.431,139.992,4
spotify:track:3yrc8Bwo9Rn4darHd2c0wZ,"Bite the Poison Apple","Thorn HellRaiser Series","Tvbuu",2019-05-28,176041,4,true,elitealienzz,2020-07-08T16:33:54Z,"trap metal,horrorcore","SVVVGE HOUSE",0.704,0.769,8,-3.242,1,0.181,0.159,0.0121,0.298,0.411,126.869,4
spotify:track:7vSaII7RTIJuVjfLnymUIC,"Chkn Scratch","Thorn HellRaiser Series","Tvbuu",2019-05-28,108632,3,true,elitealienzz,2020-07-08T16:33:54Z,"trap metal,horrorcore","SVVVGE HOUSE",0.449,0.778,8,-5.075,1,0.229,0.000406,0.000251,0.123,0.0392,180.076,4
spotify:track:02nukyGuoYqZ4A9aObT6qR,"Death Row","Thorn HellRaiser Series","Tvbuu",2019-05-28,103872,2,true,elitealienzz,2020-07-08T16:33:54Z,"trap metal,horrorcore","SVVVGE HOUSE",0.517,0.777,5,-8.031,0,0.396,0.49,0,0.283,0.441,84.009,5
spotify:track:21lwyHB22OCCQXaHlUZd1M,"Desecration Before Disaster","Thorn HellRaiser Series","Tvbuu;CHOIRBOY",2019-05-28,115921,14,true,elitealienzz,2020-07-08T16:33:54Z,"trap metal,horrorcore","SVVVGE HOUSE",0.827,0.727,11,-3.704,0,0.246,0.259,0.0000141,0.0541,0.31,120.062,4
spotify:track:0XOPjyu3FF6aiKQVuEcMfg,"Enter the Den","Thorn HellRaiser Series","Tvbuu;OG SILENT",2019-05-28,152830,2,true,elitealienzz,2020-07-08T16:33:54Z,"trap metal,horrorcore","SVVVGE HOUSE",0.721,0.846,1,-6.176,1,0.229,0.00353,0.025,0.252,0.248,103.007,4
spotify:track:2fkalKPs4SN47EYq13zUuN,"Explicit Content","Thorn HellRaiser Series","Tvbuu",2019-05-28,206442,1,true,elitealienzz,2020-07-08T16:33:54Z,"trap metal,horrorcore","SVVVGE HOUSE",0.619,0.822,0,-6.513,1,0.203,0.000465,0.00785,0.142,0.205,139.893,4
spotify:track:0IiJoySHRQG6dIAjjAP9Dm,"Flood Warning","Thorn HellRaiser Series","Tvbuu;SupaSortahuman",2019-05-28,135178,1,true,elitealienzz,2020-07-08T16:33:54Z,"trap metal,horrorcore","SVVVGE HOUSE",0.812,0.895,10,-6.088,0,0.374,0.0181,0,0.656,0.576,142.022,4
spotify:track:6b8ONiDsfZsGvht0gAWa7s,"Fool Me Once","Thorn HellRaiser Series","Tvbuu",2019-05-28,139537,3,true,elitealienzz,2020-07-08T16:33:54Z,"trap metal,horrorcore","SVVVGE HOUSE",0.711,0.941,4,-1.272,0,0.12,0.392,0,0.447,0.143,125.019,4
spotify:track:0btl1SsYlqGfLtV8I1SUTY,"Grvvekeeper","Thorn HellRaiser Series","Tvbuu",2019-05-28,137212,1,true,elitealienzz,2020-07-08T16:33:54Z,"trap metal,horrorcore","SVVVGE HOUSE",0.716,0.764,9,-7.06,0,0.377,0.00164,0,0.316,0.502,147.958,4
spotify:track:6bHrJnnZ0Nbb58LC5mAslT,"Half a Moon and a Thousand Fucks","Thorn HellRaiser Series","Tvbuu",2019-05-28,151750,1,true,elitealienzz,2020-07-08T16:33:54Z,"trap metal,horrorcore","SVVVGE HOUSE",0.48,0.819,2,-6.632,1,0.563,0.0463,0,0.346,0.311,147.941,4
spotify:track:6BRtoKTbGfp0K5jnRzD7ux,"Hows It Been Lately","Thorn HellRaiser Series","Tvbuu",2019-05-28,124013,2,true,elitealienzz,2020-07-08T16:33:54Z,"trap metal,horrorcore","SVVVGE HOUSE",0.743,0.759,11,-6.356,0,0.236,0.201,0.17,0.0961,0.239,180.077,4
spotify:track:26CD32oGyyBsEkQBYQTR95,"Humiliation","Thorn HellRaiser Series","Tvbuu",2019-05-28,83231,1,true,elitealienzz,2020-07-08T16:33:54Z,"trap metal,horrorcore","SVVVGE HOUSE",0.551,0.953,11,-6.603,1,0.38,0.0181,0.165,0.61,0.574,138.613,4
spotify:track:4yoFc5rnLvQDjWpZILxR7W,"Hydroplane","Thorn HellRaiser Series","Tvbuu",2019-05-28,122928,1,true,elitealienzz,2020-07-08T16:33:54Z,"trap metal,horrorcore","SVVVGE HOUSE",0.692,0.748,7,-8.753,0,0.0447,0.00312,0.16,0.171,0.132,124.962,4
spotify:track:5FfyGowWmxZU5Xr9JwRvjZ,"I Called in Today","Thorn HellRaiser Series","Tvbuu",2019-05-28,162110,2,true,elitealienzz,2020-07-08T16:33:54Z,"trap metal,horrorcore","SVVVGE HOUSE",0.802,0.58,11,-9.47,0,0.283,0.00311,0.00000193,0.163,0.513,119.98,4
spotify:track:6qkJnvB1hOkpCfca1Hf97J,"If This Is My Last Song I'm Sorry","Thorn HellRaiser Series","Tvbuu",2019-05-28,80101,1,true,elitealienzz,2020-07-08T16:33:54Z,"trap metal,horrorcore","SVVVGE HOUSE",0.886,0.726,1,-6.64,1,0.0466,0.00207,0,0.151,0.047,120.049,4
spotify:track:68NEi7AdaBmUJ7x34JqThC,"Lost Data II","Thorn HellRaiser Series","Tvbuu;WASMANAME",2019-05-28,181684,3,true,elitealienzz,2020-07-08T16:33:54Z,"trap metal,horrorcore","SVVVGE HOUSE",0.645,0.949,9,-3.833,1,0.455,0.152,0,0.409,0.29,148.054,4
spotify:track:7AtLynbSfURaNWBzk21pQ6,"Move","Thorn HellRaiser Series","Tvbuu",2019-05-28,128151,3,true,elitealienzz,2020-07-08T16:33:54Z,"trap metal,horrorcore","SVVVGE HOUSE",0.736,0.887,1,-3.125,0,0.265,0.0981,0,0.677,0.213,120.06,4
spotify:track:7GNEf7PDpsde9pxzqq1HL3,"Nametag","Thorn HellRaiser Series","Tvbuu",2019-05-28,148736,1,true,elitealienzz,2020-07-08T16:33:54Z,"trap metal,horrorcore","SVVVGE HOUSE",0.858,0.55,2,-8.224,1,0.206,0.00662,0.0000106,0.248,0.113,116.421,4
spotify:track:4z7asboP9FkfCrzCTvyBVk,"Sacrifice for Survival","Thorn HellRaiser Series","Tvbuu",2019-05-28,223364,4,true,elitealienzz,2020-07-08T16:33:54Z,"trap metal,horrorcore","SVVVGE HOUSE",0.613,0.829,0,-4.295,1,0.0835,0.167,0,0.733,0.229,145.958,4
spotify:track:2TfItdz10KYbWBLHBQbIVI,"Separated from the Week","Thorn HellRaiser Series","Tvbuu",2019-05-28,81374,1,true,elitealienzz,2020-07-08T16:33:54Z,"trap metal,horrorcore","SVVVGE HOUSE",0.898,0.736,2,-4.895,1,0.0975,0.0927,0,0.122,0.112,117.956,4
spotify:track:0PH7ra68o6CTFhp0VpxwdZ,"Siamese Tenchu","Thorn HellRaiser Series","Tvbuu",2019-05-28,150374,2,true,elitealienzz,2020-07-08T16:33:54Z,"trap metal,horrorcore","SVVVGE HOUSE",0.817,0.688,10,-11.267,0,0.338,0.019,0.000504,0.0599,0.527,140.449,4
spotify:track:4VyjRWwqdmLiM9KKzQ9kbT,"Stand Out","Thorn HellRaiser Series","Tvbuu;Bearded Legend",2019-05-28,147731,3,true,elitealienzz,2020-07-08T16:33:54Z,"trap metal,horrorcore,drift phonk,phonk","SVVVGE HOUSE",0.889,0.733,1,-5.581,1,0.0725,0.253,0.00127,0.0962,0.101,129.985,4
spotify:track:1XPK1fnwVOxUj0bI4I3yTv,"Story of Onikage","Thorn HellRaiser Series","Tvbuu",2019-05-28,154876,2,true,elitealienzz,2020-07-08T16:33:54Z,"trap metal,horrorcore","SVVVGE HOUSE",0.8,0.661,7,-7.043,1,0.322,0.00705,0.0336,0.0806,0.643,126.017,4
spotify:track:2dWRYayPJCz0qFkmbJCHty,"Targetpractice","Thorn HellRaiser Series","Tvbuu",2019-05-28,163832,1,true,elitealienzz,2020-07-08T16:33:54Z,"trap metal,horrorcore","SVVVGE HOUSE",0.734,0.586,2,-7.033,1,0.324,0.0454,0,0.133,0.197,90.114,4
spotify:track:3Hf2rp7eq0tSlFSd8cCzbJ,"First the Attack Second the End","Thorn HellRaiser Series","Tvbuu;SupaSortahuman",2019-05-28,105300,0,true,elitealienzz,2020-07-08T16:33:54Z,"trap metal,horrorcore","SVVVGE HOUSE",0.825,0.746,1,-6.595,1,0.203,0.0155,0.000012,0.202,0.334,150.47,4
spotify:track:4o6KRQ0GzsJIGcv9HP7ODX,"The Devil Came from Texas","Thorn HellRaiser Series","Tvbuu",2019-05-28,157232,2,true,elitealienzz,2020-07-08T16:33:54Z,"trap metal,horrorcore","SVVVGE HOUSE",0.7,0.92,7,-7.224,1,0.338,0.00692,0.00000204,0.772,0.266,110.109,4
spotify:track:0wLtCKrvMbmLfknFXZ5iWg,"The Eclipse & the Fullmoon","Thorn HellRaiser Series","Tvbuu",2019-05-28,92123,3,true,elitealienzz,2020-07-08T16:33:54Z,"trap metal,horrorcore","SVVVGE HOUSE",0.707,0.538,1,-8.792,1,0.322,0.0659,0.815,0.227,0.306,106.144,4
spotify:track:71XzD6Kj1A6cNxkqRyCkaE,"The End Is Near","Thorn HellRaiser Series","Tvbuu",2019-05-28,156464,2,true,elitealienzz,2020-07-08T16:33:54Z,"trap metal,horrorcore","SVVVGE HOUSE",0.557,0.955,7,-2.42,0,0.492,0.746,0,0.0762,0.109,94.994,4
spotify:track:01ZuVYggK1pwbG4SklHDly,"The Fall","Thorn HellRaiser Series","Tvbuu;SupaSortahuman",2019-05-28,155154,2,true,elitealienzz,2020-07-08T16:33:54Z,"trap metal,horrorcore","SVVVGE HOUSE",0.814,0.782,1,-5.628,1,0.172,0.132,0,0.144,0.0601,99.033,4
spotify:track:6KVY82zQrdB3JwCKw245Et,"Lost Data","Thorn HellRaiser Series","Tvbuu",2019-05-28,116754,8,true,elitealienzz,2020-07-08T16:33:54Z,"trap metal,horrorcore","SVVVGE HOUSE",0.605,0.713,2,-9.947,1,0.386,0.00456,0.3,0.111,0.179,73.932,4
spotify:track:4gzLdPzxT6AMNQ6hFpEsum,"This Is All You Get","Thorn HellRaiser Series","Tvbuu",2019-05-28,151624,4,true,elitealienzz,2020-07-08T16:33:54Z,"trap metal,horrorcore","SVVVGE HOUSE",0.803,0.566,1,-7.261,1,0.265,0.0281,0,0.501,0.0461,114.064,4
spotify:track:6E82SFKGCh1ESIneBuHcsE,"Top Line","Thorn HellRaiser Series","Tvbuu",2019-05-28,237766,1,true,elitealienzz,2020-07-08T16:33:54Z,"trap metal,horrorcore","SVVVGE HOUSE",0.59,0.894,9,-5.802,1,0.351,0.0594,0.0179,0.287,0.534,105.016,3
spotify:track:5wBpbZAtv2uLdk6QW5voVG,"Traffic","Thorn HellRaiser Series","Tvbuu",2019-05-28,104674,1,true,elitealienzz,2020-07-08T16:33:54Z,"trap metal,horrorcore","SVVVGE HOUSE",0.576,0.937,5,-3.501,0,0.254,0.0302,0,0.621,0.385,64.985,4
spotify:track:06L7dNiz4Np1rlqRT8fi9J,"I Disagree","Thorn HellRaiser Series","Tvbuu",2019-05-28,176250,2,true,elitealienzz,2020-07-08T16:33:54Z,"trap metal,horrorcore","SVVVGE HOUSE",0.737,0.837,1,-5.278,1,0.403,0.00828,0.000102,0.177,0.311,98.025,4
spotify:track:2gcTw8o0fcGd1gqZLL1Spa,"Metal Gear Solid","Thorn HellRaiser Series","Tvbuu",2019-05-28,79612,0,true,elitealienzz,2020-07-08T16:33:54Z,"trap metal,horrorcore","SVVVGE HOUSE",0.396,0.799,9,-4.397,1,0.425,0.139,0,0.294,0.103,96.897,4
spotify:track:4skGyxSiZ3jwFWNrPNXXwT,"Panic Attack","Thorn HellRaiser Series","Tvbuu",2019-05-28,133624,1,true,elitealienzz,2020-07-08T16:33:54Z,"trap metal,horrorcore","SVVVGE HOUSE",0.718,0.811,10,-4.362,0,0.118,0.707,0,0.125,0.101,114.982,4
spotify:track:3ysiDWJHj6IWT3qlvUIMV1,"Ss Rank","Thorn HellRaiser Series","Tvbuu",2019-05-28,88750,1,true,elitealienzz,2020-07-08T16:33:54Z,"trap metal,horrorcore","SVVVGE HOUSE",0.523,0.691,9,-6.728,1,0.436,0.00859,0,0.37,0.485,129.621,4
spotify:track:4AC7SHBl3mxcLqjnECJeJ8,"Swampwater","Thorn HellRaiser Series","Tvbuu",2019-05-28,63007,0,true,elitealienzz,2020-07-08T16:33:54Z,"trap metal,horrorcore","SVVVGE HOUSE",0.723,0.817,0,-5.24,1,0.21,0.0413,0.0000283,0.121,0.268,94.877,4
spotify:track:23FKITzN44ge3iWhPa7GdW,"Threat","Thorn HellRaiser Series","Tvbuu",2019-05-28,292510,1,true,elitealienzz,2020-07-08T16:33:54Z,"trap metal,horrorcore","SVVVGE HOUSE",0.732,0.877,5,-4.699,0,0.227,0.0158,0,0.0914,0.317,104.98,4
spotify:track:57UngqnyMzrejmwGTqImYh,"Kill Switch","Thorn HellRaiser Series","Tvbuu",2019-05-28,108624,1,true,elitealienzz,2020-07-08T16:33:54Z,"trap metal,horrorcore","SVVVGE HOUSE",0.617,0.683,9,-10.42,0,0.453,0.331,0,0.119,0.108,80.234,4
spotify:track:2qNJvzdv8rdCLZp6a5d1PR,"Hou$Tuni","Thorn HellRaiser Series","Tvbuu",2019-05-28,190055,0,true,elitealienzz,2020-07-08T16:33:54Z,"trap metal,horrorcore","SVVVGE HOUSE",0.736,0.316,4,-13.173,0,0.326,0.0286,0.0000989,0.113,0.0897,134.408,4
spotify:track:6fUnn4jBz9tEGn6k4j6Wpy,"Soul Cairn","Thorn HellRaiser Series","Tvbuu",2019-05-28,197000,2,true,elitealienzz,2020-07-08T16:33:54Z,"trap metal,horrorcore","SVVVGE HOUSE",0.783,0.713,1,-6.111,1,0.209,0.0523,0,0.374,0.247,147.981,4
spotify:track:3hCJKs1ptgGhPwRfjN8Sg0,"2 Days in the Grave","Thorn HellRaiser Series","Tvbuu",2019-05-28,181242,2,true,elitealienzz,2020-07-08T16:33:54Z,"trap metal,horrorcore","SVVVGE HOUSE",0.545,0.874,8,-3.712,1,0.404,0.00602,0,0.114,0.0789,98.028,4
spotify:track:12iCjzeUvCyifZlBKiwACB,"Painkilla","Thorn HellRaiser Series","Tvbuu;Hxrman",2019-05-28,166162,1,true,elitealienzz,2020-07-08T16:33:54Z,"trap metal,horrorcore","SVVVGE HOUSE",0.732,0.847,0,-6.023,1,0.0946,0.0472,0.00000334,0.113,0.153,114.954,4
spotify:track:2eyA4zoPLAFoJhVBjfCQOs,"Filthy","Thorn HellRaiser Series","Tvbuu;SupaSortahuman",2019-05-28,192002,1,true,elitealienzz,2020-07-08T16:33:54Z,"trap metal,horrorcore","SVVVGE HOUSE",0.812,0.867,11,-3.229,0,0.277,0.394,0.0000952,0.0897,0.0908,120.045,4
spotify:track:4YBjm4BDwHPLgAxCe0PM0g,"Zues","Thorn HellRaiser Series","Tvbuu",2019-05-28,153293,1,true,elitealienzz,2020-07-08T16:33:54Z,"trap metal,horrorcore","SVVVGE HOUSE",0.725,0.818,9,-6.393,1,0.272,0.26,0.00000122,0.204,0.0625,132.278,3
spotify:track:4rf8CokgSLnBWfZUhO24Jk,"Whats Your Pulse","Thorn HellRaiser Series","Tvbuu",2019-05-28,156624,0,true,elitealienzz,2020-07-08T16:33:54Z,"trap metal,horrorcore","SVVVGE HOUSE",0.785,0.696,1,-3.881,1,0.148,0.028,0,0.111,0.0385,135.044,4
spotify:track:2IQcBTKoPl1CCrTQ2XQmGZ,"Take 2","Take 2","Shiva",2020-07-09,182571,0,true,elitealienzz,2020-07-08T22:28:07Z,"italian trap,concerto","Jive",0.787,0.654,1,-6.12,1,0.372,0.0281,0,0.109,0.813,140.194,4
spotify:track:7ytR5pFWmSjzHJIeQkgog4,"ROCKSTAR (feat. Roddy Ricch)","BLAME IT ON BABY","DaBaby;Roddy Ricch",2020-04-17,181733,74,true,elitealienzz,2020-07-17T19:44:48Z,"melodic rap","South Coast Music Group/Interscope Records",0.746,0.69,11,-7.956,1,0.164,0.247,0,0.101,0.497,89.977,4
spotify:track:6eD0T8YR9Lsdu49r7EG6en,"Beretta","Beretta","Massimo Pericolo;Crookers",2020-07-17,162040,0,true,elitealienzz,2020-07-23T20:03:22Z,"italian trap","Pluggers",0.623,0.626,9,-6.558,1,0.115,0.00259,0.000175,0.0979,0.57,89.428,4
spotify:track:6UwDrlflBXm7JpJpotanRJ,"Rollin Off","Rollin Off","ivy babe;Killstation",2017-12-15,193112,17,true,elitealienzz,2020-07-23T20:03:48Z,"trap metal,emo rap,cloud rap,horrorcore","$onoma Music / Swish MGMT",0.447,0.806,8,-5.756,1,0.255,0.0566,0.000065,0.0884,0.142,86.753,5
spotify:track:2ZgwlDYZafir8lwWH5yCJq,"Waiting All Night","Waiting All Night","SLIGHT;Brennan Savage;Cold Hart",2018-08-31,171441,29,false,elitealienzz,2020-07-23T20:03:59Z,"emo rap,cloud rap","SLIGHT, Brennan Savage & Coldhart",0.54,0.429,1,-12.79,1,0.0422,0.589,0.00204,0.31,0.114,127.969,4
spotify:track:35E5QxBH5fkMESYtFWNuTI,"Stars in the Sky","Stars in the Sky","Bill $Aber",2018-10-12,224855,0,true,elitealienzz,2020-07-23T20:04:04Z,"trap metal,horrorcore","Bill $aber",0.472,0.557,10,-12.449,0,0.336,0.83,0,0.238,0.576,94.972,4
spotify:track:6o0nyjHaFGmaD83923RsJF,"Close","Close","soap.",2020-01-01,125454,0,true,elitealienzz,2020-07-23T20:04:09Z,"trap metal,horrorcore","soap.",0.726,0.563,1,-9.925,1,0.0513,0.00348,0.00153,0.118,0.0482,76.978,4
spotify:track:5oD6E74WxfDE9tL2W3NeBr,"Nothing","The Fallen Knights Saga","Product of Pain",2019-04-04,180482,27,true,elitealienzz,2020-07-23T20:04:15Z,"trap metal","966021 Records DK",0.354,0.783,7,-6.887,1,0.16,0.793,0.0000011,0.192,0.492,99.869,4
spotify:track:0wwEb2L8xsGYiLVjgqK6Hl,"Chosen","The Fallen Knights Saga","Product of Pain",2019-04-04,121379,3,true,elitealienzz,2020-07-23T20:04:15Z,"trap metal","966021 Records DK",0.574,0.896,0,-3.002,0,0.178,0.135,0.000385,0.0939,0.179,109.305,5
spotify:track:1caf8c0vwaE2XPxuUOwzyT,"Embracing the Void","The Fallen Knights Saga","Product of Pain",2019-04-04,157794,2,true,elitealienzz,2020-07-23T20:04:15Z,"trap metal","966021 Records DK",0.691,0.579,4,-8.698,0,0.16,0.333,0.0000118,0.133,0.28,137.022,4
spotify:track:6R7bSJn7xBO53MVewvtNT1,"Lord of Death, Pt. 1","The Fallen Knights Saga","Product of Pain",2019-04-04,148343,6,true,elitealienzz,2020-07-23T20:04:15Z,"trap metal","966021 Records DK",0.69,0.746,1,-6.029,1,0.0668,0.186,0.000645,0.0812,0.0768,94.989,4
spotify:track:3g72kgJHRiHgsasT0XyQCq,"WeProbablyShouldn'ttalkanymore","WeProbablyShouldn'ttalkanymore","KAMAARA;Biv",2018-12-15,156151,0,true,elitealienzz,2020-07-23T20:04:33Z,"trap metal,horrorcore","908976 Records DK",0.534,0.852,3,-6.469,0,0.0506,0.00753,0.512,0.117,0.564,140.075,4
spotify:track:5agRPJluuwXuCYeXFyKj2f,"Can't Speak","Sounds.","Eric Godlow",2018-10-05,170126,24,false,elitealienzz,2020-07-23T20:05:20Z,"","1004124 Records DK",0.662,0.16,5,-17.909,1,0.0596,0.949,0.942,0.122,0.749,157.963,4
spotify:track:1lSqu7LFx7v51aGMeKVYaI,"lonewolf","LONEWOLF","convolk",2018-09-25,178523,0,true,elitealienzz,2020-07-23T20:05:29Z,"emo rap,melodic rap","CONVOLK RECORDS",0.602,0.792,8,-4.509,1,0.105,0.00463,0.000161,0.319,0.491,173.972,4
spotify:track:0Nomv0wkoUbvhiBeUWeNuk,"we all die alone","we all die alone","Juvy",2019-02-17,183202,0,true,elitealienzz,2020-07-23T20:05:44Z,"","Juvy",0.74,0.207,0,-18.269,0,0.0339,0.821,0.679,0.1,0.391,106.017,4
spotify:track:69hHLSi1skJHX8hvkkfNQB,"Wait on Me","Wait on Me","Lameboysharp",2019-04-19,195578,17,true,elitealienzz,2020-07-23T20:05:52Z,"","1097954 Records DK",0.815,0.441,1,-9.45,0,0.152,0.373,0.0000794,0.16,0.495,139.99,4
spotify:track:0GfzcQ56djC1L5y6kDYmbM,"Bloody Mary","Bloody Mary","Unaverage Gang",2017-02-02,175991,0,true,elitealienzz,2020-07-23T20:05:59Z,"horrorcore","UAV Records.",0.62,0.674,1,-9.409,1,0.0942,0.0206,0.0039,0.165,0.388,119.808,4
spotify:track:2WoJiJeEzXtn1YAyEOlQSF,"itriedtokillmyself","itriedtokillmyself","ILLAH",2018-01-08,171240,20,false,elitealienzz,2020-07-23T20:06:06Z,"emo rap","Repost Network/infinitewave LLC",0.652,0.328,7,-13.183,0,0.0402,0.924,0.00000496,0.109,0.305,125.06,4
spotify:track:1NYmvQZbikT4s6UreTwdcy,"Majinahanashi","Dead End Adventure","Hideyoshi",2020-01-17,157453,40,true,elitealienzz,2020-07-23T20:06:30Z,"j-rap","Tokyo Young Vision",0.801,0.45,1,-11.715,1,0.323,0.57,0,0.105,0.551,121.884,4
spotify:track:0easEmosKkPhksg0qidzXo,"Roses","Collection One","SAINt JHN",2018-03-30,173610,0,true,elitealienzz,2020-07-23T20:06:40Z,"","Godd Complexx/HITCO",0.782,0.5,5,-6.473,0,0.0611,0.342,0.0000205,0.133,0.281,102.001,4
spotify:track:0ZYNH3Mi0sq8lR3XDWJlYK,"Malandrino","Malandrino","Emis Killa;Jake La Furia",2020-07-24,181471,26,true,elitealienzz,2020-07-24T16:14:56Z,"italian trap","Epic",0.669,0.87,5,-3.295,0,0.149,0.349,0,0.193,0.549,140.177,4
spotify:track:25iAoRKskWkGUh4piAsodv,"BLASPHEMY","siix","DUSTY",2019-08-30,192067,0,true,elitealienzz,2020-07-26T03:46:56Z,"emo rap","Downtown Records",0.608,0.493,2,-9.656,0,0.0318,0.246,0.000078,0.116,0.389,84.619,4
spotify:track:5geJlwYK3ubnVkZrYjPw04,"OUTSIDE","siix","DUSTY",2019-08-30,151706,0,false,elitealienzz,2020-07-26T03:47:04Z,"emo rap","Downtown Records",0.575,0.624,4,-8.762,1,0.0757,0.349,0,0.106,0.428,82.367,4
spotify:track:0HXfswQhWAiFnAGqJ8qUjQ,"Be What I Be","Nauseous","Nvtvs",2019-04-12,105230,0,true,elitealienzz,2020-07-26T03:47:26Z,"trap metal,horrorcore","765335 Records DK",0.875,0.557,0,-4.443,1,0.0519,0.259,0,0.0899,0.0391,130.013,4
spotify:track:6Dp8g4JG9d1dMvwGrnQUGU,"Middle of the Function","Nauseous","Nvtvs",2019-04-12,83294,0,true,elitealienzz,2020-07-26T03:47:37Z,"trap metal,horrorcore","765335 Records DK",0.824,0.705,9,-3.547,1,0.104,0.157,0.0113,0.25,0.471,84.961,4
spotify:track:1UuwLk4JU6W8sHFwfCL9D3,"Eggrolls","Nauseous","Nvtvs",2019-04-12,137966,0,true,elitealienzz,2020-07-26T03:47:45Z,"trap metal,horrorcore","765335 Records DK",0.943,0.461,7,-4.751,1,0.0436,0.0493,0.0000317,0.0995,0.062,134.03,4
spotify:track:4F8X7mErB9YgoRSzcWY1cB,"Doormat","Doormat","guardin",2019-03-29,154497,38,false,elitealienzz,2020-07-26T03:48:03Z,"emo rap","Acid Castle",0.51,0.565,0,-6.338,1,0.092,0.242,0.0000205,0.111,0.312,129.953,3
spotify:track:2ZpkUn9s1jgKGxsPWnbtMq,"oh fuck i'm drunk","singles","guccihighwaters",2017-10-16,161897,41,true,elitealienzz,2020-07-26T03:48:24Z,"emo rap","Epitaph",0.71,0.394,3,-9.959,0,0.0368,0.846,0.00000235,0.11,0.198,120.145,4
spotify:track:2yJa3Y4qkX8csA7igxOjwD,"Insomnia","Dead End Adventure","Hideyoshi",2020-01-17,230253,21,false,elitealienzz,2020-07-26T03:49:30Z,"j-rap","Tokyo Young Vision",0.653,0.466,1,-9.223,0,0.0388,0.894,0.000121,0.0715,0.359,74.99,4
spotify:track:3J2zQ11ltwOtfHg5FbYATV,"Ketamine","Ketamine","OXYBUZ",2019-02-19,160629,34,true,elitealienzz,2020-07-27T23:35:41Z,"dark r&b,trap soul","oxyrecords",0.683,0.423,10,-10.417,0,0.0438,0.37,0.0000912,0.105,0.141,120.007,4
spotify:track:71CO9ctM8GefFNbSZBppZY,"333 Angels","333 Angels","Noah Gault",2018-05-16,230696,27,true,elitealienzz,2020-07-27T23:35:54Z,"","806878 Records DK",0.598,0.217,3,-14.45,0,0.256,0.346,0.0000266,0.103,0.45,80.041,4
spotify:track:0dkbf7IU1M8q0BgxWWz1hi,"No One","No One","Kill Red",2019-10-20,118709,25,true,elitealienzz,2020-07-27T23:36:08Z,"emo rap","875048 Records DK2",0.674,0.532,6,-6.436,0,0.0617,0.418,0.0881,0.109,0.0385,160.062,4
spotify:track:1SrrlVR6ELjAOeJBrNjEDc,"NASA","NASA","Ufobirne",2018-11-27,150113,0,false,elitealienzz,2020-07-27T23:36:16Z,"","UFOBIRNE",0.649,0.539,1,-6.816,1,0.076,0.0414,0.00000287,0.219,0.482,148.873,4
spotify:track:4lvzzr4dUbtS71VHQjmMfo,"Run Up on Me","Kosh","Kosh",2018-05-25,119711,0,true,elitealienzz,2020-07-27T23:36:34Z,"","Kosh",0.625,0.525,1,-7.508,1,0.48,0.235,0.0222,0.107,0.2,100.05,4
spotify:track:6G0xecsCSRyeWYj8uHQtvc,"Monsters","Monsters","Lil Boii Kantu",2019-06-21,159160,15,true,elitealienzz,2020-07-27T23:36:41Z,"","Lil Boii Kantu Music",0.653,0.811,6,-5.163,0,0.0776,0.114,0,0.136,0.397,157.05,4
spotify:track:6r2xFhwkWj9XBVMOWXyxJo,"Heavensent","Ice the World","Swerzie",2017-09-09,204410,0,true,elitealienzz,2020-07-27T23:38:34Z,"","Icy Rotten",0.578,0.705,2,-5.918,1,0.284,0.552,0.000399,0.0822,0.333,136.047,4
spotify:track:0zMI6sueRnkMm46UAYFlmX,"Two Weeks","Two Weeks","Lederrick;Brennan Savage",2019-10-04,156734,17,false,elitealienzz,2020-07-27T23:39:04Z,"emo rap,cloud rap","Lederrick & Brennan Savage",0.718,0.274,11,-21.235,1,0.107,0.315,0.00000553,0.0524,0.3,146.963,4
spotify:track:2sY543ZpscJvgf83unHKw8,"Pussy Sweet Like Butter / The Valley Visual","Pussy Sweet Like Butter / The Valley Visual","LEAVEMEALONE",2017-07-14,266997,15,true,elitealienzz,2020-07-27T23:39:15Z,"","AIFLAS LLC/Leavemealone LLC",0.553,0.603,8,-10.264,1,0.184,0.243,0.0000196,0.234,0.0574,119.692,4
spotify:track:0IH4CvSX3YpOZBmXBAcKB4,"Cigarette","Cigarette","Aerith Jade",2019-07-05,206863,0,false,elitealienzz,2020-07-27T23:39:26Z,"","Aerithjade",0.548,0.45,8,-12.152,1,0.0562,0.726,0.00396,0.142,0.334,84.969,4
spotify:track:336ASHsxDakSN80bubkfZV,"ODIUM","UNIVERSE OF THE PAST","LXST CXNTURY",2019-09-23,166579,0,true,elitealienzz,2020-08-06T22:16:54Z,"drift phonk,phonk,witch house","WHY Z MUSIC",0.708,0.781,11,-8.267,0,0.0639,0.163,0.885,0.392,0.345,74.997,4
spotify:track:6fyFiyoywfLYikFDQuabmH,"SleepMode","SoftwareUpdate1.0","BONES",2016-04-11,163512,63,true,elitealienzz,2020-08-09T19:45:44Z,"cloud rap,emo rap,horrorcore,trap metal,underground hip hop","TeamSESH",0.397,0.248,0,-12.878,1,0.0326,0.55,0.00378,0.0954,0.0976,106.017,4
spotify:track:3NJtma97ZGXTUaLBj6WgQB,"Game V2","Game V2","Cardeairè Jack;Witchouse 40k",2019-08-03,128327,0,true,elitealienzz,2020-08-10T02:13:26Z,"trap metal,horrorcore,witch house","SECT UNIT",0.66,0.464,1,-10.285,1,0.188,0.0591,0.16,0.176,0.118,169.965,4
spotify:track:0ztDwEueit9ADuK5SvA8I3,"Kill Me","Kill Me","Lil Agony",2019-10-09,165903,0,true,elitealienzz,2020-08-10T02:13:34Z,"","Lil Agony",0.706,0.224,1,-13.361,1,0.0305,0.501,0.452,0.106,0.11,106.053,4
spotify:track:4EsorQkALDZW6hfEmHxT9C,"Witcher","Witcher","Crook",2019-04-13,121051,0,true,elitealienzz,2020-08-10T02:13:51Z,"trap metal","DEATHN",0.798,0.827,2,-3.817,1,0.0943,0.0255,0.192,0.11,0.142,115.995,1
spotify:track:5MJBnCrr0uqsQR70HiKpbB,"kill myself","kill myself","mysticphonk;Death+",2018-06-25,95344,30,true,elitealienzz,2020-08-10T02:13:56Z,"emo rap","mysticphonk, Death+",0.769,0.577,3,-9.516,0,0.0793,0.271,0.00000326,0.137,0.388,121.666,4
spotify:track:0Lyr1Up56qEB8Hw2WJ3vbs,"MIDORI!","MIDORI!","fkbambam;HAARPER",2019-09-27,127084,0,true,elitealienzz,2020-08-10T02:14:01Z,"phonk,drift phonk,trap metal,horrorcore","fkbambam",0.681,0.504,1,-12.676,1,0.0806,0.475,0.000841,0.0994,0.364,85.017,4
spotify:track:3KLns1iYXkvs4ba4zJpC9w,"Cold Hands","Cold Hands","Logan M;YNG Martyr",2019-07-06,164000,0,true,elitealienzz,2020-08-10T02:14:06Z,"","1340056 Records DK2",0.641,0.329,11,-14.32,0,0.0355,0.282,0.0000434,0.171,0.137,132.02,4
spotify:track:4YBR9F76hT40fVDfzrcOth,"Take Me Away","Take Me Away","Somber;Warlord Colossus",2017-01-11,130914,53,true,elitealienzz,2020-08-10T02:14:16Z,"trap metal,horrorcore","723535 Records DK",0.645,0.686,10,-7.358,0,0.0945,0.166,0,0.0931,0.0408,110.444,4
spotify:track:76H5oE4qMoSLAsuBiaBbs6,"Bountiful Beast","Vol. 2","Devilish Trio",2017-11-13,192067,34,true,elitealienzz,2020-08-10T02:14:20Z,"horrorcore,phonk,trap metal","Devilish Trio",0.9,0.568,6,-9.155,0,0.302,0.0138,0.0002,0.225,0.222,129.997,4
spotify:track:1ZbJScG0Dr74y1hvgDneYm,"Obnimi (Callmearco Remix)","Obnimi (Callmearco Remix)","Okean Elzi",2018-02-02,232105,0,false,elitealienzz,2020-08-10T02:14:26Z,"","Ulicca808",0.721,0.845,7,-3.996,0,0.0524,0.169,0.0145,0.363,0.486,152.057,4
spotify:track:3JXExdtDtnBplUZdSCMFlS,"LifeAsAMelody","LifeAsAMelody","BONES;Xavier Wulf",2019-04-05,121704,41,false,elitealienzz,2020-08-10T02:14:31Z,"cloud rap,emo rap,horrorcore,trap metal,underground hip hop","HollowSesh",0.688,0.32,0,-13.037,1,0.0515,0.306,0.00117,0.109,0.241,118.095,4
spotify:track:6xiAtofQtyRNN2lggdEUcI,"MySpaceBarIsBroken","MySpaceBarIsBroken","kiLLa Laharl",2020-01-06,145201,0,false,elitealienzz,2020-08-10T02:14:40Z,"emo rap","kiLLa Laharl",0.57,0.45,6,-10.772,1,0.0676,0.666,0.0596,0.158,0.0395,155.081,4
spotify:track:6Bz8Tra3LxHRojuLu3Pnjw,"Desire","Desire","Anima Vestra;Røam",2019-04-27,111272,0,true,elitealienzz,2020-08-10T02:14:46Z,"","Anima Vestra",0.695,0.731,5,-6.856,0,0.19,0.229,0,0.182,0.629,110.112,4
spotify:track:1Ja5QwCWnrwFrmyN1yXm9O,"8pm","8pm","sadeyes;guardin;9tails",2018-02-08,250173,36,false,elitealienzz,2020-08-10T02:14:59Z,"emo rap","& sadeyes",0.686,0.631,4,-8.084,0,0.184,0.297,0,0.114,0.22,115.969,4
spotify:track:0poeWvwv2YzuxLN5OXOoIz,"I Hate That...","I Hate That...","Promoting Sounds;Jerome;SoLonely",2019-05-10,181132,0,true,elitealienzz,2020-08-10T02:19:28Z,"emo rap","Promoting Sounds",0.633,0.49,10,-12.432,1,0.0833,0.0158,0.000168,0.136,0.242,158.919,4
spotify:track:2SjSMK79OfAs2RH4H7kK40,"Wasting","Wasting","KennethWayne;Miles",2019-07-27,204047,28,true,elitealienzz,2020-08-10T02:19:38Z,"","KennethWayne",0.683,0.369,11,-11.604,1,0.0634,0.824,0.000141,0.106,0.314,126.112,4
spotify:track:7qlhbwHB8aVIPRmpVkNHfa,"FLEX","FLEX","VVIZARD KING;Death Plus",2020-03-18,105508,0,true,elitealienzz,2020-08-10T02:23:56Z,"emo rap,cloud rap","NO CLUB FOREVER",0.67,0.782,1,-8.223,1,0.128,0.00256,0.0156,0.106,0.392,100.02,4
spotify:track:36bcjo1DFvWdDqpokmaqek,"Камера пыток (prod. by Meep, Wander)","Black Mass III","VELIAL SQUAD",2020-07-17,164863,15,true,elitealienzz,2020-08-10T02:27:21Z,"horrorcore,trap metal","А+",0.778,0.669,1,-6.654,1,0.304,0.0787,0,0.0788,0.447,110.057,4
spotify:track:20PhtwElFqtnuj33Ni5pFB,"I Will Forget My Dreams","Poison","VELIAL SQUAD",2016-08-22,132022,25,true,elitealienzz,2020-08-10T02:27:26Z,"horrorcore,trap metal","А+",0.7,0.651,11,-5.972,0,0.069,0.366,0,0.135,0.236,119.969,4
spotify:track:4zbREEKTOJLK7aPB3vy3c6,"Harakiri","Harakiri","MAKAVELIGODD",2019-08-17,142001,0,true,elitealienzz,2020-08-13T13:21:16Z,"trap metal,horrorcore","32ChopSkreet / Apex Recording / Sony Music",0.785,0.7,9,-9.427,1,0.279,0.00476,0.757,0.115,0.264,84.986,4
spotify:track:74USgFdBaPy3aLywExwVut,"DECAYED","DECAYED","Omicidio",2019-12-27,146442,0,true,elitealienzz,2020-08-13T13:24:58Z,"trap metal","None",0.652,0.572,6,-8.606,0,0.0981,0.205,0.268,0.105,0.271,105.013,4
spotify:track:4RrQWA8KUgb1CfcYOVB2Zz,"BRNBQ","Sfera Ebbasta","Sfera Ebbasta",2016-09-09,224120,61,false,elitealienzz,2020-08-14T14:27:26Z,"italian trap,concerto,trap","Universal Music Italia srL.",0.409,0.777,0,-6.117,0,0.0969,0.0383,0,0.109,0.444,114.992,4
spotify:track:1Wi3skbGNI7BlcMRjScCBl,"Stay Silent","Stay Silent","R-Dee",2019-03-17,88555,6,true,elitealienzz,2020-08-14T14:28:28Z,"emo rap","981291 Records DK",0.746,0.555,0,-10.495,0,0.147,0.00934,0.0229,0.378,0.265,120.057,4
spotify:track:2tr5tGBAbhha0HA36rXdCu,"Серпантин","Кривой эфир","ATL",2019-12-13,171107,0,true,elitealienzz,2020-08-14T14:30:24Z,"acid house","ACIDHOUZE",0.825,0.553,2,-7.391,0,0.182,0.724,0.00000403,0.0994,0.517,136.227,4
spotify:track:2tnVG71enUj33Ic2nFN6kZ,"Ride It","Ride It","Regard",2019-07-26,157605,76,false,elitealienzz,2020-08-14T14:34:39Z,"","Ministry of Sound Recordings",0.88,0.751,7,-4.258,0,0.0874,0.177,0.0000643,0.106,0.884,117.948,4
spotify:local:Rondo+Da+Sosa::Rondo+-+Face+To+Face+%28Exposing+Me+RMX%29:220,"Rondo - Face To Face (Exposing Me RMX)","","Rondo Da Sosa",,220000,0,false,elitealienzz,2020-08-20T20:36:16Z,"","undefined",,,,,,,,,,,,
spotify:track:6fVtrFnDTlxTN2YaW0O3FT,"Night Walkers","Hacker","OmenXIII",2018-12-13,139415,0,true,elitealienzz,2020-08-22T18:35:54Z,"trap metal,horrorcore,emo rap,cloud rap","REDSTAR",0.897,0.59,1,-6.337,1,0.364,0.625,0.769,0.0832,0.573,123.971,4
spotify:track:1WD5CZflCYVeyMdphz5xCV,"Gatekeeper","Hacker","OmenXIII",2018-12-13,91271,0,true,elitealienzz,2020-08-22T18:35:58Z,"trap metal,horrorcore,emo rap,cloud rap","REDSTAR",0.78,0.421,4,-11.953,0,0.299,0.579,0.0000293,0.108,0.0639,100.021,4
spotify:track:6y7k6uJ6mVskgrAZCfaNC9,"There's a Glitch","Hacker","OmenXIII",2018-12-13,173453,0,true,elitealienzz,2020-08-22T18:36:04Z,"trap metal,horrorcore,emo rap,cloud rap","REDSTAR",0.565,0.609,10,-8.682,0,0.0778,0.182,0.0119,0.317,0.15,143.878,4
spotify:track:1Mj4zo7336SSzcOPz2BXzq,"Going Through the Motions","Hacker","OmenXIII",2018-12-13,128104,0,true,elitealienzz,2020-08-22T18:36:09Z,"trap metal,horrorcore,emo rap,cloud rap","REDSTAR",0.698,0.458,0,-10.52,1,0.088,0.343,0,0.327,0.198,89.941,4
spotify:track:0PGydnHIbSmBnuMNVVRCD4,"Cold Reality","Hacker","OmenXIII",2018-12-13,136228,0,true,elitealienzz,2020-08-22T18:36:14Z,"trap metal,horrorcore,emo rap,cloud rap","REDSTAR",0.592,0.454,1,-9.864,0,0.101,0.52,0.0000179,0.0909,0.139,141.313,4
spotify:track:2Wo6QQD1KMDWeFkkjLqwx5,"Roses - Imanbek Remix","Roses (Imanbek Remix)","SAINt JHN;Imanbek",2019-09-13,176218,7,true,elitealienzz,2020-08-22T18:36:57Z,"slap house","HITCO",0.785,0.721,8,-5.457,1,0.0506,0.0149,0.00432,0.285,0.894,121.962,4
spotify:track:3Xhl7OqWAFgVxQKrWhyVVO,"Chico (feat. Rose Villain & Luchè)","Mr. Fini","Guè;Rose Villain;Luchè",2020-06-25,201931,0,true,elitealienzz,2020-08-22T18:37:14Z,"italian trap,concerto,canzone napoletana","Universal Music Italia srL.",0.778,0.819,0,-3.873,0,0.0531,0.164,0,0.111,0.637,144.953,4
spotify:track:6ksLJFEz9MDwQtC75SVgAo,"Make You Cry","Make You Cry","Kid $Ixty",2019-03-22,150447,0,true,elitealienzz,2020-08-24T19:46:13Z,"emo rap","Kid $ixty",0.738,0.85,8,-7.181,1,0.0575,0.115,0.00000504,0.248,0.0381,133.967,4
spotify:track:37dZtjUNjZP9Rkm7vivyWc,"OS47S","OS47S","Drex Carter;Kaelin Ellis",2019-08-16,182000,30,true,elitealienzz,2020-08-24T19:46:27Z,"","Drex Carter",0.602,0.548,0,-10.589,0,0.106,0.447,0.0000335,0.092,0.159,132.051,4
spotify:track:1uu9DbbAl8EtFtgax5lYkg,"Cigarettes","A Soul For Mine","Eddie Fresco",2018-10-03,160040,35,true,elitealienzz,2020-08-24T19:46:38Z,"trap metal","215Collective",0.698,0.71,8,-9.279,1,0.0575,0.222,0.000669,0.109,0.227,102.047,4
spotify:track:0VT5MOJXotvejoWkkuBN30,"Ain't it Nice?","Ain't it Nice?","suburban",2018-10-09,89652,41,false,elitealienzz,2020-08-24T19:46:46Z,"","Independent",0.925,0.331,7,-10.843,1,0.232,0.136,0.0000127,0.121,0.235,99.995,4
spotify:track:5kH6mi4JYZQgJ9QRoriJqi,"Missed Calls - Remix","Missed Calls (Remix)","XINCLAIR;G.I.N.",2018-04-15,161980,0,true,elitealienzz,2020-08-24T19:47:15Z,"","Lil Auxy",0.659,0.626,1,-9.539,0,0.415,0.168,0.0213,0.887,0.311,130.606,4
spotify:track:41yeEXVyFYUplfjiPi6hkg,"I Could Die Today","I Could Die Today","Drippin So Pretty",2018-08-03,165417,19,true,elitealienzz,2020-08-24T19:47:32Z,"emo rap,cloud rap","676170 Records DK",0.689,0.345,0,-14.13,1,0.0974,0.23,0.00125,0.0811,0.305,74.992,4
spotify:track:5ztEWYzd0RhpRqwW90dB1v,"Exodia","Exodia","Ak3k;Netuh",2020-07-15,143697,0,true,elitealienzz,2020-08-24T19:48:06Z,"trap metal,horrorcore,phonk,drift phonk","Hellhound Militia",0.757,0.449,5,-9.588,1,0.0532,0.204,0.0223,0.122,0.112,107.012,4
spotify:track:4jIndu8TBgyn062cOZO4oI,"Etiquette","Etiquette","Ak3k;Netuh",2020-08-07,144687,0,true,elitealienzz,2020-08-24T20:41:49Z,"trap metal,horrorcore,phonk,drift phonk","Hellhound Militia",0.826,0.572,8,-11.69,0,0.206,0.0889,0.00817,0.114,0.0757,120.015,4
spotify:track:50tNGRwQbUDUfaHZgNUoCj,"Treachery","Treachery","Ak3k;Witchouse40k",2019-11-08,164832,0,true,elitealienzz,2020-08-24T20:41:55Z,"trap metal,horrorcore,witch house","1061270 Records DK",0.803,0.712,11,-7.282,1,0.227,0.409,0.00693,0.105,0.12,140.057,4
spotify:track:06jPwB4zWPB8hMfNIQ4yFv,"God Complex","God Complex","Gullyspit;Istasha",2019-08-26,212609,25,true,elitealienzz,2020-08-24T20:42:40Z,"trap metal,horrorcore","VII Firm",0.801,0.852,1,-3.543,0,0.398,0.256,0.000847,0.684,0.306,97.019,4
spotify:track:6wQ5tgiGoLhFIW5vsJy19G,"In the Night","In the Night","Gxx",2018-11-09,159724,42,true,elitealienzz,2020-08-25T21:24:31Z,"trap metal","Gxx",0.62,0.583,11,-6.921,1,0.158,0.0264,0.0065,0.0493,0.282,145.003,4
spotify:track:1Z8gpnzgTFQKAwmV43iLBB,"witchblades","EVERYBODY'S EVERYTHING","Lil Peep;Lil Tracy",2019-11-15,150160,0,false,elitealienzz,2020-08-30T21:12:45Z,"emo rap,cloud rap","Columbia",0.635,0.533,8,-7.233,1,0.0727,0.0233,0,0.286,0.533,143.967,4
spotify:track:2CI18uKNu7wcXmHNYyGosK,"Come No","Come No","Shiva",2018-11-21,134800,0,true,elitealienzz,2020-09-02T19:10:15Z,"italian trap,concerto","Guna",0.671,0.651,11,-7.953,1,0.429,0.198,0,0.126,0.802,149.907,4
spotify:track:7G1jJZlAFT0EgBZlMjk36k,"Anime Paradox","The Things I Tell Myself","GiDS",2019-08-02,140000,20,true,elitealienzz,2020-09-02T19:11:48Z,"","GiDS",0.82,0.358,10,-17.604,0,0.339,0.215,0.611,0.115,0.325,156.037,4
spotify:track:6fd3KzSD1SZqPT1bAVexfl,"Part IV","Feed the Streets, Vol. 1","DJ BJ",2017-03-29,114285,1,true,elitealienzz,2020-09-02T19:14:09Z,"","Ruby Recordings",0.765,0.696,11,-4.939,0,0.0531,0.463,0.00000719,0.205,0.193,117.972,4
spotify:track:3gIIJzeX2HimKdxmpPPf0J,"Suicide on My Mind","Suicide on My Mind","Voxout",2019-09-19,179000,0,true,elitealienzz,2020-09-02T19:14:17Z,"","Independent",0.871,0.227,1,-18.624,1,0.627,0.53,0,0.0731,0.447,140.063,4
spotify:track:6uF3fb3UxjoVl7Ic781L9N,"ICE COLD","GLOCSTARR V1","Letoa",2020-01-06,156606,0,true,elitealienzz,2020-09-02T19:14:31Z,"","Letoa",0.682,0.587,8,-12.296,1,0.222,0.127,0.78,0.119,0.292,153.022,4
spotify:track:7utqKOmbXHsHbRlQ6pdzwM,"Safe to Say","L'influence est trop forte...","Kimezaa",2019-10-09,187310,33,true,elitealienzz,2020-09-02T19:14:58Z,"","Kimezaa",0.682,0.3,1,-12.797,0,0.24,0.749,0.000492,0.0807,0.0982,170.054,4
spotify:track:3vvczCo4pJnkE7xLUZBIrf,"Self Destruction","Self Destruction","Diablo;Killstation;Borgore",2020-06-12,120000,30,true,elitealienzz,2020-09-02T19:15:20Z,"argentine trap,emo rap,trap metal,cloud rap,horrorcore,dubstep,riddim,dub,deathstep","Foolish Cult / EMPIRE",0.49,0.543,2,-7.405,0,0.0468,0.00322,0,0.379,0.274,90.816,3
spotify:track:1nlWPCINrLWXzAyhpnnaYx,"Less","Less","Yury",2019-10-25,131600,0,true,elitealienzz,2020-09-02T19:15:24Z,"","iamYURY",0.826,0.563,0,-6.901,1,0.469,0.233,0.0000144,0.124,0.777,75.028,4
spotify:track:10GXH4dwOwgx5h0Oq9zpcu,"Dog Pound","Sicc","Roots",2018-03-17,166312,0,true,elitealienzz,2020-09-02T19:16:05Z,"","ROOTS",0.855,0.561,1,-7.022,1,0.0743,0.412,0.000216,0.108,0.0374,110.014,4
spotify:track:1y5ctxC5OQqOixo3pTMKov,"Kiss of Death","This Hit Different","FULMETALPARKA$;Gemini Aaliyah",2020-05-25,166779,30,true,elitealienzz,2020-09-02T19:16:11Z,"","FMP$",0.67,0.528,6,-7.593,1,0.0341,0.392,0.00000198,0.0807,0.468,117.945,4
spotify:track:3cqIIipoI9ldDmkWGrXJQZ,"Trust Issues","Trust Issues","Dudja",2018-06-08,146416,0,false,elitealienzz,2020-09-02T19:16:20Z,"underground hip hop","Dudja",0.896,0.474,1,-6.73,1,0.204,0.563,0,0.276,0.675,116.07,3
spotify:track:4Meq9IgjlyEelqhFr0LElJ,"Lil Mama","Lil Mama","Miles Wesley;Trevor Daniel",2019-07-26,174266,31,false,elitealienzz,2020-09-02T19:16:36Z,"","Mastermind Artists, LLC",0.418,0.574,9,-7.325,0,0.0335,0.2,0,0.153,0.271,92.24,3
spotify:track:2oSsd3E1D6D7MHgXJVPQu3,"DON'T SAVE ME","DON'T SAVE ME","TWENTYTHREE",2019-11-05,161433,0,true,elitealienzz,2020-09-02T19:17:53Z,"trap metal,horrorcore,emo rap","TWENTYTHREE",0.716,0.739,1,-8.148,1,0.101,0.0145,0.8,0.115,0.0609,140.001,4
spotify:track:64CL74wQqELcwUJfT68283,"HateToSayIToldYouSo","SparrowsCreek","BONES;Eddy Baker",2019-02-11,119666,43,true,elitealienzz,2020-09-02T19:18:01Z,"cloud rap,emo rap,horrorcore,trap metal,underground hip hop","HealthySESH",0.691,0.826,2,-8.544,1,0.0664,0.00248,0,0.116,0.231,129.377,4
spotify:track:38BwYCBLmXt2mZXgSo9di2,"CemetaryWaltz","SparrowsCreek","BONES;Eddy Baker",2019-02-11,141774,33,true,elitealienzz,2020-09-02T19:18:01Z,"cloud rap,emo rap,horrorcore,trap metal,underground hip hop","HealthySESH",0.871,0.243,8,-13.622,0,0.0702,0.811,0.00913,0.0685,0.347,105.025,4
spotify:track:0QXgEJYSfFhoGMZnKkO9Af,"JustWhenIThoughtIWasOut,TheyPullMeBackIn","SparrowsCreek","BONES;Eddy Baker",2019-02-11,165000,24,true,elitealienzz,2020-09-02T19:18:01Z,"cloud rap,emo rap,horrorcore,trap metal,underground hip hop","HealthySESH",0.712,0.474,10,-11.429,1,0.0715,0.676,0.591,0.107,0.873,73.118,4
spotify:track:6Qd2OmDq4rPFQi7qCHapTx,"LooseScrew","SparrowsCreek","BONES;Eddy Baker",2019-02-11,174374,65,true,elitealienzz,2020-09-02T19:18:01Z,"cloud rap,emo rap,horrorcore,trap metal,underground hip hop","HealthySESH",0.379,0.43,1,-11.445,1,0.0509,0.317,0.0725,0.0861,0.0586,99.93,4
spotify:track:7q0kEUGeJwJcLxwmVISqCs,"Lysol","SparrowsCreek","BONES;Eddy Baker",2019-02-11,165833,31,true,elitealienzz,2020-09-02T19:18:01Z,"cloud rap,emo rap,horrorcore,trap metal,underground hip hop","HealthySESH",0.781,0.387,10,-12.812,0,0.0595,0.0528,0.00161,0.172,0.114,114.985,4
spotify:track:6TJDIi4bBYRRvOx0b75XmE,"DarknessFalls","SparrowsCreek","BONES;Eddy Baker",2019-02-11,97916,29,true,elitealienzz,2020-09-02T19:18:01Z,"cloud rap,emo rap,horrorcore,trap metal,underground hip hop","HealthySESH",0.638,0.534,2,-8.901,1,0.111,0.0398,0,0.132,0.131,179.953,4
spotify:track:7jJOb0GVjhrZPVhiycu79N,"ShineBox","SparrowsCreek","BONES;Eddy Baker",2019-02-11,195083,26,true,elitealienzz,2020-09-02T19:18:01Z,"cloud rap,emo rap,horrorcore,trap metal,underground hip hop","HealthySESH",0.875,0.405,2,-12.244,0,0.0693,0.257,0.345,0.173,0.433,138.009,4
spotify:track:2FAWeznU75CzuaKogazioo,"C4","SparrowsCreek","BONES;Eddy Baker",2019-02-11,185937,27,true,elitealienzz,2020-09-02T19:18:01Z,"cloud rap,emo rap,horrorcore,trap metal,underground hip hop","HealthySESH",0.57,0.518,8,-12.438,0,0.0512,0.261,0.0237,0.187,0.226,132.96,4
spotify:track:634oqvhT3EaDh4xANBvajK,"SaloonDoors","SparrowsCreek","BONES;Eddy Baker",2019-02-11,122000,21,true,elitealienzz,2020-09-02T19:18:01Z,"cloud rap,emo rap,horrorcore,trap metal,underground hip hop","HealthySESH",0.684,0.316,1,-12.597,1,0.0549,0.148,0.000277,0.312,0.374,109.016,4
spotify:track:3hGbPoxFPKOz4HBKSXiRXx,"KeepItInTheFamily","SparrowsCreek","BONES;Eddy Baker",2019-02-11,223562,22,true,elitealienzz,2020-09-02T19:18:01Z,"cloud rap,emo rap,horrorcore,trap metal,underground hip hop","HealthySESH",0.764,0.729,9,-9.012,1,0.163,0.142,0.00193,0.123,0.667,147.022,4
spotify:track:4OcxBd349UIgErVz81V2TY,"AI","AI","Ghostemane",2020-08-26,174586,12,true,elitealienzz,2020-09-03T18:54:24Z,"trap metal,horrorcore,emo rap,cloud rap,rap metal","Blackmage",0.321,0.949,0,-7.297,0,0.555,0.00334,0.217,0.579,0.196,77.498,4
spotify:track:5K73Esmg2t1zqmWIuU1JvC,"Black on Black","BAD BOY","OmenXIII",2020-06-01,190928,7,true,elitealienzz,2020-09-03T18:54:56Z,"trap metal,horrorcore,emo rap,cloud rap","REDSTAR",0.884,0.663,2,-6.867,1,0.0612,0.523,0.374,0.0617,0.582,98.523,4
spotify:track:3vifSo7dwAdO7waZ6FyZqZ,"All Day","BAD BOY","OmenXIII;Isaiah DeShon;MF Khaos;DOM",2020-06-01,249051,9,true,elitealienzz,2020-09-03T18:55:07Z,"trap metal,horrorcore,emo rap,cloud rap,phonk","REDSTAR",0.802,0.745,7,-7.102,1,0.346,0.182,0,0.138,0.823,86.111,4
spotify:track:5RkaegKB8XfUwBDi9meWEh,"All In","BAD BOY","OmenXIII",2020-06-01,149159,5,true,elitealienzz,2020-09-03T18:55:13Z,"trap metal,horrorcore,emo rap,cloud rap","REDSTAR",0.777,0.481,1,-9.184,1,0.0755,0.21,0.228,0.257,0.688,90.5,4
spotify:track:0MdHSCj7riYD1kNUjv8EZ7,"Sweat","BAD BOY","OmenXIII;DOM",2020-06-01,170135,4,true,elitealienzz,2020-09-03T18:55:30Z,"trap metal,horrorcore,emo rap,cloud rap","REDSTAR",0.696,0.885,9,-5.889,1,0.377,0.45,0.00154,0.0842,0.72,181.995,4
spotify:track:3TqcQMdj33HuBKaYaOp8L1,"What?","BAD BOY","OmenXIII",2020-06-01,112744,5,true,elitealienzz,2020-09-03T18:55:36Z,"trap metal,horrorcore,emo rap,cloud rap","REDSTAR",0.559,0.567,1,-8.658,1,0.323,0.183,0.771,0.325,0.406,187.947,4
spotify:track:6OXPvzAFzRFb9m2LbYTkRQ,"Naughty by Nature","BAD BOY","OmenXIII",2020-06-01,171441,4,true,elitealienzz,2020-09-03T18:55:40Z,"trap metal,horrorcore,emo rap,cloud rap","REDSTAR",0.721,0.532,1,-6.28,1,0.113,0.0565,0.284,0.337,0.174,117.989,4
spotify:track:5012voOl63K8wWF53u4Pei,"Too Much","BAD BOY","OmenXIII;Isaiah DeShon",2020-06-01,240613,5,true,elitealienzz,2020-09-03T18:55:45Z,"trap metal,horrorcore,emo rap,cloud rap","REDSTAR",0.771,0.794,11,-4.246,0,0.117,0.205,0,0.0996,0.389,112.041,4
spotify:track:56GGQXu6GshDsd1re2GvQA,"Bad Boy Magic","BAD BOY","OmenXIII",2020-06-01,156107,4,true,elitealienzz,2020-09-03T18:55:54Z,"trap metal,horrorcore,emo rap,cloud rap","REDSTAR",0.613,0.561,11,-9.92,1,0.436,0.384,0.000103,0.163,0.412,173.011,4
spotify:track:6Gnkg8VbJxg36q3kFlv0wa,"Bb4l","BAD BOY","OmenXIII",2020-06-01,162560,3,true,elitealienzz,2020-09-03T18:56:42Z,"trap metal,horrorcore,emo rap,cloud rap","REDSTAR",0.737,0.724,11,-7.086,0,0.465,0.23,0,0.0622,0.619,83.041,4
spotify:track:3VvFgp8jaNU5qUbR5E1SvA,"No Chill","BAD BOY","OmenXIII",2020-06-01,141505,3,true,elitealienzz,2020-09-03T18:56:46Z,"trap metal,horrorcore,emo rap,cloud rap","REDSTAR",0.889,0.802,7,-5.248,1,0.221,0.0147,0.567,0.0626,0.545,150.056,4
spotify:track:4URCBE0Z7uPxHQUC0ITfd5,"Just Tryna","Red Teenage Melody","Night Lovell;Dylan Brady",2016-06-14,354063,0,true,elitealienzz,2020-09-07T02:07:38Z,"emo rap,horrorcore,trap metal","Night Lovell",0.568,0.42,5,-12.556,1,0.198,0.122,0.0000172,0.196,0.211,159.727,4
spotify:track:4zrYnAzX1CMRt9SoZdixMz,"Human (feat. Night Lovell)","Human (feat. Night Lovell)","$NOT;Night Lovell",2020-05-22,172253,53,true,elitealienzz,2020-09-09T05:38:20Z,"emo rap,horrorcore,trap metal","P2020",0.757,0.625,1,-7.271,1,0.143,0.336,0.345,0.129,0.389,146.023,4
spotify:track:4HpsRlpQ7Rj70Jo2d0yYBV,"777","Comatose","Mvko",2019-12-19,163658,0,true,elitealienzz,2020-09-09T05:38:51Z,"trap metal,horrorcore","HELLHOUND MILITIA",0.552,0.379,0,-12.247,0,0.0744,0.585,0.000141,0.12,0.124,220.29,1
spotify:track:5r5OglITwj3Gc4nrml8npb,"SAME FEELINGS","SAME FEELINGS","lil a-lik;DIRTYXAN",2017-09-03,154557,0,false,elitealienzz,2020-09-09T05:39:05Z,"","lil a-lik",0.693,0.626,8,-8.01,0,0.101,0.288,0.00441,0.126,0.171,124.722,4
spotify:track:6vPrkAg0nmoLBakH5WxBlD,"Light Yagami","Light Yagami","SADGASM",2017-09-27,136620,20,true,elitealienzz,2020-09-09T05:39:34Z,"","SADGASM",0.743,0.443,0,-11.997,1,0.0532,0.423,0.027,0.264,0.674,99.97,4
spotify:track:2gKgIBiXAcnCp7kuX9YJkb,"Laying in the Dirt","Laying in the Dirt","Shrimp",2018-05-17,160000,37,true,elitealienzz,2020-09-09T05:39:53Z,"emo rap","THOUGHTCRIME",0.703,0.68,6,-6.608,0,0.0277,0.682,0.409,0.12,0.108,137.946,4
spotify:track:1LTVbaR78Qksuhv1Us0I7D,"GODLY","GODLY","SUPERLOVE",2019-03-14,123115,17,true,elitealienzz,2020-09-09T05:40:12Z,"trap metal","SUPERLOVE",0.459,0.765,0,-6.392,1,0.0661,0.11,0,0.212,0.327,160.191,4
spotify:track:3w01tYRuODm4I121VwoCBH,"FROZEN","FROZEN","2Scratch",2020-02-14,222745,0,true,elitealienzz,2020-09-09T05:42:51Z,"","Article 13 Records",0.496,0.627,8,-7.811,0,0.074,0.0065,0.00597,0.0844,0.087,152.937,4
spotify:track:4rmgNL6vekBgxzzYjynJ0w,"Jesus Wept","A Man Rose From The Dead","Scrim",2020-05-15,120930,0,true,elitealienzz,2020-09-15T09:43:48Z,"horrorcore,emo rap","G59 Records, LLC",0.786,0.708,11,-4.209,1,0.326,0.0192,0.00394,0.498,0.373,145.941,4
spotify:track:0jmovjkvarVaUm1GXLS67C,"Delusions Of Grandeur","A Man Rose From The Dead","Scrim",2020-05-15,169294,0,true,elitealienzz,2020-09-15T09:43:52Z,"horrorcore,emo rap","G59 Records, LLC",0.805,0.604,11,-4.466,0,0.106,0.501,0,0.115,0.391,159.923,4
spotify:track:59QIV9Zl0kn239iwBYr53I,"Nightmare From The Northside","A Man Rose From The Dead","Scrim",2020-05-15,205557,0,true,elitealienzz,2020-09-15T09:43:56Z,"horrorcore,emo rap","G59 Records, LLC",0.61,0.745,11,-4.786,1,0.454,0.00226,0.0000431,0.38,0.661,140.786,4
spotify:track:34lWsa3tXCpARgRzqGFGZa,"Fight Club (Psychosis)","A Man Rose From The Dead","Scrim",2020-05-15,128598,0,true,elitealienzz,2020-09-15T09:43:59Z,"horrorcore,emo rap","G59 Records, LLC",0.963,0.693,8,-8.37,1,0.404,0.215,0,0.115,0.563,112.007,4
spotify:track:0TKg8mG9qQX31U5qWoECjr,"Naloxone","A Man Rose From The Dead","Scrim",2020-05-15,152879,0,true,elitealienzz,2020-09-15T09:44:03Z,"horrorcore,emo rap","G59 Records, LLC",0.857,0.731,1,-6.354,1,0.0754,0.0822,0.000364,0.324,0.609,140.002,4
spotify:track:3OuE9lNzz30D7qJ1jO1u7U,"The Devil I Know","A Man Rose From The Dead","Scrim",2020-05-15,151906,0,true,elitealienzz,2020-09-15T09:46:28Z,"horrorcore,emo rap","G59 Records, LLC",0.813,0.521,2,-9.816,1,0.0872,0.627,0.00013,0.475,0.684,139.964,4
spotify:track:3lHuDW8SiPtnIMmaTiDFVe,"187 Gang","Hollywood","Bonez MC;Gzuz;Maxwell;LX;Sa4",2020-09-10,321851,51,false,elitealienzz,2020-09-15T09:46:51Z,"german hip hop","187 Strassenbande & Vertigo/Capitol",0.742,0.557,1,-8.03,1,0.334,0.087,0.00358,0.124,0.372,173.957,4
spotify:track:37f1XhwJtItXOEFBpbymS1,"Grabstein","Hollywood","Bonez MC;Gzuz",2020-09-10,151943,47,false,elitealienzz,2020-09-15T09:47:05Z,"german hip hop","187 Strassenbande & Vertigo/Capitol",0.862,0.604,6,-9.684,1,0.175,0.363,0.00302,0.0911,0.503,97.52,4
spotify:track:6W3kWEuBAUmpRMQo1omdoE,"PTSD","CITY MORGUE VOL 1: HELL OR HIGH WATER","City Morgue;ZillaKami;SosMula",2018-10-12,132666,36,true,elitealienzz,2020-09-15T09:47:51Z,"trap metal,horrorcore,emo rap,rap metal,rage rap","Republic Records",0.607,0.721,1,-6.321,1,0.114,0.0627,0,0.394,0.177,90.027,4
spotify:track:2muf1caAmZ5AqPUFeIaP9r,"Downer","CITY MORGUE VOL 1: HELL OR HIGH WATER","City Morgue;ZillaKami;SosMula",2018-10-12,102960,41,true,elitealienzz,2020-09-15T09:47:56Z,"trap metal,horrorcore,emo rap,rap metal,rage rap","Republic Records",0.367,0.799,1,-5.494,1,0.108,0.0373,0,0.135,0.395,83.327,4
spotify:track:1hflocGENeOhHRN2jsFTyS,"Caligula","CITY MORGUE VOL 1: HELL OR HIGH WATER","City Morgue;ZillaKami;SosMula",2018-10-12,143986,38,true,elitealienzz,2020-09-15T09:48:00Z,"trap metal,horrorcore,emo rap,rap metal,rage rap","Republic Records",0.614,0.738,9,-7.264,1,0.0469,0.000779,0,0.338,0.171,134.919,4
spotify:track:6VCq9JcEi9EbEKl8XIdCgk,"Arson","CITY MORGUE VOL 1: HELL OR HIGH WATER","City Morgue;ZillaKami;SosMula",2018-10-12,160426,45,true,elitealienzz,2020-09-15T09:48:03Z,"trap metal,horrorcore,emo rap,rap metal,rage rap","Republic Records",0.609,0.804,11,-7.027,1,0.139,0.000194,0,0.302,0.414,159.967,4
spotify:track:3oBlwGbihR4DHztLAyPH6n,"Aw Shit - Zillakami Solo","CITY MORGUE VOL 1: HELL OR HIGH WATER","City Morgue;ZillaKami",2018-10-12,120000,48,true,elitealienzz,2020-09-15T09:48:07Z,"trap metal,horrorcore,emo rap,rap metal,rage rap","Republic Records",0.705,0.729,10,-5.302,0,0.0691,0.0119,0.000194,0.621,0.5,82.037,4
spotify:track:6rUiFRBKgRZmLSdaZzF4yA,"ACID RAIN","ACID RAIN","ChamaKaze;Cassette+;ZillaKami;TEKKEN+;Broc $Teezy",2018-11-21,134000,1,true,elitealienzz,2020-09-15T09:48:14Z,"trap metal,emo rap,horrorcore,rap metal","WARDOGS",0.621,0.497,0,-9.352,0,0.458,0.0231,0,0.336,0.366,152.967,4
spotify:track:5dv1VQpsAbUv8xf8MrhoqA,"Please Forgive (feat. Denzel Curry, IDK, Zombie Juice & ZillaKami)","Please Forgive (feat. Denzel Curry, IDK, Zombie Juice & ZillaKami)","Powers Pleasant;Denzel Curry;IDK;ZillaKami;Zombie Juice",2018-10-17,192346,0,true,elitealienzz,2020-09-15T09:48:21Z,"trap metal,emo rap,horrorcore,rap metal","Commission/BMG",0.883,0.507,1,-4.919,1,0.332,0.0138,0,0.0963,0.168,141.943,4
spotify:track:41RDDPzTdADqqjYUjhmoLJ,"Shootinphotos","Shootinphotos","Danon;ZillaKami",2018-11-11,155999,24,true,elitealienzz,2020-09-15T09:48:25Z,"trap metal,emo rap,horrorcore,rap metal","Danon",0.523,0.597,9,-9.088,1,0.193,0.00137,0.00000768,0.915,0.21,132.022,4
spotify:track:4d8BSdhx6WT5GtTOWpv4rh,"VENGEANCE | VENGEANCE [FEAT. JPEGMAFIA & ZILLAKAMI | JPEGMAF1A + Z1LLAKAM1]","TA13OO","Denzel Curry;JPEGMAFIA;ZillaKami",2018-07-27,240213,50,true,elitealienzz,2020-09-15T09:48:32Z,"experimental hip hop,alternative hip hop,experimental,trap metal,emo rap,horrorcore,rap metal","Loma Vista",0.729,0.799,11,-6.136,0,0.111,0.0573,0.00000418,0.289,0.439,144.025,4
spotify:track:4hqAEmMOw9IUq0ujmmedGb,"Watch Your Back Remix","9ine4our, Pt. 2","94brizzy;XZARKHAN;ZillaKami",2017-12-05,144000,0,true,elitealienzz,2020-09-15T09:48:39Z,"trap metal,horrorcore,rap metal,emo rap","9ine4our",0.643,0.805,2,-6.691,1,0.0974,0.0165,0,0.379,0.205,129.865,4
spotify:track:0IBbrqa3x3GypnhQXTWdKP,"TOT","TOT","Cameron Azi;$ubjectz",2018-05-28,70000,0,true,elitealienzz,2020-09-15T09:48:54Z,"trap metal,horrorcore,rap metal","GCSY",0.73,0.691,1,-8.753,1,0.493,0.129,0,0.455,0.406,95.05,4
spotify:track:4CbZo4idSUCWHP62JS7wIM,"So Tired","Singles, Vol. 1","ASHTREY;Yung Maac",2019-05-11,161632,25,true,elitealienzz,2020-09-16T05:32:28Z,"","747119 Records DK",0.769,0.45,0,-11.542,1,0.0465,0.18,0.000392,0.0672,0.0715,97.999,4
spotify:track:3VaJpVf2jc9by82sJDIKzy,"bad thoughts","i don't care at all","bbno$",2019-11-08,152842,44,true,elitealienzz,2020-09-27T21:44:43Z,"","bbno$",0.855,0.371,2,-11.087,1,0.115,0.122,0.00000222,0.0978,0.232,94.994,4
spotify:track:6MMc1wi0AhKoCMwKzrsSlY,"Ultimate Rage","Ultimate Rage","Kvmizxda",2019-04-24,129959,21,true,elitealienzz,2020-09-27T21:44:53Z,"trap metal","recordJet",0.742,0.929,7,-6.088,1,0.226,0.259,0.00425,0.309,0.43,118.028,4
spotify:track:1jsJAtrQtTWD44LW9QokDR,"guap","guap","lilbubblegum;Letoa",2020-08-17,133746,0,true,elitealienzz,2020-09-27T21:45:43Z,"","1708007 Records DK2",0.687,0.408,5,-16.81,1,0.072,0.0517,0.0159,0.177,0.146,115.974,4
spotify:track:1ceVv0rF6RBXf9ZGHXz6hn,"FRIGHT NIGHT","FRIGHT NIGHT","LOVE SEPT.;BVDLVD;V.RI;HEN$HAW;KXZARI",2019-12-13,163489,0,true,elitealienzz,2020-09-27T21:46:22Z,"trap metal,rap metal","MOVES Recordings",0.44,0.594,8,-8.453,1,0.302,0.0568,0.00476,0.113,0.168,80.732,4
spotify:track:1lOSZBX4HxLqzMwdYxluVI,"Sanity","Sanity","$ubjectz",2018-03-28,130560,30,false,elitealienzz,2020-09-29T04:24:14Z,"trap metal,horrorcore,rap metal","GCSY",0.541,0.897,2,-1.613,1,0.16,0.00848,0,0.322,0.457,125.018,4
spotify:track:0ksXGarWAGdxLQBXrFj5WU,"Suv","Street Cinemv","Trap God",2020-07-03,93789,15,true,elitealienzz,2020-09-29T04:26:31Z,"italian trap","God Entertainment ®",0.577,0.796,1,-2.978,1,0.213,0.294,0.00222,0.0604,0.59,106.661,4
spotify:track:6CUXC4jjDPnqKjbjsKGAkt,"Crooks N Criminals","Crooks N Criminals","M37;M37_syn;BABY.llZ;M37Ajay;Manyloco;Sleezy",2020-05-16,212819,0,true,elitealienzz,2020-09-29T04:27:33Z,"aussie drill,uk drill,drill","M37 Offical",0.909,0.314,10,-17.089,0,0.399,0.449,0.0011,0.0825,0.339,140.001,4
spotify:track:5D0fLaOnU3LCT0aaoFnKO5,"A Mia Madre Le Piace la Coca","Porcoddio","Trap God",2018-10-24,106236,0,true,elitealienzz,2020-09-29T04:57:51Z,"italian trap","1009629 Records DK",0.601,0.668,1,-7.001,1,0.266,0.166,0.192,0.622,0.478,123.975,4
spotify:track:6Z7Nqi2NxYxAdavudzfQdL,"Dio è di Milano","Dio è di Milano","Trap God",2019-07-12,128522,0,true,elitealienzz,2020-09-29T04:57:55Z,"italian trap","1009629 Records DK",0.661,0.753,0,-6.215,1,0.0987,0.488,0.00000273,0.612,0.56,126.783,4
spotify:track:0XjaXxjwLUFxfTX3h0JUZT,"Bronx","Street Cinemv","Trap God",2020-07-03,122095,10,true,elitealienzz,2020-09-29T04:58:46Z,"italian trap","God Entertainment ®",0.632,0.763,11,-6.725,1,0.132,0.249,0.00000925,0.162,0.598,86.407,4
spotify:track:71uURBP1zCVbnE9REuj23x,"Black Christmas Freestyle","Black Christmas Freestyle","Trap God;Double M",2019-12-23,79691,0,true,elitealienzz,2020-09-29T04:59:38Z,"italian trap,uk drill,drill","God Entertainment ®",0.715,0.825,0,-7.629,1,0.408,0.058,0,0.352,0.841,75.191,4
spotify:track:3ckIhXbtsTJ2hvWvOyESfX,"NIKKI SIXX","NIKKI SIXX","absent",2020-09-25,153009,18,true,elitealienzz,2020-09-29T05:04:46Z,"german hip hop,cloud rap","absent",0.643,0.491,1,-13.65,1,0.0379,0.682,0.00109,0.108,0.24,151.929,4
spotify:track:45KsTd0ZqKlgw0fNc8oyC5,"Tel Aviv","Tel Aviv","Skeler",2018-03-05,216913,56,false,elitealienzz,2020-10-04T02:16:10Z,"witch house,drift phonk","4AM",0.481,0.648,6,-8.779,0,0.17,0.41,0.742,0.102,0.111,134.144,4
spotify:track:7obCERKA5H8m7zpEVxndmM,"One Day","One Day","Skeler",2019-05-08,240009,49,false,elitealienzz,2020-10-04T23:03:24Z,"witch house,drift phonk","4AM",0.508,0.68,6,-10.43,0,0.0356,0.00234,0.799,0.11,0.173,139.958,4
spotify:track:6pcywuOeGGWeOQzdUyti6k,"Glock In My Lap","SAVAGE MODE II","21 Savage;Metro Boomin",2020-10-02,193591,76,true,elitealienzz,2020-10-04T23:51:04Z,"","Slaughter Gang, LLC/Epic/Boominati Worldwide/Republic",0.847,0.733,10,-6.439,0,0.16,0.00574,0.0000104,0.151,0.202,130.029,4
spotify:track:3CDVMejYHnB1SkEEx0T1N4,"Many Men","SAVAGE MODE II","21 Savage;Metro Boomin",2020-10-02,201856,65,true,elitealienzz,2020-10-04T23:51:17Z,"","Slaughter Gang, LLC/Epic/Boominati Worldwide/Republic",0.635,0.793,10,-4.333,0,0.0322,0.000647,0.747,0.113,0.281,77.594,4
spotify:track:1wGnp7ejkCuXRsehXx0PNP,"RIP Luv","SAVAGE MODE II","21 Savage;Metro Boomin",2020-10-02,214192,64,true,elitealienzz,2020-10-04T23:51:41Z,"","Slaughter Gang, LLC/Epic/Boominati Worldwide/Republic",0.63,0.399,5,-9.869,0,0.178,0.105,0.174,0.234,0.0657,183.016,3
spotify:track:3jtMheZu2P0tbWzAYYWhvS,"BABY (feat. Rosa Chemical)","BV3","BLOODY VINYL;Slait;thasup;MILES;Rosa Chemical",2020-10-02,138560,0,true,elitealienzz,2020-10-06T18:57:25Z,"italian trap","Arista",0.843,0.731,1,-4.636,1,0.105,0.0469,0,0.198,0.627,129.954,4
spotify:track:2dZ1DAuPAYUUd18DNJlX9D,"GREVE (feat. MadMan)","BV3","BLOODY VINYL;Slait;thasup;MILES;MadMan",2020-10-02,145973,0,true,elitealienzz,2020-10-06T18:57:44Z,"italian trap","Arista",0.86,0.89,2,-2.683,1,0.229,0.00436,0.00000359,0.0283,0.863,120.034,4
spotify:track:15k3Cm8fpvOySd0VlKpuyg,"Pusher (feat. Vaz Tè & Guesan)","Pusher (feat. Vaz Tè & Guesan)","Izi;Vaz Tè;Guesan",2020-10-04,203428,26,true,elitealienzz,2020-10-09T06:11:21Z,"italian trap,concerto","Universal Music Italia srL.",0.617,0.793,4,-6.457,0,0.142,0.128,0.00000955,0.413,0.664,128.998,4
spotify:track:4BzXmIJgEeMAfi4lhPhslp,"Mowgli & Tarzan (feat. Tedua)","VT2M","Vaz Tè;Tedua",2020-09-04,211306,33,true,elitealienzz,2020-10-15T05:55:20Z,"italian trap,concerto","RCA Records Label",0.738,0.65,1,-8.512,1,0.0623,0.133,0,0.31,0.537,130.062,4
spotify:track:0nbLLUu3ZIstFs3zTZQr4k,"1998 World Codeine Cup","1998 World Codeine Cup","Yung Yogi",2018-11-05,146000,18,false,elitealienzz,2020-10-15T06:18:40Z,"trap metal","Yung Yogi",0.653,0.61,10,-6.434,0,0.0497,0.00517,0.00000394,0.572,0.283,144.041,4
spotify:track:3aUhQebBywp9jKcQ3ln14N,"ALL BLACK","Threeonetwo Forever","nocloud",2020-10-03,98461,0,true,elitealienzz,2020-10-15T06:18:45Z,"trap metal","nocloudforecast",0.825,0.429,5,-10.139,0,0.456,0.0632,0.379,0.37,0.232,156.035,4
spotify:track:55tMLe9K8VZZkAb1zgVlMS,"BRACES","BRACES","Kylof Söze",2019-11-07,130211,0,true,elitealienzz,2020-10-15T06:18:59Z,"","Kylof Söze",0.753,0.652,1,-6.974,1,0.0594,0.0623,0.000327,0.215,0.224,92.608,4
spotify:track:18mV837bYoLSA0daClqPc3,"Numb","Numb","Idstayawaytoo",2020-01-06,124732,33,false,elitealienzz,2020-10-15T06:19:05Z,"","1675335 Records DK",0.492,0.318,4,-11.414,0,0.0508,0.224,0.168,0.64,0.0471,153.979,4
spotify:track:0YZ7tznyplTPWSJ84rrB4e,"Hollow","Hollow","Tymek;Brennan Savage",2019-12-06,201191,26,true,elitealienzz,2020-10-15T06:19:25Z,"emo rap,cloud rap","Universal Music Polska Sp. z o.o.",0.416,0.631,9,-6.773,1,0.287,0.161,0.0000108,0.0779,0.418,157.442,3
spotify:track:3bsQKpXHHDi3yFwf2rA5Uu,"mauerblume","TrauerBubenTageBuch #3","MXP;Tamas",2018-12-14,287678,0,false,elitealienzz,2020-10-15T06:19:32Z,"horrorcore","Temple Studios",0.729,0.57,3,-6.582,0,0.0592,0.372,0.00000975,0.0808,0.0417,111.941,4
spotify:track:5oRF3J9rBRWCNMTi0odITe,"Voidwalker","Voidwalker","iamjakehill",2019-10-18,148500,44,true,elitealienzz,2020-10-15T06:19:38Z,"emo rap","629243 Records DK",0.731,0.939,2,-3.581,1,0.0623,0.249,0,0.231,0.749,149.961,4
spotify:track:0XSxhXEd9Ery8eXsfuHt1u,"Серпантин","Great Depression","Markul",2018-10-16,186653,0,true,elitealienzz,2020-10-15T06:20:11Z,"","Markul Music",0.727,0.747,11,-6.506,0,0.112,0.0154,0.00000585,0.106,0.42,160.043,4
spotify:track:1YvhcTM8aIRTg03AavA2HJ,"SLATT (feat. Capo Plaza)","GIOVANE RONDO","Rondodasosa;Capo Plaza",2020-10-16,217443,62,true,elitealienzz,2020-10-16T00:43:20Z,"italian trap,drill,uk drill,trap","WM Italy",0.778,0.488,1,-5.361,1,0.0489,0.0719,0,0.0935,0.457,133.052,4
spotify:track:2DjWPy31ZSGnuva2voaXNl,"DOLORE","GIOVANE RONDO","Rondodasosa",2020-10-16,196800,39,true,elitealienzz,2020-10-16T00:43:50Z,"italian trap,drill,uk drill","WM Italy",0.518,0.374,0,-10.214,0,0.161,0.787,0,0.104,0.233,75.9,3
spotify:track:4JfYM1SVCLhNDa70OywHjK,"The Place That Shade Hits","Superhot","Eddy Baker;OmenXIII",2018-06-15,168071,5,true,elitealienzz,2020-10-17T00:23:47Z,"emo rap,cloud rap,trap metal,horrorcore","_Blnk",0.777,0.539,2,-5.31,1,0.341,0.0125,0.000379,0.116,0.512,160.02,4
spotify:track:0RS5frpxeSYib8mTlBh2U5,"Hoolighost","Before My Death","Bass Santana Archives;Skott Summ3r2",2018-05-14,143000,3,true,elitealienzz,2020-10-17T00:35:58Z,"","bass Santana",0.7,0.671,8,-6.749,1,0.365,0.374,0,0.102,0.518,124.349,4
spotify:track:4mM42bWbKCc4qIeBNpedMN,"Yvonne","Yvonne","Vague003;WTCHCRFT",2018-01-02,211783,23,false,elitealienzz,2020-10-17T00:38:06Z,"witch house","VAGUE003",0.341,0.443,10,-10.725,0,0.0379,0.328,0.811,0.382,0.0574,129.908,4
spotify:track:2y56SWYFcLKP4ACvbK7rZF,"4L (feat. MamboLosco)","DARK BOYS CLUB","Dark Polo Gang;MamboLosco",2020-09-04,147706,37,true,elitealienzz,2020-10-18T01:25:56Z,"italian trap,trap,mambo","Universal Music Italia srL.",0.674,0.556,9,-6.358,1,0.296,0.597,0,0.101,0.357,91.966,4
spotify:track:5GGb4zxgvUcDFSDMoFykB4,"Mistral","Mistral","nvrmore",2018-02-06,166034,15,false,elitealienzz,2020-10-18T02:46:26Z,"witch house","nvr",0.554,0.169,0,-10.602,1,0.0336,0.515,0.865,0.314,0.036,120.014,4
spotify:track:2s2LhMYvUFAIPvfiHXGNnK,"Damaged","Damaged","White Shinobi;Ginseng",2016-08-16,222062,13,false,elitealienzz,2020-10-18T03:31:17Z,"witch house","825736 Records DK2",0.591,0.654,1,-8.513,1,0.0384,0.0404,0.912,0.096,0.039,114.985,4
spotify:track:2UlT36ML31cbBAo6uAq5VD,"i shouldn't look back w/ scum & lil lotus [prod fats'e]","marigold","fats'e;scum;LiL Lotus",2017-03-14,139818,23,false,elitealienzz,2020-10-18T03:47:25Z,"emo rap,cloud rap,pop punk","Repost Network",0.653,0.342,9,-10.652,1,0.056,0.471,0.166,0.0923,0.0593,75.021,4
spotify:track:0KPR6HC1qy4SYTRCIrFQri,"Trust Issues","Trust Issues","Violight;Shadow Puppet",2019-05-07,136698,0,true,elitealienzz,2020-10-18T04:08:48Z,"","866590 Records DK2",0.799,0.887,11,-6.231,0,0.11,0.00236,0.00263,0.271,0.634,130.016,4
spotify:track:3PXkCLjfTwH0fpolS9yELH,"Sacrilege","ANTI-ICON","Ghostemane",2020-10-21,141558,26,true,elitealienzz,2020-10-24T12:55:01Z,"","Blackmage",0.811,0.773,2,-7.224,0,0.124,0.0189,0.425,0.544,0.128,120.053,4
spotify:track:0BV0AYGLVlu2SdjN3J9twp,"Fed Up","ANTI-ICON","Ghostemane",2020-10-21,151625,41,true,elitealienzz,2020-10-24T12:55:14Z,"","Blackmage",0.849,0.758,8,-7.498,1,0.256,0.499,0.695,0.147,0.0684,115.058,4
spotify:track:0QpVrGlasZUxg7F6FgY9ig,"The Winds of Change","ANTI-ICON","Ghostemane",2020-10-21,160276,13,true,elitealienzz,2020-10-24T12:55:20Z,"","Blackmage",0.663,0.839,8,-7.048,1,0.0588,0.812,0.899,0.325,0.267,117.509,4
spotify:track:1cwcmyyPTjJrH2tZpjrYxD,"Hellrap","ANTI-ICON","Ghostemane",2020-10-21,130438,29,true,elitealienzz,2020-10-24T12:55:28Z,"","Blackmage",0.728,0.653,1,-8.584,1,0.11,0.0375,0.28,0.128,0.189,170.053,4
spotify:track:5GYdnTwF4XoZTFUeP3qSNS,"Falling Down","ANTI-ICON","Ghostemane",2020-10-21,280818,15,true,elitealienzz,2020-10-24T12:55:44Z,"","Blackmage",0.558,0.42,4,-10.146,1,0.0312,0.851,0.895,0.111,0.18,158.944,4
spotify:track:1WNEYkH2Qa3Xo2wynZLBc2,"WANT ME GONE","WANT ME GONE","Wxrmz;fkbambam",2020-08-28,117123,0,true,elitealienzz,2020-10-28T03:03:08Z,"trap metal,horrorcore,phonk,drift phonk","DJALL",0.637,0.553,1,-8.754,1,0.145,0.0238,0.166,0.207,0.676,113.25,5
spotify:track:2qBSZfULxBtuPA2uCSsHaD,"HYPOCHONDRIAC","BOUND BY BLOOD","fkbambam;Wxrmz",2019-12-25,147732,0,true,elitealienzz,2020-10-28T03:03:26Z,"phonk,drift phonk,trap metal,horrorcore","fkbambam",0.807,0.445,10,-6.708,0,0.101,0.549,0.000126,0.0936,0.404,116.919,4
spotify:track:3E2KP5AWn6Wx0NcPstzKeo,"Bottiglie Privè","Bottiglie Privè","Sfera Ebbasta",2020-10-28,189867,51,true,elitealienzz,2020-11-08T21:21:38Z,"italian trap,concerto,trap","Universal Music Italia srL.",0.669,0.618,5,-7.021,0,0.0487,0.0908,0,0.0934,0.206,144.905,4
spotify:track:2oLGvSNFsi9zHjIF4oIA5S,"The Lamest","The Lamest","Lames;lilbubblegum",2020-11-07,98418,32,true,elitealienzz,2020-11-13T20:49:23Z,"","Lames",0.68,0.453,0,-11.042,1,0.286,0.201,0.081,0.132,0.298,199.896,4
spotify:track:2pQoFsmsKufLb3aPbfuJOX,"INSOMNIA","IDENTITY CRISIS","Paycheck",2019-03-08,205035,0,false,elitealienzz,2020-11-14T14:09:53Z,"","I AM PAYCHECK, INC.",0.72,0.464,1,-9.544,0,0.0436,0.769,0,0.0751,0.391,75.007,4
spotify:track:441GwDN2zyZSW76W896ol4,"Arachnid","+Life of Arachnid & Butterfly+","Slutty Sonny",2018-09-02,166138,36,true,elitealienzz,2020-11-14T14:10:05Z,"trap metal","963732 Records DK2",0.558,0.505,8,-7.313,0,0.118,0.889,0.0781,0.12,0.485,183.803,3
spotify:track:2BMi9TooBylVIOiHSRwfeT,"Paranoid","Paranoid","outsiderX",2020-07-21,148800,0,true,elitealienzz,2020-11-14T14:10:34Z,"trap metal,horrorcore","TRASH Records",0.542,0.747,8,-7.675,1,0.0558,0.325,0.00356,0.0833,0.0321,99.883,4
spotify:track:0qsJmc9dyOkqKHSqC8Q1HD,"Hope You Die","Hope You Die","Yng Hstlr",2019-08-15,141000,28,true,elitealienzz,2020-11-14T14:10:54Z,"emo rap","Yng Hstlr",0.547,0.494,4,-12.224,0,0.0419,0.000962,0.0000061,0.114,0.149,159.993,4
spotify:track:1KJOjU8feVsGYnCCtbR7xT,"Funeral Service","Funeral Service","Frander",2018-05-01,183206,0,true,elitealienzz,2020-11-14T14:11:17Z,"emo rap","anotherlostcause",0.246,0.803,10,-7.432,1,0.132,0.572,0,0.319,0.181,81.912,4
spotify:track:4aQgg1HQvy3aLZUWrXzxzx,"925","Flyboy Tapes","Flyboy Jetty",2019-05-24,209057,0,false,elitealienzz,2020-11-14T14:11:30Z,"","Flyboy Jetty",0.557,0.468,4,-11.049,0,0.0463,0.493,0.0415,0.104,0.237,147.848,4
spotify:track:6BSPfADBMriOIJmiNnc6mC,"WARDOGZ","6 FEET UNDER","GRAVEDGR;City Morgue",2020-02-21,154616,42,true,elitealienzz,2020-11-14T14:11:49Z,"hard techno,trap metal,horrorcore,emo rap,rap metal,rage rap","Heavyweight Records",0.619,0.899,4,-3.914,0,0.397,0.0689,0,0.106,0.507,150.186,4
spotify:track:50S2bvU06M61SfC41HUzh4,"Key","Key","Hxxxd",2020-02-03,157440,4,true,elitealienzz,2020-11-14T14:11:57Z,"trap metal,rap metal","1446106 Records DK",0.78,0.627,10,-8.308,0,0.0551,0.0305,0.0000192,0.112,0.147,100.003,4
spotify:track:1V0XzDGcYMtjAysR3uyZbb,"Marlboro","Buster Keaton","MiyaGi",2019-06-21,243421,61,false,elitealienzz,2020-11-14T14:12:07Z,"","Hajime Records",0.561,0.515,2,-7.07,1,0.102,0.395,0.0156,0.17,0.0593,77.897,4
spotify:track:3pXVmZh293nWtqxildz9jf,"Miss YOU!","Miss YOU!","CORPSE",2020-03-06,92856,56,true,elitealienzz,2020-11-17T18:58:39Z,"trap metal","1268268 Records DK2",0.792,0.829,2,-6.612,1,0.256,0.00103,0.0755,0.582,0.17,93.044,4
spotify:track:4SPBwOTXgku4QvmRtMEGfW,"Cat Girls Are Ruining My Life!","Cat Girls Are Ruining My Life!","CORPSE",2020-03-11,97317,52,true,elitealienzz,2020-11-17T19:18:44Z,"trap metal","CORPSE",0.644,0.883,1,-6.985,1,0.473,0.0119,0,0.377,0.522,164.158,4
spotify:track:3qdRwIwWa5nVZnNp43uYrx,"White Tee","White Tee","CORPSE",2020-03-21,121846,51,true,elitealienzz,2020-11-17T19:20:14Z,"trap metal","CORPSE",0.904,0.854,5,-3.528,0,0.179,0.0175,0.000097,0.296,0.351,130.074,4
spotify:track:7bCfHiRcfUjG0YVVNUL7Ve,"E-GIRLS ARE RUINING MY LIFE!","E-GIRLS ARE RUINING MY LIFE!","CORPSE;Savage Ga$p",2020-09-25,105176,63,true,elitealienzz,2020-11-17T19:32:59Z,"trap metal","CORPSE",0.614,0.937,1,-7.443,1,0.115,0.00161,0.00136,0.103,0.386,84.98,4
spotify:track:3SnO7DOWrTejUy5mQzntT5,"Witchblades","Witchblades","Yung Tide;yung van",2018-11-02,172942,0,false,elitealienzz,2020-12-02T00:50:27Z,"emo rap","YeahWhateverZLLC",0.67,0.449,6,-8.679,0,0.0413,0.776,0,0.111,0.163,112.033,4
spotify:track:3RzyLXRNR2RzTYd6AHWBRX,"Drink Til' I'm Dead","Drink Til' I'm Dead","Godmode",2018-03-04,166138,0,true,elitealienzz,2020-12-02T00:54:12Z,"","Godmode Entertainment",0.668,0.579,10,-10.998,0,0.197,0.336,0,0.134,0.173,119.975,4
spotify:track:50QHrpEyyXjMd1HgKeabzk,"Up North (feat. Cousin Stizz & Night Lovell)","Up North (feat. Cousin Stizz & Night Lovell)","NOK from the Future;Cousin Stizz;Night Lovell",2015-12-19,176938,35,true,elitealienzz,2020-12-02T00:59:22Z,"cloud rap,emo rap,horrorcore,trap metal","Nok From the Future",0.56,0.359,1,-10.57,1,0.198,0.186,0.0000069,0.11,0.156,97.973,4
spotify:track:5T3Zp5M8wLSZWljc6ia94X,"Siren Head","Stuck at Home","Chills;CORPSE",2020-05-29,126915,46,true,elitealienzz,2020-12-06T22:48:05Z,"trap metal","Chills",0.812,0.657,2,-5.677,1,0.0345,0.000617,0.0252,0.336,0.671,140.066,4
spotify:track:3HJIBzgx1JEbbFG9h2TG1S,"Amico","Amico","Neima Ezza",2020-11-27,182656,32,true,elitealienzz,2020-12-06T22:49:12Z,"italian trap","YALLA MOVEMENT",0.513,0.502,0,-7.164,0,0.422,0.0356,0,0.0707,0.121,63.983,5
spotify:track:2yHowQ2y8xnSZk3R8vrLaW,"Its Not Love","Fear the Wrath of God","slen;TWENTYTHREE",2018-10-30,198666,22,true,elitealienzz,2020-12-09T17:45:06Z,"trap metal,horrorcore,emo rap","834790 Records DK",0.31,0.829,10,-6.085,0,0.171,0.126,0.000149,0.174,0.084,179.435,4
spotify:track:0V8Q2u0yxJ9yURkjblmPU9,"Мой кайф","PHUNERAL","PHARAOH",2018-08-23,161694,50,true,elitealienzz,2020-12-09T17:46:15Z,"","SELF-ISSUED",0.881,0.604,1,-8.117,1,0.198,0.226,0.121,0.163,0.431,118.05,4
spotify:track:477eOHpLpnOJyREyNP3dHG,"Blanc Orange (Nanana)","Blanc Orange (Nanana)","Rhove",2020-12-10,135882,38,true,elitealienzz,2020-12-18T19:35:04Z,"italian trap","Universal Music Italia srL.",0.804,0.673,4,-5.762,0,0.0497,0.14,0,0.295,0.646,135.966,4
spotify:track:493DHR6AgQmj3QespmHlon,"Perif","Perif","Neima Ezza",2020-10-16,177777,38,true,elitealienzz,2020-12-28T19:46:23Z,"italian trap","YALLA MOVEMENT",0.748,0.598,5,-7.229,0,0.112,0.0621,0,0.146,0.349,134.999,4
spotify:track:7LAbKmcJoopE41cQkQRHbI,"Ragazzini","Ragazzini","4m",2020-10-26,233247,4,true,elitealienzz,2020-12-28T19:47:06Z,"","Rose Studio",0.722,0.727,1,-1.985,0,0.141,0.405,0,0.0711,0.584,137.981,4
spotify:track:2CX0oyET6hQ6UfbtCZhTv7,"Allenamento #4","Allenamento #4","Capo Plaza",2021-01-08,170078,0,true,elitealienzz,2021-01-08T00:04:41Z,"italian trap,trap","WM Italy",0.76,0.701,1,-5.177,1,0.0508,0.0949,0,0.0957,0.281,126.975,4
spotify:track:2KYLg9El0wzvX4S13CDoZf,"SEVEN 7oo (feat. Rondodasosa, Sacky, Vale Pain, Neima Ezza, Kilimoney, Keta, Nko)","SEVEN 7oo (feat. Rondodasosa, Sacky, Vale Pain, Neima Ezza, Kilimoney, Keta, Nko)","SEVEN 7oo;Rondodasosa;Sacky;Vale Pain;Neima Ezza;Kilimoney;Keta;Nko",2021-01-12,209565,49,true,elitealienzz,2021-01-13T18:06:00Z,"italian trap,drill,uk drill","WM Italy",0.609,0.711,10,-4.764,0,0.163,0.169,0,0.267,0.439,137.82,4
spotify:track:5Z5mYTYVTZri2WzKXGnZ6Y,"Dark Thoughts","Anguish/Anxiety/Animosity/Misanthropy","CoaastGxd",2018-01-02,177000,0,true,elitealienzz,2021-01-20T20:14:47Z,"trap metal,horrorcore","We the Hopeless",0.776,0.657,4,-8.121,0,0.24,0.128,0.0194,0.0933,0.501,89.981,4
spotify:track:1AA3XZWWaLTcOgVdeSWg3S,"Street","PLAZA","Capo Plaza",2021-01-22,178222,50,true,elitealienzz,2021-01-22T13:41:27Z,"italian trap,trap","WM Italy",0.725,0.656,0,-5.651,1,0.329,0.0474,0,0.209,0.431,132.107,5
spotify:track:769M2rTiAoL7x2lKDHLjRa,"Non Fare Così","PLAZA","Capo Plaza",2021-01-22,192786,67,true,elitealienzz,2021-01-22T13:42:03Z,"italian trap,trap","WM Italy",0.673,0.53,4,-9.074,0,0.0637,0.384,0,0.0594,0.43,122.074,4
spotify:track:6jawrhd9Ad5td8mIvEZkjm,"Demonio (feat. Sfera Ebbasta)","PLAZA","Capo Plaza;Sfera Ebbasta",2021-01-22,190666,54,true,elitealienzz,2021-01-22T13:46:03Z,"italian trap,trap,concerto","WM Italy",0.727,0.661,1,-5.925,0,0.299,0.102,0,0.0631,0.319,98.361,4
spotify:track:1y0Ih4YZh0BUDkISynFh6Z,"BLVST","Wannacry","Dxrmant;Wxrmz",2019-01-30,80367,12,true,elitealienzz,2021-01-31T16:39:35Z,"trap metal,horrorcore","DXRMANT//SCVMFUX",0.25,0.902,0,-5.33,1,0.164,0.00688,0,0.533,0.236,179.936,4
spotify:track:5fO6wfeTkBJ2vS6KGJGp0B,"THE FALL BEFORE THE GIVE UP (feat. Clever)","CITY MORGUE VOL 2: AS GOOD AS DEAD (DELUXE)","City Morgue;ZillaKami;SosMula;Clever",2020-05-15,148957,45,true,elitealienzz,2021-01-31T16:39:43Z,"trap metal,horrorcore,emo rap,rap metal,rage rap","Republic Records",0.623,0.52,9,-5.688,1,0.0318,0.134,0,0.2,0.302,72.447,4
spotify:track:1W0DX6FLVwJxQv5npEuWpT,"I'm GoD","Regret","A-LOW Rx;Bill $Aber",2019-04-03,165235,24,true,elitealienzz,2021-01-31T16:39:48Z,"trap metal,horrorcore","LOT9",0.633,0.878,2,-8.267,0,0.351,0.314,0,0.355,0.438,140.084,4
spotify:track:1EMJy6AAc0qZXbDClanopL,"PROMISE ME","PROMISE ME","PLURBS;Whxami",2019-01-19,187745,31,true,elitealienzz,2021-01-31T16:39:55Z,"emo rap","660 RECORDS",0.532,0.787,9,-4.692,1,0.0317,0.15,0.00151,0.309,0.197,102.985,4
spotify:track:6ked2J171gyJuzS9szvcBj,"$uicidewave","$UICIDEWAVE//","XTheDolphin",2020-01-03,232071,36,true,elitealienzz,2021-01-31T16:40:01Z,"","GARBAGEHILLRECORDS",0.764,0.515,0,-11.34,1,0.047,0.00398,0,0.0806,0.103,120.018,4
spotify:track:3Mtdha75pqHmFxYFW1G5oK,"BLACK CØAT","BLACK CØAT","MIERNØ",2019-05-21,132794,24,true,elitealienzz,2021-01-31T16:40:06Z,"drift phonk,phonk","Seven",0.801,0.409,1,-10.531,1,0.403,0.299,0.000119,0.116,0.298,85.026,4
spotify:track:2vFzdWc5hIgAM47dldB465,"Demon Lover","Past Junts","Devilish Trio",2016-05-06,218701,49,true,elitealienzz,2021-02-01T21:51:37Z,"horrorcore,phonk,trap metal","Devilish Trio",0.577,0.608,7,-9.836,0,0.0586,0.00502,0.253,0.104,0.0579,202.027,4
spotify:track:67Rx6n4SONF4PY1QcnrGeO,"Cage","Cage","Cardeairè Jack",2020-04-25,125672,0,true,elitealienzz,2021-02-01T21:51:44Z,"trap metal,horrorcore","SECT UNIT",0.66,0.466,1,-11.874,1,0.337,0.0134,0.203,0.114,0.285,170.054,4
spotify:track:2dh2V6k9qU1FhQ2ZmTIdcg,"Corduroy","Garbage","BONES",2014-06-14,143386,43,true,elitealienzz,2021-02-01T21:51:57Z,"cloud rap,emo rap,horrorcore,trap metal,underground hip hop","TeamSESH",0.874,0.572,8,-8.949,0,0.0601,0.305,0.00103,0.0978,0.191,112.969,4
spotify:track:0SSYxiZKBxCKMKWzrMMMxS,"Bang","Bang","Hloy",2020-06-05,194090,28,true,elitealienzz,2021-02-03T17:34:43Z,"","Hajime Records",0.42,0.418,1,-12.321,1,0.0778,0.174,0.129,0.1,0.0753,100.032,4
spotify:track:2uOspTU1JvowNSkzvYhcqT,"Hide","Hide","4ЯR;4RR",2019-07-03,248917,37,false,elitealienzz,2021-02-03T17:34:49Z,"","4ЯR, under exclusive license to Salem Music Group",0.545,0.458,9,-9.203,1,0.102,0.47,0.703,0.0662,0.152,113.997,4
spotify:track:42rF3FLOvTSXRpVowkwTGY,"North Star","God Mom","Mackned",2018-11-30,123200,46,true,elitealienzz,2021-02-03T17:34:55Z,"emo rap,cloud rap","Get Dough",0.492,0.217,2,-20.032,1,0.132,0.865,0.00000273,0.14,0.159,138.809,3
spotify:track:58c0onYx49q2paUJ6VBc9K,"The Conjuring","The Conjuring","DEADG6D",2019-09-23,123140,8,true,elitealienzz,2021-02-03T17:35:15Z,"trap metal,horrorcore","deadg6d",0.775,0.396,11,-14.311,0,0.169,0.269,0,0.337,0.279,124.922,4
spotify:track:1XE1ruICxCBlFmzI4X4qiV,"BadTrip","Strefa Dyskomfortu","Piotr Cartman",2020-07-31,196593,0,false,elitealienzz,2021-02-03T17:35:26Z,"horrorcore","QueQuality",0.699,0.765,7,-6.683,1,0.396,0.388,0,0.436,0.689,80.113,4
spotify:track:6oEap4vFHm02DIleAAmOiI,"Insomniac","Insomniac","XSavotage",2019-04-05,230400,18,true,elitealienzz,2021-02-03T17:35:41Z,"","XSavotage",0.593,0.549,1,-8.398,0,0.324,0.701,0.0000163,0.0726,0.376,150.361,4
spotify:track:5d65qZVChlrFCIY3SITuLs,"Разнесем","Разнесем","Max Korzh",2020-01-31,185196,45,false,elitealienzz,2021-02-03T17:36:01Z,"","Макс Корж",0.434,0.625,9,-7.204,0,0.33,0.18,0.648,0.172,0.128,127.142,4
spotify:track:1hfISzdAwnywAKxaSpfloo,"Положение","Уроборос: Улица 36","Skryptonite",2017-12-16,282621,56,true,elitealienzz,2021-02-11T19:43:55Z,"","Gazgolder Records",0.58,0.539,1,-8.893,0,0.322,0.542,0.000291,0.146,0.243,62.919,4
spotify:track:3poh4OWmbULDrXRjiwFZUK,"BUGIE","BUGIE","Massimo Pericolo",2021-02-19,229343,29,true,elitealienzz,2021-02-22T20:21:06Z,"italian trap","Epic",0.511,0.568,6,-8.89,0,0.141,0.348,0,0.0958,0.162,89.826,4
spotify:track:2DtuEwPdlbo7RTWq66IxMy,"Killer Butterfly","Killer Butterfly","Beamon",2018-01-08,199000,27,true,elitealienzz,2021-02-25T16:51:34Z,"emo rap,horrorcore,trap metal","thebeamon.com",0.713,0.813,8,-5.429,1,0.168,0.0465,0,0.187,0.196,76.01,4
spotify:track:2lKNKvgKuhIY5ObIbCaUTD,"I'm No Fool","LET THE WORLD BURN","PRXJEK",2017-06-15,120076,0,false,elitealienzz,2021-02-25T16:52:00Z,"trap metal,horrorcore,emo rap,rap metal","PRXJEK",0.223,0.484,11,-7.446,0,0.0537,0.00167,0,0.127,0.0394,180.247,3
spotify:track:3JCck3dAyxJm8Kls1nf88Q,"back it up","back it up","Letoa;lilbubblegum",2020-08-28,146000,0,true,elitealienzz,2021-02-25T16:54:15Z,"","Letoa",0.681,0.285,1,-20.533,1,0.175,0.801,0.0634,0.12,0.333,119.946,4
spotify:track:4BaQMOAvH2RNszd5G7Hz3W,"3am","3am","Kill Red",2019-03-03,149624,20,true,elitealienzz,2021-02-25T16:54:31Z,"emo rap","875048 Records DK2",0.792,0.474,9,-4.271,0,0.158,0.601,0,0.106,0.509,100.156,4
spotify:track:6zgfE9vH49ILTKJTUytZEU,"Hlavou Dolu","Helheim","RNZ;P T K",2020-03-05,220029,34,true,elitealienzz,2021-02-25T16:54:56Z,"","Visionary Boys",0.634,0.819,8,-5.511,1,0.197,0.42,0.00000226,0.139,0.505,174.973,4
spotify:track:7GsqJKbiXMMFjnOxkSGd0V,"Ether","Ether","Saint Pitre;Truett",2018-01-20,180232,19,true,elitealienzz,2021-02-25T16:55:15Z,"","Broken Soul Collective",0.828,0.467,11,-7.617,1,0.0691,0.059,0.144,0.133,0.121,119.974,4
spotify:track:5x6f5OvhhPkeKFGkD3BH6X,"Silencieux Amoureux","Silencieux Amoureux","Saphir",2018-08-31,120398,0,false,elitealienzz,2021-03-20T13:20:41Z,"emo rap","724968 Records DK",0.57,0.447,1,-8.464,1,0.0286,0.632,0,0.318,0.0573,90.021,4
spotify:track:3DjeXwY2fLjFr5y9RxnuvS,"Revelations","Revelations","Don Kenobi;Mick Jenkins",2018-08-28,205908,25,true,elitealienzz,2021-03-20T13:21:37Z,"gospel r&b,jazz rap","Good Ear Association LLC",0.538,0.813,10,-6.61,0,0.41,0.257,0,0.14,0.372,87.059,4
spotify:track:47VNVjO8bBhFL4AsqkXAUk,"Wake up in the Sky","Wake up in the Sky","TRFN;Siadou",2019-06-11,206468,36,false,elitealienzz,2021-03-20T13:22:33Z,"slap house,g-house","Lithuania HQ",0.827,0.654,2,-5.818,1,0.0658,0.128,0.00269,0.348,0.185,124.009,4
spotify:track:20t66ReqDDum1dvDSlpZzk,"CAZZO CULO (feat. Salmo)","SOLO TUTTO","Massimo Pericolo;Crookers;Salmo;Nic Sarno",2021-03-26,233865,40,true,elitealienzz,2021-03-27T20:27:16Z,"italian trap,concerto","Epic",0.52,0.599,8,-5.837,1,0.168,0.0279,0,0.0958,0.492,158.094,4
spotify:track:7EGwZZuFAnixuoT199xyWu,"Avatar","Quanto Manca","VillaBanks;Brando Luis",2020-01-01,150750,44,true,elitealienzz,2021-03-27T21:54:22Z,"italian trap","Universal Music Italia srL.",0.847,0.577,1,-8.282,1,0.14,0.314,0,0.0953,0.508,97.017,3
spotify:track:0g8QZnq21NW49KHCXdXQKO,"Lights Out","Young Shepherd","Evilmane",2019-12-31,147576,38,true,elitealienzz,2021-04-10T14:02:19Z,"drift phonk,phonk","EVILMANE",0.776,0.67,1,-8.545,0,0.21,0.159,0.492,0.157,0.52,173.975,4
spotify:track:1LmKPUgG5xt6JpgBRhECgD,"Бенз","1000 км до мечты","MACAN",2019-08-08,132599,13,false,elitealienzz,2021-04-10T14:02:43Z,"","Rhymes Music Inc.",0.511,0.472,1,-9.378,1,0.0614,0.341,0.00000462,0.114,0.0372,107.904,4
spotify:track:1WlNbvgMQFi8diJSht1hnv,"As Above, So Below","As Above, So Below","Tumaggz",2020-12-16,146237,0,true,elitealienzz,2021-04-10T14:02:57Z,"trap metal,horrorcore","Hellhound Militia",0.474,0.727,8,-8.64,1,0.0457,0.129,0.197,0.114,0.246,150.439,4
spotify:track:7dJaRie7LJfpSZFHaQgi4Z,"Skull Crack","Skull Crack","KXLLSWXTCH",2019-01-02,120032,23,true,elitealienzz,2021-04-10T14:03:14Z,"trap metal","945680 Records DK",0.602,0.62,3,-6.96,0,0.13,0.00908,0,0.163,0.79,150.328,4
spotify:track:4u4fYfoBcQ4LYfnDG6QzUi,"SLEEP","SLEEP","Dexndre",2020-12-21,142206,0,true,elitealienzz,2021-04-10T14:03:21Z,"trap metal,horrorcore","Dexndre",0.503,0.486,6,-8.39,0,0.0418,0.0233,0.103,0.315,0.038,114.061,4
spotify:track:3F2koMUzUcqTmBOiWL6L3T,"Bandersnatch","Bandersnatch","Prompto",2019-04-01,119172,11,true,elitealienzz,2021-05-14T13:26:41Z,"trap metal","Prompto Productions",0.732,0.543,7,-8.794,1,0.12,0.466,0,0.134,0.209,72.516,4
spotify:track:0lWjL0vBfp9XSvQUUvHkpv,"Death Stranding","All Men Are Evil","Original God",2018-11-04,131713,0,false,elitealienzz,2021-05-14T13:27:39Z,"trap metal,emo rap","Midnight Society",0.373,0.817,5,-5.919,0,0.0614,0.00346,0.00000267,0.262,0.221,90.194,4
spotify:track:17fwqpqhfoPkpTVNMWFGN3,"Lust","VII","OXYBUZ",2019-11-22,192977,28,true,elitealienzz,2021-05-14T13:28:57Z,"dark r&b,trap soul","3XT Records",0.61,0.24,1,-15.846,1,0.0379,0.334,0.0773,0.106,0.152,110.031,4
spotify:track:3AyAOA5O6PUwNYC3Oy4UdC,"Trying to Float","Just Say You Don't Care","Night Lovell",2021-05-07,135111,38,true,elitealienzz,2021-05-14T17:31:12Z,"emo rap,horrorcore,trap metal","G59 Records",0.751,0.586,2,-11.303,1,0.0952,0.164,0.000254,0.282,0.106,134.98,4
spotify:track:1AZgMmMNpWW3eiBE2MNdk2,"Smoke Screen","Just Say You Don't Care","Night Lovell",2021-05-07,129634,45,true,elitealienzz,2021-05-14T17:31:34Z,"emo rap,horrorcore,trap metal","G59 Records",0.792,0.285,10,-9.682,0,0.103,0.00519,0.654,0.105,0.0855,137.007,4
spotify:track:6Su8E2Kb1dJhXduvAKNJy5,"You Motherfucker","Just Say You Don't Care","Night Lovell",2021-05-07,143649,46,true,elitealienzz,2021-05-14T17:31:56Z,"emo rap,horrorcore,trap metal","G59 Records",0.897,0.783,7,-8.226,1,0.21,0.124,0.0285,0.235,0.573,137.033,4
spotify:track:57GZGMVY9ivqEqKIDPA1HK,"DUBAI","DUBAI","Rondodasosa;Nko",2021-04-23,201847,49,true,elitealienzz,2021-05-19T20:08:22Z,"italian trap,drill,uk drill","WM Italy",0.678,0.683,1,-6.448,1,0.135,0.443,0,0.14,0.592,138.034,4
spotify:track:18fEUIH4wdTyYii6rTinic,"Alien Blood","Alien Blood","Warlord Colossus",2019-10-06,142904,27,true,elitealienzz,2021-05-20T18:56:01Z,"trap metal,horrorcore","Warlord Records",0.682,0.826,0,-6.165,1,0.391,0.252,0,0.541,0.315,108.144,4
spotify:track:6y5bDrGvavBC4uzYrpCbQD,"LA PRIMA VOLTA","LA PRIMA VOLTA","Sacky;Nko",2021-05-18,166623,34,false,elitealienzz,2021-05-25T09:58:57Z,"italian trap,drill","WM Italy",0.681,0.542,11,-8.478,0,0.147,0.192,0.00000275,0.122,0.244,92.981,4
spotify:track:0cAMaGkAAqmLAK2kwBCnsL,"Fontanelle e Sampietrini","Fontanelle e Sampietrini","Side Baby",2021-05-12,118970,30,true,elitealienzz,2021-05-25T09:59:13Z,"italian trap","Intersuoni",0.66,0.809,6,-4.747,1,0.174,0.113,0,0.0735,0.589,82.021,4
spotify:track:4YhH8TVZAe2AUaz2oigGeQ,"CASA","CASA","Neima Ezza;Nko",2021-04-16,197247,49,false,elitealienzz,2021-05-25T09:59:21Z,"italian trap,drill","Epic",0.356,0.76,8,-7.877,1,0.143,0.138,0.109,0.234,0.1,152.588,5
spotify:track:1jHZiUutQ4CXjyQrP6m8MD,"Block","Block","Neima Ezza;Nko",2021-06-29,156735,44,false,elitealienzz,2021-06-30T13:29:11Z,"italian trap,drill","Epic",0.793,0.856,8,-4.086,1,0.035,0.218,0,0.453,0.769,129.961,4
spotify:track:6pQDU55mGrI7x4bvbINwsi,"GLIDE (feat. Simba La Rue)","GLIDE (feat. Simba La Rue)","Keta;Manny Troublez;Simba La Rue",2021-05-25,157700,32,true,elitealienzz,2021-07-10T20:00:31Z,"italian trap,drill","WM Italy",0.77,0.501,6,-9.17,0,0.492,0.162,0,0.107,0.424,142.012,4
spotify:track:73qOtBhbJcHP2ByklQIUVZ,"2WICE (feat. Sai So)","2WICE (feat. Sai So)","Keta;Nko;Sai So",2021-03-18,128695,18,true,elitealienzz,2021-07-10T20:00:39Z,"italian trap,drill,uk drill,aussie drill","WM Italy",0.75,0.509,5,-6.482,0,0.247,0.384,0,0.136,0.658,137.943,4
spotify:track:6VGGUt2yqHqrEnEeKrIkJM,"Dyin Slowly","Dyin Slowly","Bill $Aber",2018-10-30,124369,0,true,elitealienzz,2021-07-15T19:58:53Z,"trap metal,horrorcore","Bill $aber",0.88,0.551,4,-13.803,0,0.335,0.461,0.000393,0.219,0.7,110.038,4
spotify:track:4ZoeRK7NIsjn1vu45z4i0A,"Tempt Fate!","Teddy","Teddy;Nat Dunn",2019-04-27,208254,35,false,elitealienzz,2021-07-15T19:59:09Z,"emo rap","Autnmy Records / FAE",0.74,0.497,4,-6.467,1,0.0328,0.432,0.0000299,0.107,0.296,94.01,4
spotify:track:6E1ycDlhmqMzaLxi1msK4G,"More Than Ever","Garbage","fish narc;Brennan Savage",2018-07-27,182585,30,false,elitealienzz,2021-07-15T19:59:15Z,"emo rap,cloud rap","Brennan Savage",0.351,0.46,7,-11.674,1,0.0341,0.0012,0.00061,0.225,0.0446,179.748,4
spotify:track:2kcWl0NdwwZeko7RiDOdY5,"the end (w/ swerzie)","the end (w/ swerzie)","Downtime;Swerzie",2017-09-03,135400,25,false,elitealienzz,2021-07-15T19:59:26Z,"","downtime",0.818,0.692,5,-6.647,1,0.109,0.0692,0,0.0799,0.56,116.875,4
spotify:track:5mdoIyj3wUeDu05Qfsicjg,"A CHANGE OF WEATHER","A CHANGE OF WEATHER","TWENTYTHREE",2020-01-14,128004,0,true,elitealienzz,2021-07-15T19:59:44Z,"trap metal,horrorcore,emo rap","TWENTYTHREE",0.638,0.684,10,-9.999,1,0.0624,0.0718,0.904,0.37,0.136,149.981,4
spotify:track:1x3Qb8np6S1UvpSLthwEJN,"MI FAI IMPAZZIRE","MI FAI IMPAZZIRE","BLANCO;Sfera Ebbasta",2021-06-17,220235,61,true,elitealienzz,2021-08-06T19:04:55Z,"concerto,italian trap,trap","Universal Music Italia srL.",0.477,0.844,11,-4.87,1,0.0458,0.00273,0,0.137,0.203,169.941,4
spotify:track:3Rg0SfSHaQEbPvhh0PdyRu,"Break You Off","Violent Shit II: The Interlude","Baker Ya Maker",2020-12-30,121364,38,true,elitealienzz,2021-08-19T11:16:54Z,"horrorcore,trap metal","886347 Records DK",0.777,0.499,0,-9.619,1,0.05,0.00411,0,0.129,0.27,102.004,4
spotify:track:4G1lWOdSW7WqTlrFHxhsqC,"Child of the Night","Child of the Night","III-SCAR",2019-10-08,123860,0,true,elitealienzz,2021-08-19T11:17:25Z,"","III-SCAR",0.458,0.545,8,-13.064,1,0.143,0.115,0,0.427,0.154,96.803,4
spotify:track:5WFBW8lGQ33gRcBVVEme9y,"BARRI","INCOGNITO","Eddie Fresco",2019-09-06,114482,16,true,elitealienzz,2021-08-19T11:17:39Z,"trap metal","215Collective",0.671,0.844,2,-9.888,1,0.0587,0.111,0,0.0496,0.493,75.007,4
spotify:track:12nqJBMYDGPAFNIAK4JgKI,"IHY!","IHY!","Yung Rare",2020-09-03,137889,29,true,elitealienzz,2021-08-19T11:18:00Z,"trap metal,horrorcore","1114854 Records DK",0.589,0.804,5,-3.916,1,0.11,0.013,0,0.589,0.644,164.966,4
spotify:track:365MOqXIW0Nwrkl8b1Y8by,"APPALACHIA","APPALACHIA","Witchouse 40k;TWENTYTHREE",2021-05-08,144013,7,true,elitealienzz,2021-08-19T11:18:54Z,"trap metal,horrorcore,witch house,emo rap","Hellhound Militia",0.62,0.895,9,-6.885,1,0.18,0.132,0.00441,0.285,0.228,100.008,4
spotify:track:5E8Kto83nbfJqpggmjNFMF,"OUT OF LUCK","OUT OF LUCK","TWENTYTHREE",2021-07-23,139285,0,true,elitealienzz,2021-08-19T11:19:18Z,"trap metal,horrorcore,emo rap","TWENTYTHREE",0.656,0.599,10,-8.312,0,0.118,0.412,0.614,0.0955,0.325,168.125,3
spotify:track:6wpGkZxfIJR2WR0KsNws3p,"GUT$","Hypo Negative","Tumaggz;Witchouse 40k",2019-11-22,157931,0,true,elitealienzz,2021-08-19T11:20:08Z,"trap metal,horrorcore","Hellhound Militia",0.86,0.553,8,-5.687,1,0.328,0.0178,0.0131,0.685,0.172,162.035,4
spotify:track:3OHndKzu5eMJ7OQc1BBRZV,"U Do","U Do","TRFN;Siadou",2018-12-28,195057,45,false,elitealienzz,2021-08-19T11:21:02Z,"slap house,g-house","Lithuania HQ",0.594,0.374,9,-8.371,0,0.304,0.28,0.00588,0.0918,0.147,138.568,3
spotify:track:6hyUZdooUXpquHKHbte1FJ,"владыка","LXRDMAGE","Ghostemane;Scarlxrd",2021-07-30,114000,21,true,elitealienzz,2021-08-19T11:22:07Z,"trap metal,horrorcore,emo rap,cloud rap,rap metal","Blackmage",0.742,0.83,10,-9.024,0,0.345,0.0484,0.00079,0.454,0.749,80.029,4
spotify:track:68S9nUryrRfdjavft0aQyX,"навсегда","LXRDMAGE","Ghostemane;Scarlxrd",2021-07-30,168250,19,true,elitealienzz,2021-08-19T11:22:16Z,"trap metal,horrorcore,emo rap,cloud rap,rap metal","Blackmage",0.743,0.828,1,-6.233,1,0.106,0.0415,0.5,0.134,0.21,150.01,4
spotify:track:579tOjSQpXCfSTXxWm0XH8,"InLovingMemory","InLovingMemory","BONES",2021-06-18,102452,37,true,elitealienzz,2021-08-19T11:22:53Z,"cloud rap,emo rap,horrorcore,trap metal,underground hip hop","TeamSESH / EMPIRE",0.729,0.662,10,-8.864,0,0.115,0.16,0,0.125,0.631,128.557,3
spotify:track:6TnxetohtpmtUk6kk5wBQu,"ChatLog","InLovingMemory","BONES",2021-06-18,116323,33,true,elitealienzz,2021-08-19T11:23:19Z,"cloud rap,emo rap,horrorcore,trap metal,underground hip hop","TeamSESH / EMPIRE",0.753,0.467,11,-13.998,0,0.379,0.689,0.442,0.108,0.432,82.529,4
spotify:track:4TOlWNmtvxtIqWBqYv57BV,"Timberlake","OFFLINE","BONES;Juicy J",2020-02-25,133720,57,true,elitealienzz,2021-08-19T11:24:01Z,"cloud rap,emo rap,horrorcore,trap metal,underground hip hop,crunk","TeamSESH",0.798,0.497,7,-7.94,1,0.162,0.184,0,0.17,0.513,171.983,4
spotify:track:7v4pPS4A7NgY7bxFA3Etv3,"HOT DEMON B!TCHES NEAR U ! ! !","HOT DEMON B!TCHES NEAR U ! ! !","CORPSE;Night Lovell",2021-09-03,96000,66,true,elitealienzz,2021-09-03T15:02:34Z,"trap metal,emo rap,horrorcore","CORPSE",0.788,0.764,7,-4.054,1,0.254,0.00918,0,0.224,0.841,100.095,4
spotify:track:4yb9Hk5R2JK69D5arrEpxP,"Something Dead","The Gremlin","gizmo",2021-09-01,128947,12,true,elitealienzz,2021-09-04T14:05:48Z,"trap metal,horrorcore,rap metal,emo rap","784994 Records DK",0.717,0.974,10,-10.514,0,0.14,0.103,0.0423,0.203,0.204,120.028,3
spotify:track:5ZmcCXqys5Dugq52qonGG8,"Dreams & Nightmares","Dreams & Nightmares","lostmp3",2021-08-22,226000,0,false,elitealienzz,2021-09-04T14:06:07Z,"","3139090 Records DK",0.683,0.637,7,-6.684,0,0.121,0.118,0,0.0833,0.0574,119.848,4
spotify:track:4zWeBmimL4kkxSRE2f6jCo,"wtf im crying","wtf im crying","lostmp3",2021-08-15,154326,0,false,elitealienzz,2021-09-04T14:06:12Z,"","3139090 Records DK",0.521,0.797,10,-6.871,1,0.0968,0.302,0.00000422,0.135,0.532,100.055,4
spotify:track:6WqdnU58UBgckuYadSSddQ,"Please Don't Piss Me Off","The Gremlin","gizmo",2021-09-01,140329,18,true,elitealienzz,2021-09-04T14:06:22Z,"trap metal,horrorcore,rap metal,emo rap","784994 Records DK",0.744,0.548,1,-9.102,1,0.0436,0.109,0.00176,0.0858,0.228,130.041,4
spotify:track:4VckMTaHyO28B3Pcq7Qvur,"Not A Punk","The Gremlin","gizmo",2021-09-01,73566,17,true,elitealienzz,2021-09-04T14:06:57Z,"trap metal,horrorcore,rap metal,emo rap","784994 Records DK",0.842,0.725,8,-8.552,1,0.268,0.0027,0.000435,0.324,0.139,139.958,5
spotify:track:7uIZKMfNK5lb3jf1p14BTI,"gnarly bastard","X","connor edwards;cxltgod",2018-12-01,81024,0,true,elitealienzz,2021-09-04T14:07:13Z,"","POOR IMPULSE CONTROL",0.486,0.585,9,-10.083,1,0.187,0.011,0.856,0.208,0.282,110.342,4
spotify:track:7fmdx48NGBhwa4ccuj6KaT,"LIGHTS OUT","LIGHTS OUT","KXLLSWXTCH",2021-08-27,85463,28,true,elitealienzz,2021-09-04T14:07:18Z,"trap metal","KILL! / EMPIRE",0.861,0.865,0,-6.068,1,0.296,0.422,0,0.132,0.569,102.552,4
spotify:track:4qTNykHVqWxlKQYEueuwG9,"CutUpHisFace","CutUpHisFace","Ak3k",2021-08-26,144004,0,true,elitealienzz,2021-09-04T14:08:09Z,"trap metal,horrorcore","Hellhound Militia",0.801,0.644,1,-7.809,1,0.64,0.0255,0,0.108,0.151,130.053,4
spotify:track:2Ell8LRPEMkB3DGWHD7N18,"Zero","Zero","Mvko;Jmattson;Witchouse 40k",2019-07-05,213106,0,true,elitealienzz,2021-09-04T14:08:40Z,"trap metal,horrorcore","HELLHOUND MILITIA",0.73,0.79,9,-4.711,1,0.167,0.36,0,0.115,0.526,160.116,4
spotify:track:0wKWk4SmkWIYCs5lYA614N,"FMJ","Social Distancing","Mvko;Sinizter",2020-06-09,168065,0,true,elitealienzz,2021-09-04T14:08:50Z,"trap metal,horrorcore,phonk,drift phonk","HELLHOUND MILITIA",0.809,0.877,10,-5.303,0,0.12,0.53,0,0.0939,0.441,83.986,4
spotify:track:5yAZIb30jloFHFHKmtgD3S,"WHERE THE LIGHT ENDS","WHERE THE LIGHT ENDS","TWENTYTHREE",2021-08-23,149387,0,true,elitealienzz,2021-09-04T14:09:47Z,"trap metal,horrorcore,emo rap","TWENTYTHREE",0.534,0.712,0,-10.944,1,0.0678,0.566,0.834,0.115,0.242,146.983,3
spotify:track:6xAaYSSnNQ39JViXaPneIl,"Bungo Worm Dance Party","Squishy Caterpillars Riding On Bullets","Istasha",2021-08-22,120670,25,true,elitealienzz,2021-09-04T14:09:53Z,"trap metal,horrorcore","Pet Snails",0.809,0.698,1,-7.484,1,0.284,0.194,0.0105,0.0849,0.359,89.499,4
spotify:track:6yX3lSkO4F3FKx5wDJi4J0,"SHAWTY (feat. Sacky)","SHAWTY (feat. Sacky)","Rondodasosa;Nko;Sacky",2021-09-16,153881,45,true,elitealienzz,2021-09-17T08:21:26Z,"italian trap,drill,uk drill","WM Italy",0.691,0.725,7,-6.751,0,0.179,0.0357,0.0000202,0.105,0.615,143.041,4
spotify:track:61ALILONnWxdRKqQnoVgs0,"Shinigami Eyes","Shinigami Eyes","Ak3k",2021-05-28,105892,0,true,elitealienzz,2021-09-27T01:35:30Z,"trap metal,horrorcore","Hellhound Militia",0.807,0.682,8,-10.859,1,0.392,0.309,0.0000634,0.112,0.877,168.072,4
spotify:track:3X37szxz8lzmy11qqTHMGD,"Frankenstein","Frankenstein","Ak3k",2021-08-02,138750,0,true,elitealienzz,2021-09-27T01:35:34Z,"trap metal,horrorcore","Hellhound Militia",0.832,0.837,1,-3.227,1,0.159,0.0498,0.0000103,0.0908,0.193,90.012,4
spotify:track:2HdYNSC56aEpm7IFow138U,"Suicidal Flows","Suicidal Flows","Ak3k;6th$ithlord",2021-09-19,144169,0,true,elitealienzz,2021-09-27T01:35:42Z,"trap metal,horrorcore","Hellhound Militia",0.722,0.803,8,-6.415,0,0.226,0.14,0.0000561,0.0985,0.387,159.939,4
spotify:track:7BvLeZUUbrB9uW2pGnRurK,"Klout","Klout","Ak3k;Mvko",2021-03-06,159428,0,true,elitealienzz,2021-09-27T01:36:05Z,"trap metal,horrorcore","Hellhound Militia",0.678,0.896,7,-3.773,1,0.528,0.496,0,0.255,0.534,140.002,4
spotify:track:2n4P2UNMvMj5sNAA5xw7S3,"SugarFree","ForbiddenImage","BONES;cat soup",2021-10-15,150125,41,true,elitealienzz,2021-10-21T21:58:12Z,"cloud rap,emo rap,horrorcore,trap metal,underground hip hop","TeamSESH / EMPIRE",0.8,0.452,2,-11.391,1,0.102,0.163,0.194,0.106,0.198,160.088,4
spotify:track:6MoJnt2GcgyzV8r0kfnNpi,"Bandwidth","ForbiddenImage","BONES;cat soup",2021-10-15,96391,26,true,elitealienzz,2021-10-21T21:58:12Z,"cloud rap,emo rap,horrorcore,trap metal,underground hip hop","TeamSESH / EMPIRE",0.721,0.338,0,-11.916,1,0.223,0.576,0.0000189,0.131,0.0696,134.931,4
spotify:track:6Wj6gGHc8c16kiDkTDx7zV,"CurseOfWalls","ForbiddenImage","cat soup",2021-10-15,150000,19,true,elitealienzz,2021-10-21T21:58:12Z,"cloud rap,emo rap","TeamSESH / EMPIRE",0.199,0.112,9,-18.845,1,0.0393,0.533,0.885,0.112,0.119,136.879,3
spotify:track:0qPkCSc9nIA1awSO28lGIo,"HowMayIHelpYou (feat. Icewatch)","ForbiddenImage","BONES;cat soup;Icewatch",2021-10-15,122305,27,true,elitealienzz,2021-10-21T21:58:12Z,"cloud rap,emo rap,horrorcore,trap metal,underground hip hop","TeamSESH / EMPIRE",0.773,0.534,10,-10.52,0,0.16,0.405,0.0372,0.125,0.387,156.039,4
spotify:track:72X23p0ZN4tFJBBdSuojLI,"FlashbacksOfHowYouLeftMe","ForbiddenImage","BONES;cat soup",2021-10-15,116558,31,true,elitealienzz,2021-10-21T21:58:12Z,"cloud rap,emo rap,horrorcore,trap metal,underground hip hop","TeamSESH / EMPIRE",0.705,0.24,1,-13.658,1,0.0322,0.524,0.316,0.116,0.0804,140.052,4
spotify:track:7yGD7uAOH6P5oyaKbHDYre,"MissingTextures","ForbiddenImage","cat soup",2021-10-15,178741,21,true,elitealienzz,2021-10-21T21:58:12Z,"cloud rap,emo rap","TeamSESH / EMPIRE",0.585,0.45,5,-12.047,0,0.0348,0.13,0.895,0.118,0.0823,142.985,4
spotify:track:6LQZpzQ1FA60I5BdVUtTFX,"IckyVicky","ForbiddenImage","BONES;cat soup",2021-10-15,107702,28,true,elitealienzz,2021-10-21T21:58:12Z,"cloud rap,emo rap,horrorcore,trap metal,underground hip hop","TeamSESH / EMPIRE",0.518,0.392,10,-11.054,0,0.0411,0.062,0.00132,0.16,0.0389,156.164,4
spotify:track:70oi9orHgYmO71q2GjqNNm,"HeadCrash","ForbiddenImage","cat soup",2021-10-15,204179,21,true,elitealienzz,2021-10-21T21:58:12Z,"cloud rap,emo rap","TeamSESH / EMPIRE",0.637,0.523,11,-11.102,0,0.0295,0.00724,0.831,0.0899,0.303,134.032,4
spotify:track:1d2lBCSmSYzXRKq0BAxwyL,"StarkCounty","ForbiddenImage","BONES;cat soup",2021-10-15,143934,24,true,elitealienzz,2021-10-21T21:58:12Z,"cloud rap,emo rap,horrorcore,trap metal,underground hip hop","TeamSESH / EMPIRE",0.463,0.815,11,-9.721,1,0.0811,0.00367,0.0152,0.213,0.421,149.454,4
spotify:track:2CvQP6eBXyzl7ahBsgzEfq,"NoLight","ForbiddenImage","cat soup",2021-10-15,156299,18,true,elitealienzz,2021-10-21T21:58:12Z,"cloud rap,emo rap","TeamSESH / EMPIRE",0.178,0.288,10,-20.012,0,0.0398,0.772,0.579,0.135,0.204,81.003,4
spotify:track:7pXle3X7aK1sCUDY4SXSpU,"DontShootTheMessenger","ForbiddenImage","BONES;cat soup",2021-10-15,115905,25,true,elitealienzz,2021-10-21T21:58:12Z,"cloud rap,emo rap,horrorcore,trap metal,underground hip hop","TeamSESH / EMPIRE",0.681,0.293,11,-10.894,0,0.153,0.345,0.682,0.106,0.168,90.004,4
spotify:track:1GFwELPkW90sQuRY2uhJLC,"ClickOfDeath","ForbiddenImage","cat soup",2021-10-15,208695,17,true,elitealienzz,2021-10-21T21:58:12Z,"cloud rap,emo rap","TeamSESH / EMPIRE",0.555,0.489,10,-14.014,1,0.0473,0.797,0.929,0.151,0.03,91.935,4
spotify:track:4yczNmQbnxePTaJMGcghSw,"MEDICINE","MEDICINE","TEKKEN+;Y$57",2019-03-02,154087,14,true,elitealienzz,2021-11-06T23:31:07Z,"trap metal,horrorcore,rap metal","TEKKEN+",0.375,0.767,1,-2.803,1,0.0728,0.00516,0.0000149,0.485,0.141,134.38,4
spotify:track:6ohGDJH1ChPmIFzd8H1K6n,"Skull Crack","Menace 2 Society","99zed;Saliva Grey",2020-04-10,158081,0,true,elitealienzz,2021-11-06T23:31:19Z,"trap metal,horrorcore","187 Collective",0.732,0.727,10,-4.003,0,0.329,0.145,0,0.492,0.341,170.109,4
spotify:track:4Ox86lxvBtqA8wM8yv54qC,"Ocean","Chapter 2: Badtime Stories","ODMGDIA",2019-02-15,220800,28,false,elitealienzz,2021-11-06T23:32:36Z,"horrorcore,german hip hop","recordJet",0.614,0.549,4,-8.931,1,0.0441,0.34,0,0.0779,0.151,100.03,4
spotify:track:3xEqEO4puZPmdGsaI72Ej6,"Солнечная Сторона","Сожги Этот Альбом","Loqiemean",2019-02-15,204000,42,false,elitealienzz,2021-11-06T23:33:12Z,"","FRWRD MUSIC",0.658,0.478,8,-8.045,0,0.0438,0.544,0.00000124,0.152,0.21,99.909,4
spotify:track:2sknFxEaQEd6ybIjHJFgyM,"Children of the Corn","Poison","VELIAL SQUAD",2016-08-22,131343,12,true,elitealienzz,2021-11-06T23:33:29Z,"horrorcore,trap metal","А+",0.676,0.525,1,-7.581,1,0.131,0.0091,0.000433,0.109,0.0397,102.877,4
spotify:track:20PhtwElFqtnuj33Ni5pFB,"I Will Forget My Dreams","Poison","VELIAL SQUAD",2016-08-22,132022,25,true,elitealienzz,2021-11-06T23:33:38Z,"horrorcore,trap metal","А+",0.7,0.651,11,-5.972,0,0.069,0.366,0,0.135,0.236,119.969,4
spotify:track:307X7UvOTeoubRcHHLFbHR,"Дробовик","VS4DEATH","VELIAL SQUAD",2018-07-27,172137,33,true,elitealienzz,2021-11-06T23:34:28Z,"horrorcore,trap metal","А+",0.812,0.56,4,-8.171,0,0.0824,0.223,0.207,0.0988,0.111,145.023,4
spotify:track:2nAGgU0UwOEecowkg4dNGa,"4SQUAD","VS4DEATH","VELIAL SQUAD",2018-07-27,153786,24,true,elitealienzz,2021-11-06T23:35:09Z,"horrorcore,trap metal","А+",0.779,0.757,8,-5.268,1,0.0366,0.13,0.116,0.0969,0.0924,103.014,4
spotify:track:19guFw87TvSkoxnC9EBu2Y,"Колхозник","Круг Ветров","Mnogoznaal",2020-04-24,158823,47,true,elitealienzz,2021-11-06T23:35:41Z,"","MNOGOZNAAL",0.859,0.707,7,-4.363,1,0.106,0.262,0.0445,0.11,0.572,101.992,4
spotify:track:5dtOmL3MyRZMKKQsAo2oTp,"Антигерой","Антигерой","Mnogoznaal",2019-09-07,130898,34,true,elitealienzz,2021-11-06T23:35:49Z,"","MNOGOZNAAL",0.736,0.799,9,-4.603,0,0.0352,0.629,0.309,0.251,0.522,103.033,4
spotify:track:2qFbvcFsaL7Fgk7o2X4Drf,"Гостиница Космос","Гостиница Космос","Mnogoznaal",2018-01-18,141031,46,true,elitealienzz,2021-11-06T23:35:53Z,"","SELF-ISSUED",0.635,0.911,1,-4.682,1,0.11,0.242,0.00325,0.694,0.382,149.93,4
spotify:track:1RlbkSf6fQdL5aB4cSTLTj,"PAINKILLER","PAINKILLER","JEEMBO;TVETH",2016-08-24,150575,0,true,elitealienzz,2021-11-06T23:36:26Z,"","OOO Universal Music",0.486,0.83,10,-7.296,0,0.39,0.0659,0,0.0904,0.14,157.639,3
spotify:track:7HG0J5pblRBXV1weLaNeMr,"Blood Oceans (How Many?)","Blood Oceans (How Many?)","Ghostemane;PHARAOH",2018-05-03,118430,53,true,elitealienzz,2021-11-06T23:36:47Z,"trap metal,horrorcore,emo rap,cloud rap,rap metal","Ghostemane & Pharaoh",0.791,0.763,8,-5.892,1,0.0467,0.158,0.0011,0.368,0.1,124.085,4
spotify:track:6WE5BVhRp4r6lvLvdrkh90,"ЛУЧШЕ НИ С КЕМ","МЫ ДАВНО В АДУ","STED.D",2020-11-26,152000,0,true,elitealienzz,2021-11-06T23:38:04Z,"","OOO Universal Music",0.688,0.722,10,-4.251,1,0.111,0.0805,0,0.119,0.45,119.983,4
spotify:track:7kXNWZbHd8ojf6H08XMdtC,"Young Kid","Young Kid","IVOXYGEN",2020-02-28,209057,0,false,elitealienzz,2021-12-15T16:27:14Z,"","Red Cross",0.784,0.547,10,-7.077,0,0.155,0.00911,0,0.198,0.421,150.031,4
spotify:track:5Iy5j7rmD4TgtjKckLVV6i,"Hell Hound Clothes","Hell Hound Militia, Vol. I","Warlord Colossus;Witchouse40k",2020-02-22,105409,22,true,elitealienzz,2021-12-15T16:27:37Z,"trap metal,horrorcore,witch house","Warlord Records",0.84,0.477,1,-12.399,0,0.0687,0.178,0.186,0.111,0.34,110.031,4
spotify:track:41Oxba4pDH2hFw5pC78rIt,"I Wrote This for You","I Wrote This for You","Biv",2018-08-25,170139,27,true,elitealienzz,2021-12-15T16:27:48Z,"trap metal,emo rap,horrorcore","596897 Records DK",0.23,0.752,5,-7.898,1,0.0468,0.308,0.515,0.161,0.234,126.737,4
spotify:track:2I7tJyreqcREdikTONzKvk,"Vs4death","Stardust","Meep;VELIAL SQUAD",2017-08-05,187506,0,true,elitealienzz,2021-12-15T16:27:54Z,"horrorcore,trap metal","SELF-ISSUED",0.708,0.572,11,-7.022,0,0.0577,0.584,0.000427,0.0891,0.143,105.016,4
spotify:track:22R8SZJVbTi3ClKQriAnZq,"Fuck Soundcloud","Fuck Soundcloud","Depth Strida",2019-10-04,132961,22,true,elitealienzz,2021-12-15T16:28:37Z,"trap metal,horrorcore","1201085 Records DK",0.793,0.87,4,-6.708,1,0.183,0.0696,0,0.0947,0.389,88.49,4
spotify:track:3ZFlYup9aPmnBHqi3EvvpQ,"Sad Summer","Sad Summer","Gvllow",2017-11-07,142978,27,true,elitealienzz,2021-12-16T14:58:06Z,"darkwave,post-punk,trap metal,cold wave","737720 Records DK",0.551,0.484,10,-8.448,1,0.0575,0.0874,0.109,0.609,0.0444,94.026,4
spotify:track:3rTJylxOClyls1RCpTNwoc,"GAME OVER","ERROR 442","Keta",2021-12-10,147020,0,true,elitealienzz,2021-12-20T16:58:41Z,"italian trap,drill","WM Italy",0.612,0.682,8,-6.134,1,0.136,0.043,0.0000698,0.149,0.194,148.957,4
spotify:track:434o3e5FzMUcLOt8Yh61bR,"JUMPMAN","ERROR 442","Keta;Nko",2021-12-10,149787,0,true,elitealienzz,2022-01-07T17:53:15Z,"italian trap,drill","WM Italy",0.662,0.888,5,-3.024,1,0.293,0.0263,0,0.452,0.542,141.079,4
spotify:track:0Fg2wYu9972GZmciU7DlMJ,"Night Time","Night Time","DANTE THE DEMON;APOLLO",2020-10-06,168134,25,true,elitealienzz,2022-01-18T00:52:29Z,"","APOLLO",0.686,0.695,5,-9.388,1,0.0508,0.198,0.103,0.134,0.344,119.961,4
spotify:track:7x2BOxZFTuLNSGf2X9GFJu,"Бессонница","Бессонница","Hangu",2021-10-11,119354,0,false,elitealienzz,2022-01-18T00:55:05Z,"","Atlantic Records Russia",0.609,0.415,1,-9.85,1,0.0451,0.403,0.131,0.194,0.29,113.538,4
spotify:track:7zaeTWU2pJU0OgGTPtfpEE,"CousinEddie","SCRAPS","BONES;Lyson",2021-11-26,139493,51,true,elitealienzz,2022-01-24T20:53:54Z,"cloud rap,emo rap,horrorcore,trap metal,underground hip hop","TeamSESH / EMPIRE",0.619,0.595,9,-5.653,1,0.128,0.0339,0.928,0.136,0.314,161.942,4
spotify:track:46YUvEeP0aQL5TOsCyMjoj,"Ballerina","SCRAPS","BONES;Lyson",2021-11-26,106657,40,true,elitealienzz,2022-01-24T20:54:24Z,"cloud rap,emo rap,horrorcore,trap metal,underground hip hop","TeamSESH / EMPIRE",0.697,0.508,6,-6.092,0,0.0296,0.55,0.487,0.105,0.358,144.024,4
spotify:track:3sUS7AZuOA4KKxqNJLmrM2,"Degeneration in the Key of A Minor","Long Term Effects of SUFFERING","$uicideboy$",2021-08-13,128000,53,true,elitealienzz,2022-01-24T20:55:11Z,"emo rap,horrorcore,cloud rap,trap metal,underground hip hop","G59 Records",0.838,0.848,6,-8.055,0,0.132,0.082,0.0188,0.384,0.449,120.045,4
spotify:track:5ikjIVLHoBrgaZ0zNrn6Ty,"If Self-Destruction Was an Olympic Event, I’d Be Tonya Harding","Long Term Effects of SUFFERING","$uicideboy$",2021-08-13,142707,59,true,elitealienzz,2022-01-24T20:55:16Z,"emo rap,horrorcore,cloud rap,trap metal,underground hip hop","G59 Records",0.881,0.884,7,-5.185,0,0.0932,0.303,0.0000162,0.157,0.633,126.033,4
spotify:track:5wRSnumY0x8O47QuxgqwhR,"Life Is but a Stream~","Long Term Effects of SUFFERING","$uicideboy$",2021-08-13,122880,54,true,elitealienzz,2022-01-24T20:55:21Z,"emo rap,horrorcore,cloud rap,trap metal,underground hip hop","G59 Records",0.755,0.669,5,-3.172,0,0.0387,0.217,0.00000166,0.102,0.227,124.977,4
spotify:track:19n8izXThARSuQAXrOKNbO,"Avalon","Long Term Effects of SUFFERING","$uicideboy$",2021-08-13,140858,72,true,elitealienzz,2022-01-24T20:55:43Z,"emo rap,horrorcore,cloud rap,trap metal,underground hip hop","G59 Records",0.877,0.6,2,-4.577,1,0.0809,0.021,0.0000538,0.244,0.176,149.992,4
spotify:track:5vh8lnZoVp5300P5LKin5i,"NIK OMMOK (feat. Sacky, Kodes)","ERROR 442","Keta;Nko;Sacky;Kodes",2022-02-04,186474,0,true,elitealienzz,2022-02-04T20:36:02Z,"italian trap,drill,french rap","WM Italy",0.726,0.886,4,-2.837,0,0.349,0.284,0,0.0706,0.565,138.947,4
spotify:track:2ODUTBkiOWoYSUjKpGJxQE,"Blue Bills (feat. $NOT & Fenix Flexin)","FAMILY","DJ Scheme;$NOT;Fenix Flexin",2020-12-04,100266,62,true,elitealienzz,2022-02-08T00:55:56Z,"","Scheme Records / EMPIRE",0.82,0.494,1,-9.47,1,0.18,0.166,0.00000435,0.13,0.362,95.994,4
spotify:track:0HhSB4nAJpI5expWnZL199,"∞ LOVE (feat. Guè)","NOI, LORO, GLI ALTRI","Marracash;Guè",2021-11-19,218367,66,true,elitealienzz,2022-02-24T19:00:44Z,"concerto,italian trap","Universal Music Italia srL.",0.726,0.828,7,-5.191,0,0.071,0.105,0,0.0873,0.307,125.002,4
spotify:track:4RMUO9pIWjJuHoqGIaBvPm,"Storie tristi","Salvatore","Paky;Night Skinny",2022-03-11,167813,0,true,elitealienzz,2022-03-13T15:40:05Z,"italian trap","Universal Music Italia srL.",0.723,0.619,6,-7.831,0,0.0454,0.216,0.000158,0.0924,0.203,87.987,4
spotify:track:07hmvoBWeqPwyhGwODFAc2,"Intro","Salvatore","Paky",2022-03-11,170960,0,true,elitealienzz,2022-03-13T15:41:44Z,"italian trap","Universal Music Italia srL.",0.685,0.494,2,-8.044,0,0.155,0.212,0,0.315,0.0383,92.242,4
spotify:track:6GUq9y0Iy5QrAuPYxTrFp2,"S.T.A.Y.","Interstellar (Original Motion Picture Soundtrack) [Expanded Edition]","Hans Zimmer",2014-11-18,383513,64,false,elitealienzz,2022-03-25T20:42:34Z,"soundtrack,score","WaterTower Music",0.0793,0.0301,5,-30.777,1,0.0425,0.933,0.929,0.0741,0.0256,191.413,3
spotify:track:4WmB04GBqS4xPMYN9dHgBw,"Day One (Interstellar Theme)","Interstellar (Original Motion Picture Soundtrack) [Expanded Edition]","Hans Zimmer",2014-11-18,199422,71,false,elitealienzz,2022-03-25T20:42:49Z,"soundtrack,score","WaterTower Music",0.311,0.0173,9,-27.788,0,0.0348,0.927,0.964,0.0727,0.0658,95.985,3
spotify:track:0Sg3UL7f40ulmTh0Xwr6qY,"Mountains","Interstellar (Original Motion Picture Soundtrack) [Expanded Edition]","Hans Zimmer",2014-11-18,219092,65,false,elitealienzz,2022-03-25T20:42:57Z,"soundtrack,score","WaterTower Music",0.304,0.0585,9,-16.949,0,0.0351,0.59,0.928,0.0982,0.0371,119.975,4
spotify:track:5glKprpzpGW5Pf4wB9gNPq,"Leaving Caladan","Dune (Original Motion Picture Soundtrack)","Hans Zimmer",2021-09-17,115120,49,false,elitealienzz,2022-03-25T20:43:26Z,"soundtrack,score","WaterTower Music",0.33,0.481,7,-11.645,0,0.0352,0.00126,0.789,0.106,0.036,120.456,3
spotify:track:1gqCO3x2MO4KbQfN9pGUlH,"Ripples in the Sand","Dune (Original Motion Picture Soundtrack)","Hans Zimmer",2021-09-17,314786,56,false,elitealienzz,2022-03-25T20:43:36Z,"soundtrack,score","WaterTower Music",0.116,0.245,7,-17.58,1,0.0335,0.115,0.895,0.0975,0.0363,83.99,4
spotify:track:6EhWHplV0NvnK48yRJ8MN3,"Cyber Love","Cyber Love","KIZITSIA",2021-11-04,252444,0,false,elitealienzz,2022-03-29T22:47:58Z,"","3429052 Records DK",0.751,0.802,2,-9.047,0,0.165,0.144,0.213,0.235,0.593,150.005,4
spotify:track:3TGc2n7nSlCsOdf0ASHzb8,"Devil in a Red Dress","Devil in a Red Dress","Nikelodeon",2019-05-22,310588,26,false,elitealienzz,2022-03-29T22:49:09Z,"psytrance,progressive trance","ProgVision Records",0.862,0.754,9,-3.976,0,0.0414,0.0228,0.714,0.557,0.461,135.986,4
spotify:track:5x2sGwsj0c3oLg2E3pId99,"Features","Features","Paradoxx",2019-05-19,151153,30,false,elitealienzz,2022-03-29T22:52:58Z,"emo rap","1196357 Records DK",0.721,0.435,4,-11.11,0,0.0382,0.156,0.0624,0.101,0.0922,140.021,4
spotify:track:5YrkFJGbYnl0CGyzN3X6QJ,"Dry Run","Unknown","Auxxk",2022-01-17,105562,0,true,elitealienzz,2022-03-29T22:54:30Z,"trap metal,horrorcore","Auxxk",0.646,0.481,1,-8.361,1,0.247,0.00113,0,0.236,0.472,174.759,4
spotify:track:1fwilvFjmgRtAc7Or5ssAd,"løne wølf cøzy","løne wølf cøzy","cøzybøy",2019-11-22,143448,0,true,elitealienzz,2022-03-29T22:57:38Z,"emo rap","cøzy recørds",0.563,0.713,10,-8.881,0,0.412,0.119,0.000609,0.108,0.324,174.007,3
spotify:track:1ObP95prZGKP6SYrYHkDDa,"Don't Look Him In The Eyes","Don't Look Him In The Eyes","Drear",2020-10-01,152089,20,true,elitealienzz,2022-03-29T23:00:54Z,"trap metal,horrorcore","Legion Records",0.743,0.938,10,-8.518,0,0.34,0.00836,0.000196,0.494,0.628,127.986,4
spotify:track:5dVkNuhvfRmNas8DMNRNHx,"WITHOUT A TRACE","WITHOUT A TRACE","Ak3k;Blckbrd",2022-01-07,174732,0,true,elitealienzz,2022-03-29T23:03:13Z,"trap metal,horrorcore","Hellhound Militia",0.529,0.801,5,-6.731,1,0.333,0.659,0.0000019,0.375,0.259,110.162,4
spotify:track:52ZRNWvn8QZfvHgXctUTH2,"Salt","Salt","outsiderX;Ak3k",2022-03-10,144000,0,true,elitealienzz,2022-03-29T23:03:47Z,"trap metal,horrorcore","outsiderX",0.754,0.549,9,-9.519,1,0.0966,0.102,0.0000123,0.0987,0.17,119.979,4
spotify:track:6MknWxVxaShYEmx2BEaWZk,"Fever Dreams","Fever Dreams","Istasha;outsiderX",2021-07-31,113113,48,true,elitealienzz,2022-03-29T23:04:20Z,"trap metal,horrorcore","Pet Snails",0.876,0.784,2,-7.438,1,0.122,0.000912,0.192,0.141,0.399,107.003,4
spotify:track:7ApzD7dj6MTl7OKStjnLcC,"Doma","Doma","KIZITSIA;MECTURY",2022-02-16,140111,0,false,elitealienzz,2022-04-21T20:18:59Z,"","cyberspace",0.39,0.725,7,-8.162,1,0.166,0.0116,0.627,0.588,0.092,92.119,4
spotify:track:2xZOxK1Emq85FfnJGVR21a,"Samba","Samba","Taxi B",2022-05-04,149638,33,true,elitealienzz,2022-05-05T21:45:34Z,"italian trap","Universal Music Italia srL.",0.63,0.836,2,-4.47,1,0.0599,0.00093,0.0000241,0.208,0.526,159.916,4
spotify:track:5KYHtcY0dtXkSxZwtVMjgp,"STURDY","STURDY","Rondodasosa;Nko",2022-04-29,237632,43,true,elitealienzz,2022-05-12T23:28:04Z,"italian trap,drill,uk drill","Atlantic/WM Italy",0.564,0.81,1,-5.451,1,0.363,0.0131,0,0.0704,0.407,143.85,4
spotify:track:0ckLdEC7jpctzReOBNq700,"RUNNING (feat. Rondodasosa, Keta, Sacky, Nko)","SEVEN 7oo Mixtape","SEVEN 7oo;Rondodasosa;Keta;Sacky;Nko",2022-05-27,170653,38,true,elitealienzz,2022-05-27T10:56:22Z,"italian trap,drill,uk drill","Atlantic/WM Italy",0.629,0.726,7,-7.256,1,0.0405,0.0413,0.0000177,0.204,0.153,141.948,4
spotify:track:4M8YEPfCBxN3fsZkatCCLz,"RAP (feat. Rondodasosa, Sacky, Neima Ezza)","SEVEN 7oo Mixtape","SEVEN 7oo;Rondodasosa;Sacky;Neima Ezza",2022-05-27,155786,40,true,elitealienzz,2022-05-27T10:57:21Z,"italian trap,drill,uk drill","Atlantic/WM Italy",0.723,0.82,4,-3.48,0,0.0597,0.248,0,0.168,0.46,93.098,4
spotify:track:3ahrtg4IaZUgR4SYr5NFMZ,"667OO (feat. Freeze Corleone, ASHE 22, Keta, Sacky, Nko, Dahirvè)","SEVEN 7oo Mixtape","SEVEN 7oo;Freeze corleone;ASHE 22;Keta;Sacky;Nko;Dahirvè",2022-05-27,204813,32,true,elitealienzz,2022-05-27T10:58:37Z,"italian trap,drill,french rap,uk drill","Atlantic/WM Italy",0.687,0.894,1,-6.078,1,0.339,0.199,0,0.121,0.585,138.961,4
spotify:track:0lWbTtEZCeej46pYi4LJMu,"FUCK THE INDUSTRY (feat. Rondodasosa, Central Cee, Nko)","SEVEN 7oo Mixtape","SEVEN 7oo;Rondodasosa;Central Cee;Nko",2022-05-27,188213,42,true,elitealienzz,2022-05-27T11:00:35Z,"italian trap,drill,uk drill,uk grime,grime","Atlantic/WM Italy",0.651,0.836,9,-4.33,0,0.212,0.357,0,0.154,0.738,139.151,4
spotify:track:61CX76RLIHI1RELTfVT0mM,"SPACCIATORE (feat. Gazo, Vale Pain, Keta, Nko)","SEVEN 7oo Mixtape","SEVEN 7oo;Gazo;Vale Pain;Keta;Nko",2022-05-27,166880,34,true,elitealienzz,2022-05-27T11:01:41Z,"italian trap,drill,french rap,french r&b,pop urbaine","Atlantic/WM Italy",0.781,0.945,6,-2.686,1,0.235,0.0517,0.0000759,0.149,0.637,140.966,4
spotify:track:4HeHXcKK1oQGUW0pM6Gona,"Frozen Ocean Piracy / Shipwreck (feat. Auxxk)","Frozen Ocean Piracy / Shipwreck (feat. Auxxk)","Tyrant Xenos;Auxxk",2018-01-21,210233,27,true,elitealienzz,2022-06-15T20:24:02Z,"trap metal,horrorcore","Tyrant Xenos",0.409,0.68,1,-8.274,1,0.26,0.573,0.00048,0.13,0.189,89.891,4
spotify:track:39MyOW7oR6zsANwk6UV23p,"stfu","stfu","maxtaylor",2018-10-30,129924,9,true,elitealienzz,2022-06-15T20:25:14Z,"","♜renæsance♜",0.833,0.583,10,-6.837,0,0.0398,0.0165,0,0.104,0.5,133.011,4
spotify:track:1SHB1hp6267UK9bJQUxYvO,"Судно (Борис Рыжий)","Этажи","Molchat Doma",2018-09-07,141394,73,false,elitealienzz,2022-07-12T14:11:40Z,"post-punk,darkwave,cold wave,gothic rock","Sacred Bones Records",0.484,0.75,1,-4.176,1,0.0685,0.697,0.862,0.105,0.467,159.992,4
spotify:track:3M89zvwwb1jtDUDKYNsdiA,"Calabria (feat. Lunis & Lujavo)","Calabria (feat. Lunis & Lujavo)","Dance Fruits Music;DMNDS;dnvn;Lunis;Lujavo",2021-04-16,128500,58,false,elitealienzz,2022-07-15T19:34:28Z,"deep house,slap house,drift phonk,phonk","Fruits Music",0.727,0.904,10,-3.408,0,0.064,0.0153,0.55,0.0963,0.372,124.02,4
spotify:track:58HvfVOeJY7lUuCqF0m3ly,"MIDDLE OF THE NIGHT","MIDDLE OF THE NIGHT","Elley Duhé",2020-01-10,184447,75,false,elitealienzz,2022-08-22T14:26:20Z,"","Not Fit For Society/RCA Records",0.41,0.611,4,-8.271,0,0.0467,0.0228,0,0.116,0.0899,185.727,3
spotify:local:::Elley+Duh%C3%A9+-+MIDDLE+OF+THE+NIGHT+%28Riminirs+Remix%29:221,"Elley Duhé - MIDDLE OF THE NIGHT (Riminirs Remix)","","",,221000,0,false,elitealienzz,2022-08-22T19:10:04Z,"","undefined",,,,,,,,,,,,
spotify:track:1xiw785krouW6aqS91F2zh,"Phobia","Harakiri Phobia Nubla","Artisblind;Doomee",2018-09-22,246073,20,true,elitealienzz,2022-08-28T16:45:46Z,"cloud rap","Withindust Records",0.748,0.608,11,-7.445,0,0.18,0.106,0.0000379,0.0682,0.618,160.008,4
spotify:track:1AU6XWoKia2VNwfUuXN1J7,"Half Light","Half Light","ÆSTRAL",2018-07-17,230034,36,false,elitealienzz,2022-08-28T16:52:35Z,"witch house","Repost Network",0.366,0.601,8,-7.724,0,0.0429,0.0122,0.938,0.122,0.0381,120.031,4
spotify:track:6EXxUTV9TpxJNP72cZInUI,"Don't Nobody Care When You Dead and You Stank","Don't Nobody Care When You Dead and You Stank","Bill $Aber",2018-12-29,109732,19,true,elitealienzz,2022-08-28T17:02:54Z,"trap metal,horrorcore","Bill $aber",0.701,0.499,11,-8.934,0,0.0573,0.176,0.0525,0.126,0.101,139.991,4
spotify:track:29ipd94f81ccDocNb5FkJ1,"I Have and Face","I Have and Face","Q SHY;Freddie Dredd",2020-10-23,126122,0,true,elitealienzz,2022-08-28T17:04:19Z,"drift phonk,phonk","Q SHY",0.823,0.402,9,-10.438,1,0.301,0.327,0.826,0.2,0.346,136.947,4
spotify:track:0RR3kThEr1mmEg3QvxPTle,"Mass Self Destruction","Mass Self Destruction","Dubich;Saliva Grey",2021-03-19,144892,0,true,elitealienzz,2022-08-28T17:04:47Z,"trap metal,horrorcore","187 Collective",0.693,0.712,9,-6.464,0,0.166,0.263,0,0.17,0.257,92.949,4
spotify:track:71kwq4Fw03VPw9FvDvmrv0,"Blame","Blame","ÆSTRAL",2020-04-26,274285,30,false,elitealienzz,2022-08-28T17:05:26Z,"witch house","SPECTRE+",0.264,0.364,0,-11.742,1,0.0386,0.099,0.00148,0.0904,0.0495,105.044,3
spotify:track:6Kk5vXE4zwbylQfhD9kfCv,"Before The Storm","Before The Storm","ÆSTRAL;CoMa",2019-12-22,250666,33,false,elitealienzz,2022-08-28T17:05:35Z,"witch house","SPECTRE+",0.0979,0.341,9,-11.963,0,0.0342,0.0841,0.36,0.083,0.078,89.374,4
spotify:track:0SFw0KHFbiYoAcHTG6I7sI,"Shamed","Shamed","ÆSTRAL",2021-03-26,238344,27,false,elitealienzz,2022-08-28T17:06:10Z,"witch house","SPECTRE+",0.372,0.758,2,-7.539,1,0.0708,0.0258,0,0.096,0.0398,144.994,4
spotify:track:2jDqFufZErKkm9JXgPc4lF,"PYPPARE","PYPPARE","Taxi B",2022-07-14,156197,33,true,elitealienzz,2022-09-07T21:56:00Z,"italian trap","Universal Music Italia srL.",0.78,0.7,2,-4.46,1,0.104,0.0181,0.00424,0.103,0.522,115.061,4
spotify:track:3XKorSph4uMnHpvXzaaziK,"Empty","Empty","Sshvdow",2019-02-28,180035,18,true,elitealienzz,2022-10-04T15:49:04Z,"","1428815 Records DK",0.76,0.252,4,-14.698,0,0.0599,0.911,0.296,0.095,0.159,96.003,4
spotify:track:7cjjTngbn5piZMiptianBq,"BURIAL","BURIAL","SLVG;Baker Ya Maker",2020-01-15,131968,12,false,elitealienzz,2022-10-04T15:50:23Z,"phonk,drift phonk,horrorcore,trap metal","Mystic Plug Records",0.711,0.908,1,-2.965,1,0.154,0.0457,0.00000269,0.103,0.655,159.91,4
spotify:track:3Lp2hP3JT5qqxdu5wDDR9a,"Dark Light","Moonlight","OmenXIII",2017-12-25,166843,0,true,elitealienzz,2022-10-04T15:51:05Z,"trap metal,horrorcore,emo rap,cloud rap","Sumerian Records",0.594,0.476,7,-11.266,1,0.0695,0.678,0.000567,0.0812,0.0355,95.029,4
spotify:track:3beENlFQGJFHQVndVV8A5i,"Eyesclosed (feat. BONES)","OCCULT","MISOGI;BONES",2014-10-03,149326,41,true,elitealienzz,2022-10-04T15:52:18Z,"cloud rap,hyperpop,witch house,emo rap,horrorcore,trap metal,underground hip hop","MISOGI",0.586,0.416,1,-12.813,1,0.0292,0.00164,0.324,0.108,0.175,100.021,4
spotify:track:2OdyyWSe8fwmnWmAsZap9t,"Coldark (feat. Grxgvr)","OCCULT","MISOGI;Grxgvr",2014-10-03,174615,13,false,elitealienzz,2022-10-04T15:52:38Z,"cloud rap,hyperpop,witch house","MISOGI",0.598,0.576,8,-9.628,1,0.0389,0.000476,0.888,0.143,0.129,122.481,4
spotify:track:2XaFOxxMBk7QFdwyOy64nn,"Exordium","OCCULT","MISOGI",2014-10-03,192010,17,false,elitealienzz,2022-10-04T15:52:53Z,"cloud rap,hyperpop,witch house","MISOGI",0.409,0.567,7,-12.303,1,0.0646,0.01,0.621,0.333,0.231,119.903,4
spotify:track:4B9TclyfxksAluMJeSCZ4h,"Forgiven","Forgiven","ÆSTRAL",2022-09-30,184615,23,false,elitealienzz,2022-10-04T15:53:21Z,"witch house","ÆSTRAL",0.46,0.73,10,-8.296,0,0.0672,0.015,0.848,0.126,0.0943,129.996,4
spotify:track:7znU9AeiaGU1DpHydIibza,"New Strings","New Strings","Istasha;Cardeairè Jack",2022-09-30,155343,33,true,elitealienzz,2022-10-04T15:53:27Z,"trap metal,horrorcore","Pet Snails",0.69,0.746,9,-7.165,1,0.271,0.0498,0.323,0.104,0.584,151.015,4
spotify:track:4PjD1oou2wjIjhHZnVXybJ,"RGNTNZ","RGNTNZ","absent",2022-09-16,153799,27,true,elitealienzz,2022-10-04T15:54:45Z,"german hip hop,cloud rap","absent",0.832,0.39,5,-8.806,1,0.166,0.0856,0.0378,0.118,0.226,125.005,4
spotify:track:4KJoY7gwkSMlm0wT97rB49,"Hyde","Hyde","Nik $ix;n0trixx",2022-09-16,164075,9,true,elitealienzz,2022-10-04T15:54:58Z,"trap metal,horrorcore","Harakiri Records/SEITRE",0.716,0.304,9,-13.907,0,0.0652,0.28,0.0221,0.11,0.199,74.993,4
spotify:track:7axASOtqX9dqeRpsTJYUYh,"menace","menace","longlost",2022-09-15,141871,0,false,elitealienzz,2022-10-04T15:55:02Z,"","longlost",0.819,0.605,6,-10.824,0,0.0548,0.0129,0.875,0.0883,0.349,131.98,4
spotify:track:2ZDxJYG4hztx0HIIrFBZee,"I Hate Everything About You","I Hate Everything About You","longlost",2019-05-23,104470,38,false,elitealienzz,2022-10-04T15:55:42Z,"","longlost",0.634,0.518,2,-9.931,0,0.0568,0.00335,0.851,0.1,0.184,169.95,4
spotify:track:0jBjr0oBBYpVjOKxLMDccN,"Hey I Miss U","Empathy EP","CHRSBRRY",2014-01-01,159085,30,false,elitealienzz,2022-10-04T15:56:23Z,"","Pure Tapes",0.627,0.406,2,-15.19,0,0.058,0.615,0.22,0.168,0.127,109.169,4
spotify:track:2CQLfytcks5OciI2QqWPDO,"LEGION","LEGION","Brothel;enjoii",2022-08-26,248181,15,false,elitealienzz,2022-10-04T15:57:33Z,"witch house,darkwave","DARK DANCE MUSIC",0.503,0.411,0,-8.539,1,0.0563,0.614,0.438,0.359,0.038,176.003,4
spotify:track:2nAyVh5BDPFNjhazVsMhkk,"Scholar","4Ever Young","GRXGVR;BONES",2015-06-21,187791,41,true,elitealienzz,2022-10-13T14:39:45Z,"witch house,phonk,cloud rap,emo rap,horrorcore,trap metal,underground hip hop","STOLEN NOISE",0.701,0.507,1,-10.794,0,0.0466,0.368,0.836,0.105,0.0919,124.375,4
spotify:track:75M7UJy4KmcP3ng0vICdPN,"LIKE YXU WXULD KNXW (AUTUMN TREES)","LIKE YXU WXULD KNXW (AUTUMN TREES)","Kordhell;Scarlxrd;CORPSE",2022-10-07,210000,48,true,elitealienzz,2022-10-13T14:42:43Z,"phonk,drift phonk,trap metal,rap metal,horrorcore,emo rap","Kordhell x Scarlxrd x CORPSE",0.638,0.922,6,-1.732,0,0.0652,0.000783,0.000888,0.375,0.368,100.011,4
spotify:track:3Dx9I6lKKFn2KQFrLhb9ac,"trying not to drown","trying not to drown","longlost",2022-10-05,133381,0,true,elitealienzz,2022-10-13T14:42:49Z,"","longlost",0.841,0.565,1,-10.468,1,0.11,0.0253,0.906,0.11,0.897,143.989,4
spotify:track:2i2LsgrHWD249pPo1jyswb,"WITCHER","WITCHER","ZODIVK;Mvko;ROCSET MOON",2022-10-07,120000,15,true,elitealienzz,2022-10-13T14:42:59Z,"phonk,brazilian phonk,drift phonk,trap metal,horrorcore","ZODIVK",0.59,0.905,7,-5.948,1,0.125,0.0109,0.137,0.267,0.772,119.889,4
spotify:track:05EG9LwFCVjkoYEWzsrHHO,"Legend","Phantom","Tevvez",2020-12-04,189679,62,false,elitealienzz,2022-10-19T01:22:39Z,"hardstyle","965104 Records DK",0.294,0.707,2,-5.418,1,0.0389,0.0408,0.106,0.0705,0.0395,149.94,4
spotify:track:2QjOHCTQ1Jl3zawyYOpxh6,"Sweater Weather","I Love You.","The Neighbourhood",2013-04-22,240400,92,false,elitealienzz,2022-10-20T16:23:42Z,"","Columbia",0.612,0.807,10,-2.81,1,0.0336,0.0495,0.0177,0.101,0.398,124.053,4
spotify:track:1v0Yd9leQpwcbPxvUTQOGX,"Resta Vivo","Resta Vivo","Shama24k;Mike Defunto",2022-05-27,176259,33,true,elitealienzz,2022-10-28T22:42:33Z,"","OTTO",0.586,0.702,9,-7.265,1,0.0728,0.151,0,0.0859,0.359,160.089,4
spotify:track:1NvpO1o8SpkdH3txtJQQc7,"Lemon Tree","Twelve Carat Toothache","Post Malone",2022-06-03,243486,58,true,elitealienzz,2022-10-28T22:54:52Z,"","Mercury Records/Republic Records",0.611,0.584,11,-6.897,0,0.0301,0.083,0,0.432,0.181,116.106,4
spotify:track:6qyS9qBy0mEk3qYaH8mPss,"Murder In My Mind","Murder In My Mind","Kordhell",2022-01-21,145000,76,true,elitealienzz,2022-10-28T22:57:25Z,"phonk,drift phonk","Kordhell",0.712,0.972,10,-0.514,1,0.112,0.00547,0.0000706,0.128,0.568,119.966,4
spotify:track:7wtU7N6R49UAbzQcLjRy5q,"if god didnt want us to snort worms he wouldn't have made them cylindrical!","effective. Power","MIMIDEATH",2020-03-05,58363,57,false,elitealienzz,2022-10-28T22:57:56Z,"breakcore,hyperpop,plunderphonics,speedcore","MIMIDEATH",0.703,0.743,5,-10.624,0,0.0299,0.0694,0.639,0.116,0.349,123.549,4
spotify:track:2ywfLqOoAjcCBW7T1TSJC1,"CONSCIENCE","CITY MORGUE VOLUME 3: BOTTOM OF THE BARREL","City Morgue;ZillaKami;SosMula",2021-10-15,127765,37,true,elitealienzz,2022-10-28T22:59:05Z,"trap metal,horrorcore,emo rap,rap metal,rage rap","Republic Records",0.69,0.739,2,-7.195,1,0.0858,0.00519,0,0.355,0.301,85.034,4
spotify:track:5YC0eCu3a0K42crMujCLSc,"Valhalla Awaits Me","Viking Age Songs","Pawl D Beats",2021-03-16,190395,21,false,elitealienzz,2022-10-28T22:59:14Z,"","Various Artists",0.425,0.404,7,-13.787,1,0.0562,0.372,0.933,0.1,0.0353,179.955,3
spotify:track:3bpR5jv8uzraDgq5YpHwDw,"MISA MISA!","MISA MISA!","CORPSE;Scarlxrd;Kordhell",2022-08-26,85894,0,true,elitealienzz,2022-10-28T22:59:35Z,"trap metal,rap metal,horrorcore,emo rap,phonk,drift phonk","CORPSE",0.672,0.981,1,-1.252,1,0.181,0.0302,0.0000236,0.648,0.694,95.014,4
spotify:track:2mvP5OEZXWL0QefQSq7z6b,"Стеклянная","Стеклянная","GUMA",2021-08-05,166153,47,false,elitealienzz,2022-10-28T23:03:32Z,"","Warner Music Russia",0.774,0.565,9,-6.407,0,0.066,0.44,0.00102,0.109,0.496,130.041,4
spotify:track:3eOyNxCZO4q8UXexph1j8X,"in my heart","in my heart","vowl.;Sace",2021-08-20,160000,0,false,elitealienzz,2022-11-06T16:59:20Z,"witch house","vowl. & Sace",0.621,0.798,0,-5.918,1,0.0513,0.0263,0.0894,0.185,0.0914,110.999,4
spotify:track:3rYbulMxcHOqt9oNaCoh2c,"PUMP UP","PUMP UP","fkbambam;PlayaPhonk;longlost",2021-07-01,148153,0,true,elitealienzz,2022-11-06T16:59:57Z,"phonk,drift phonk","fkbambam",0.736,0.602,2,-9.073,1,0.167,0.369,0.00717,0.229,0.467,130.037,4
spotify:track:3bRGBiazPnYksyXZcvmMGF,"numb the pain","numb the pain","vowl.;prxz",2020-11-05,136774,0,false,elitealienzz,2022-11-10T12:34:31Z,"witch house,lo-fi","vowl. & prxz",0.485,0.543,6,-8.154,0,0.119,0.6,0.525,0.0848,0.0619,185.893,4
spotify:track:4pqAkUZlA17gsTxFjP4BDL,"MIDDLE OF THE NIGHT (HARDSTYLE)","MIDDLE OF THE NIGHT (HARDSTYLE)","SICK LEGEND",2022-08-01,175147,47,false,elitealienzz,2022-11-15T16:43:09Z,"hardstyle","SICK LEGEND",0.292,0.692,2,-7.198,1,0.0376,0.000118,0.000354,0.382,0.0544,185.467,3
spotify:track:6jdwbcH788txYS6Doy1F1j,"Step Back!","Step Back!","1nonly;SXMPRA",2022-09-02,150674,68,true,elitealienzz,2022-11-15T23:44:40Z,"phonk,drift phonk,trap metal","NSF Productions LLC",0.783,0.89,1,-5.995,1,0.2,0.185,0.00417,0.0969,0.437,127.996,4
spotify:track:393zi8Yq6eKA6dIVqDQfsc,"Nothing New","Nothing New","The Well Runs Red",2018-08-23,177485,19,false,elitealienzz,2022-11-21T19:58:38Z,"trap metal","BLXXM",0.576,0.235,8,-19.269,1,0.0961,0.837,0.918,0.0963,0.0377,147.279,3
spotify:track:0mkLYmZGLFSQPTPUUYkcnf,"Дорогое развлечение","Дорогое развлечение","Куок",2020-06-05,163764,31,false,elitealienzz,2022-11-21T19:59:31Z,"","FRWRD MUSIC",0.615,0.719,8,-7.289,1,0.0465,0.0871,0.0239,0.131,0.161,84.999,4
spotify:track:2HhzV3FY4eZGueF0KpXZUo,"EMPTY DREAMS","EMPTY DREAMS","CYPARISS",2021-12-01,135000,61,false,elitealienzz,2022-11-21T20:06:14Z,"phonk,drift phonk","CYPARISS / Kurate Music",0.778,0.782,7,-5.07,1,0.152,0.5,0.93,0.426,0.446,160.05,4
spotify:track:2G5MkSzhBgTab5lzlV2ISd,"hold me","CYBERSPACE","yeahyeahyeah",2022-07-05,154356,0,false,elitealienzz,2022-11-21T20:12:11Z,"","cyberspace",0.656,0.591,10,-7.724,0,0.0997,0.00138,0.00214,0.189,0.315,151.194,4
spotify:track:3XCXwlBqx2hTgsb0FKf6GV,"revnuyu","revnuyu","malte",2022-05-20,128399,0,false,elitealienzz,2022-11-21T20:14:57Z,"hardstyle,frenchcore","3736470 Records DK",0.47,0.941,9,-3.841,0,0.452,0.00356,0.0134,0.644,0.522,175.995,4
spotify:track:5EyErbpsugWliX006eTDex,"ONLY GIRL - HARDSTYLE","ONLY GIRL (HARDSTYLE)","SICK LEGEND",2022-08-01,108387,50,false,elitealienzz,2022-11-22T23:46:55Z,"hardstyle","SICK LEGEND",0.417,0.767,9,-4.004,0,0.419,0.356,0.0184,0.108,0.539,155.378,4
spotify:track:3vefdW0Zsk57Qn0qxXeVCI,"This Feeling","Sakura's Shadows","my!lane",2021-12-03,163829,60,true,elitealienzz,2022-11-25T20:06:55Z,"phonk,drift phonk","my!lane",0.491,0.908,7,-4.659,0,0.172,0.0000689,0,0.101,0.207,125.997,4
spotify:track:4jrXcjE0rKXu4svwQ7IYzD,"Night Drive","Night Drive","Wilee",2022-02-25,124312,59,false,elitealienzz,2022-11-25T20:07:14Z,"phonk,drift phonk","Wilee / Kurate Music",0.672,0.99,0,-3.811,1,0.0392,0.137,0.851,0.103,0.15,119.957,4
spotify:track:5Zlb01Jcn0Ld49zazzZJSB,"WORTH NOTHING - Fast & Furious: Drift Tape/Phonk Vol 1","WORTH NOTHING (Fast & Furious: Drift Tape/Phonk Vol 1)","TWISTED;Oliver Tree",2022-09-28,164629,3,true,elitealienzz,2022-11-25T20:09:16Z,"phonk,drift phonk","APG Inc – FF10",0.604,0.601,2,-7.887,0,0.0628,0.15,0.000579,0.168,0.156,139.88,4
spotify:track:7HU0fgCVI8ZcdCum2bZThz,"Fearless","Fearless","Lost Sky",2017-09-09,194284,0,false,elitealienzz,2022-11-25T20:10:16Z,"","NCS",0.669,0.937,6,-4.325,1,0.0397,0.302,0.783,0.118,0.344,110.006,4
spotify:track:4u3kuEm9yYdvJuWRQ3ycRT,"RED LIGHT","RED LIGHT","Rooky030;Fxbii",2022-11-11,136875,31,true,elitealienzz,2022-11-25T20:13:15Z,"phonk,drift phonk","DIGITAL MADNESS",0.834,0.591,7,-9.861,1,0.0481,0.153,0.0091,0.0902,0.0716,127.98,4
spotify:track:3os5p1Rv4FEmdXncaeJdt6,"G-CLASS","G-CLASS","Rooky030;Tecfit",2022-09-23,188111,32,true,elitealienzz,2022-11-25T20:14:16Z,"","Digital Madness",0.705,0.579,2,-9.88,1,0.0902,0.345,0.697,0.131,0.665,122.732,4
spotify:track:5326YhFaJZtYnOVaryrM5n,"Sorry","Sorry","overrated",2022-07-14,181951,0,false,elitealienzz,2022-11-26T21:01:41Z,"hardstyle,tekno,frenchcore","MB Records ltd",0.77,0.739,0,-6.831,1,0.228,0.064,0.121,0.118,0.142,94.989,4
spotify:track:3f4yzIUaqTVN6N1PK9BAjE,"No Superstar - Scott Rill Remix","No Superstar (Scott Rill Remix)","Giorgio Gee;Scott Rill",2020-06-05,148954,34,false,elitealienzz,2022-11-27T18:05:52Z,"slap house,deep house,afro house","BIG BLIND MUSIC",0.723,0.728,1,-8.375,1,0.364,0.51,0.016,0.599,0.436,119.953,4
spotify:track:5iBiCwghn4Edobas0pMmQq,"I Have Nothing","I Have Nothing","LIUFO",2020-02-28,166000,42,false,elitealienzz,2022-11-27T18:06:20Z,"slap house","Lithuania HQ",0.833,0.695,0,-5.382,1,0.0571,0.419,0.364,0.575,0.147,120.046,4
spotify:track:2WgZ7nwUOjVxh0wO5yYsJG,"Xplode - Extended Mix","Xplode","Dodobeatz;Bibiane Z",2019-04-21,318769,34,false,elitealienzz,2022-11-27T18:06:40Z,"","MINIMAL NIGHT RECORDS",0.695,0.55,7,-10.194,0,0.119,0.0485,0.406,0.801,0.281,127.995,4
spotify:track:5krIW5E3YN5CI7d7lCQ8Sg,"Fast Pace","Fast Pace","Damian Spider;Breana Marin",2019-06-07,168769,0,false,elitealienzz,2022-11-27T18:06:53Z,"g-house","420 Recordings",0.705,0.565,5,-7.903,0,0.136,0.177,0.011,0.116,0.29,128.059,4
spotify:track:1mKgAf4wdOWEmNvmZKhbHm,"Crazy","Crazy","TRFN;Siadou",2018-05-17,173949,43,false,elitealienzz,2022-11-27T18:07:35Z,"slap house,g-house","Lithuania HQ",0.794,0.572,9,-6.778,1,0.041,0.472,0.768,0.133,0.102,123.99,4
spotify:track:0D45ixbwxjkT4S7V1kpt5y,"vendetta! - sped up","vendetta! (sped up)","MUPP;Sadfriendd",2022-07-07,91582,48,true,elitealienzz,2022-11-28T19:06:19Z,"phonk,drift phonk","Sadfriendd x MUPP",0.654,0.944,1,-3.207,1,0.223,0.207,0.00000201,0.126,0.632,147.308,4
spotify:track:6jkEAxBnX2PVchKYH9Y46D,"PART OF ME - HARDSTYLE SPED UP","PART OF ME (HARDSTYLE SPED UP)","SICK LEGEND",2022-07-08,112971,53,false,elitealienzz,2022-11-28T19:06:38Z,"hardstyle","SICK LEGEND",0.642,0.949,10,-3.055,1,0.0373,0.0194,0.227,0.414,0.692,101.959,4
spotify:track:6HqCArM4eFL37hoGA0k3GB,"СЛЁЗЫ НА АСФАЛЬТЕ","СЛЁЗЫ НА АСФАЛЬТЕ","Polontayn",2021-11-19,165128,20,false,elitealienzz,2022-11-29T19:53:17Z,"","Goost Music",0.545,0.481,9,-8.548,0,0.039,0.0457,0.00000202,0.852,0.271,116.998,4
spotify:track:34vdILRpp9MW9FJEHGxCjE,"astrosex","astrosex","Akucum",2022-09-30,197857,0,false,elitealienzz,2022-11-29T19:57:56Z,"hardstyle,tekno,frenchcore","0009",0.686,0.385,8,-15.063,1,0.179,0.00522,0.72,0.123,0.178,168.012,4
spotify:track:4tZULb84s9ELGycuPWGa2k,"Fire to the Rain - Hardstyle Remix","Fire to the Rain Hardstyle","ANDONIS",2022-05-10,150363,56,false,elitealienzz,2022-11-29T20:03:37Z,"hardstyle","Beat Dealer Records",0.429,0.866,5,-5.78,0,0.0444,0.0000742,0.0404,0.131,0.445,164.918,4
spotify:track:4n7IYAmrAFXjoKgxwBdOtI,"Stereo Love (Hardstyle Remix)","Stereo Love (Hardstyle Remix)","Rick.staneke;Dj Rikkert;jessedekreij",2022-08-22,221414,0,false,elitealienzz,2022-11-29T20:06:07Z,"hardstyle","Stereo Love (Hardstyle Remix)",0.233,0.758,9,-6.702,1,0.079,0.201,0.000387,0.212,0.174,150.664,4
spotify:track:1T1P4aZxStasNK76EfyZcF,"Just Dance","Just Dance","Wasback",2021-06-25,114193,59,false,elitealienzz,2022-12-03T21:44:03Z,"progressive house","Wasback",0.773,0.6,1,-5.695,0,0.0344,0.165,0.0000482,0.318,0.495,123.946,4
spotify:track:5w7TpgrPzWAEuAg0PSQukj,"All The Things She Said 2020 - Sub Sonik Remix","All the Things She Said 2020 (Sub Sonik Remix)","DJ Gollum;Scarlet;Sub Sonik",2020-08-28,209931,56,false,elitealienzz,2022-12-10T18:05:04Z,"hardstyle,nightcore,frenchcore,hardcore","Zoo Digital",0.304,0.742,8,-6.227,1,0.0668,0.00128,0,0.115,0.279,180.541,4
spotify:track:4r8vtv55ZqVxRAXdcLGS8J,"All The Things She Said - Teaboy Flip","All The Things She Said (Teaboy Flip)","TEABOY",2022-10-27,164327,54,false,elitealienzz,2022-12-10T18:08:32Z,"hypertechno,techno","Columbia",0.65,0.566,11,-9.838,0,0.303,0.199,0.53,0.477,0.377,151.107,4
spotify:track:1M8Y9jmqy8CaT4HKYHl9ej,"PAPARAZZI","PAPARAZZI","Akucum",2022-12-03,167350,0,false,elitealienzz,2022-12-11T03:48:38Z,"hardstyle,tekno,frenchcore","9ix Music",0.54,0.92,8,-3.555,1,0.222,0.0021,0.000582,0.139,0.201,199.876,4
spotify:track:7L5fJZOeqlNo9mwVMXbQQC,"hothi","hothi","aarise",2018-09-14,225783,30,false,elitealienzz,2022-12-20T20:59:35Z,"witch house","ILLUSIONE",0.155,0.383,11,-11.394,0,0.0644,0.18,0.156,0.129,0.0723,70.821,4
spotify:track:42pDGN2mjZF2033fPH0Cwt,"martyrdom","martyrdom","foxwedding;Parv0",2019-07-26,164571,25,false,elitealienzz,2022-12-20T20:59:39Z,"witch house,trap metal,emo rap","MISERY CLUB",0.601,0.646,8,-8.81,0,0.0303,0.00494,0.771,0.128,0.0385,139.987,4
spotify:track:6mWPI32V86KG7cBFxz4YNk,"DeadInside - Xravial Remix","DeadInside (Xravial Remix)","Xravial;Mvko;YTD",2021-01-24,202534,31,true,elitealienzz,2023-01-01T12:44:10Z,"trap metal,horrorcore","2516590 Records DK",0.886,0.488,9,-12.516,0,0.0829,0.726,0.0592,0.0948,0.0586,123.335,4
spotify:track:0WfkdzKP7Q7gczWQdRtQwK,"close 2 end","close 2 end","myle$",2022-05-06,147281,22,true,elitealienzz,2023-01-01T12:44:18Z,"","myle$",0.387,0.631,6,-7.513,0,0.0424,0.00105,0.0664,0.218,0.19,120.138,4
spotify:track:11eyeGdarwMeI59f4L7lNy,"DARK LIGHT","DARK LIGHT","CVSV",2019-12-30,170769,0,false,elitealienzz,2023-01-01T12:45:30Z,"g-house","Alex's List",0.6,0.532,1,-10.454,1,0.0295,0.128,0.87,0.0821,0.189,103.991,4
spotify:track:2kx5sQgmjYug0GiDh1a4sU,"Living Life, In The Night","Living Life, In The Night","Cheriimoya;Sierra Kidd",2018-10-13,122517,69,true,elitealienzz,2023-01-01T12:46:28Z,"german hip hop","Arista Records",0.624,0.499,0,-9.962,0,0.0495,0.82,0,0.12,0.298,143.249,4
spotify:track:00JZJvHKJAhA4DKyEUnwtA,"DERNIERE DANSE (HARDSTYLE)","DERNIERE DANSE (HARDSTYLE)","Enmity",2022-10-14,190446,50,false,elitealienzz,2023-01-01T12:50:28Z,"hardstyle","Enmity",0.563,0.951,0,-3.618,0,0.0871,0.107,0.000355,0.296,0.123,150.068,4
spotify:track:61pkgNGabOREZY6VRGmV5g,"LOVE TONIGHT - HARDSTYLE","LOVE TONIGHT (HARDSTYLE)","Crual",2022-12-09,131764,35,false,elitealienzz,2023-01-01T12:51:28Z,"hardstyle","CRUAL",0.473,0.82,8,-3.587,1,0.0653,0.0151,0.000731,0.126,0.218,152.939,4
spotify:track:3wxcdSztQy9lDMekDkrdIh,"BOULEVARD OF BROKEN DREAMS","BOULEVARD OF BROKEN DREAMS","Jiyagi",2022-11-18,192000,51,false,elitealienzz,2023-01-01T12:51:41Z,"frenchcore,hardstyle,hardcore,hardcore techno,tekno","Jiyagi Music",0.425,0.923,8,-3.929,1,0.148,0.00633,0.0125,0.269,0.521,200.026,4
spotify:track:2afCjVAtVunsZMXlC4O6Ck,"All Night (feat. Ally Brooke) - Zero Days Remix","All Night (feat. Ally Brooke) [Zero Days Remix]","AFROJACK;Ally Brooke;Zero Days",2021-09-23,185600,37,false,elitealienzz,2023-01-01T12:52:00Z,"edm,big room,hardstyle","Wall Recordings",0.475,0.838,0,-6.081,0,0.059,0.00213,0,0.105,0.419,149.88,4
spotify:track:1x0N0Oo1ITGbhp8XQ1UePf,"OUTSIDE HARDSTYLE SPED UP","OUTSIDE HARDSTYLE SPED UP","SICK LEGEND;SPED UP SICK CVNT;HARDSTYLE BRAH",2022-08-01,136842,35,false,elitealienzz,2023-01-01T13:02:42Z,"hardstyle","SICK CVNT",0.443,0.83,4,-4.679,0,0.0647,0.0243,0,0.154,0.419,168.388,4
spotify:track:1WF4RTvSeDTOQBD9epYwEi,"Around the World (La la La)","Around the World (La la La)","Refuzion",2019-10-01,153328,53,false,elitealienzz,2023-01-01T13:06:08Z,"hardstyle,frenchcore","Refuzion",0.602,0.948,9,-3.372,0,0.0502,0.0396,0.00000143,0.186,0.812,149.933,4
spotify:track:4alhvbJnusibEHezKe8W4H,"Set Fire to the Rain","Set Fire to the Rain","MAKAVELI HARDSTYLE",2022-08-18,143174,22,false,elitealienzz,2023-01-01T13:08:55Z,"hardstyle","MAKAVELI RECORDS",0.446,0.895,5,-4.363,0,0.0643,0.0277,0.00000283,0.0976,0.204,173.587,4
spotify:track:6z0iAjdcvN9FzpOQnlxscb,"Burn (Hardstyle) - Sped Up","Burn (Hardstyle) - Sped Up","BAKI;ZYZZ;GYM HARDSTYLE",2022-09-07,176783,37,true,elitealienzz,2023-01-01T13:09:13Z,"hardstyle","BAKI",0.356,0.612,6,-5.292,1,0.0301,0.0371,0.000142,0.359,0.166,167.618,4
spotify:track:1U4Mw7gjMfM4GZh9mYgw16,"Firework","Firework","Always Mirin",2022-06-15,128274,54,false,elitealienzz,2023-01-01T13:13:16Z,"hardstyle","Always Mirin",0.52,0.923,9,-1.021,1,0.0405,0.143,0.708,0.18,0.104,173.999,4
spotify:local:::Xcho+-+%D0%A2%D1%8B+%D0%B8+%D0%AF+%28Giyumito+Remake%29+%28long+edit%29:146,"Xcho - Ты и Я (Giyumito Remake) (long edit)","","",,146000,0,false,elitealienzz,2023-01-03T17:05:06Z,"","undefined",,,,,,,,,,,,
spotify:track:4WJrMe89eAOODmcfGLiyj0,"Quédate - Hardstyle Remix","Quédate (Hardstyle Remix)","Luca Testa;The FifthGuys;Polina Grace",2022,161600,0,false,elitealienzz,2023-01-10T10:31:28Z,"hardstyle,big room,hypertechno","Luca Testa",0.568,0.876,11,-2.458,0,0.122,0.0166,0,0.822,0.599,149.97,4
spotify:track:74CkeJ0vYYTdQImnaLy759,"Ride With Me (feat. Kid Ink) - Brennan Heart Remix","Ride With Me (feat. Kid Ink) [Brennan Heart Remix]","Tungevaag;Kid Ink;Brennan Heart",2021-07-02,230400,54,false,elitealienzz,2023-01-10T10:31:46Z,"big room,hardstyle,frenchcore,hardcore","Spinnin' Records",0.693,0.864,4,-4.17,0,0.0483,0.278,0.0388,0.0777,0.142,149.998,4
spotify:track:6M6NCHEjkuIYo97M8BI02m,"idfc","idfc","malte",2022-07-05,133158,0,true,elitealienzz,2023-01-10T10:34:37Z,"hardstyle,frenchcore","3736470 Records DK",0.643,0.646,11,-10.04,0,0.0482,0.0134,0,0.378,0.308,93.152,3
spotify:track:2Z8e5TqsxA5OgelU6NfGbt,"BLUE KUSH BIRTHDAY","PERREOCORE®","DJ CHRISTIAN NXC;DJ UWU;Fallen Shrine;BK Beats;Merca Bae",2021-06-03,180014,6,true,elitealienzz,2023-01-10T10:35:33Z,"frenchcore,nightcore,neoperreo","Weird NXC® under exclusive license to nightcore4totalsluts™",0.605,0.968,11,-5.318,0,0.243,0.11,0.0881,0.14,0.438,159.463,4
spotify:track:1ds9oQSvKxCfe30w5M1r7g,"Telapatia Streets - slowed reverb","thinking","Akucum;bretha",2022-12-02,267122,0,false,elitealienzz,2023-01-10T10:36:03Z,"hardstyle,tekno,frenchcore","TuneCore",0.675,0.32,1,-16.929,1,0.188,0.345,0.488,0.134,0.555,76.494,3
spotify:track:0vymBfAzZzXY94sQucrUaT,"Secret Love My Escape","Secret Love My Escape","ASTROGLIDER",2022-11-16,156000,0,false,elitealienzz,2023-01-10T10:36:23Z,"","MusicDiffusion",0.603,0.703,1,-9.405,1,0.0896,0.00087,0.145,0.0764,0.358,170.13,4
spotify:track:01NW0w6sduoTocrVERe5CV,"are you falling in love?","are you falling in love?","Akucum",2022-10-31,259808,0,false,elitealienzz,2023-01-10T10:36:39Z,"hardstyle,tekno,frenchcore","0009",0.653,0.515,1,-12.653,0,0.273,0.0638,0.751,0.341,0.663,110.036,4
spotify:track:64nB9YtvtEJMSQmsvnXr9W,"sue","sue","Akucum;Mecturia",2022-11-03,153286,0,false,elitealienzz,2023-01-10T10:36:48Z,"hardstyle,tekno,frenchcore","0009",0.687,0.839,0,-5.529,1,0.0753,0.00692,0,0.382,0.465,90.022,4
spotify:track:0chdVhuolS0IlVs5pq27qH,"better off alone","better off alone","k0$h",2022-04-09,143326,0,false,elitealienzz,2023-01-10T10:37:04Z,"hardstyle","3846208 Records DK",0.236,0.928,0,-4.387,0,0.105,0.307,0.00182,0.311,0.378,88.027,4
spotify:track:3bN0ClUvRz8289XE7tNW0k,"","mne malo malo malo tebya","",1990-05-01,0,0,false,elitealienzz,2023-01-10T10:37:28Z,"","keench",0.435,0.9,1,-3.635,1,0.23,0.000275,0.578,0.347,0.793,181.53,4
spotify:track:1w55oSHrv8bpeYNgZVVawE,"Kisses","Kisses","Akucum",2022-09-24,200156,0,false,elitealienzz,2023-01-10T10:37:52Z,"hardstyle,tekno,frenchcore","0009",0.585,0.768,11,-9.696,0,0.194,0.000317,0.114,0.314,0.154,75.037,4
spotify:track:7Kret5i6XgBoAED1g24koi,"i want you","i want you","Akucum",2022-09-23,241017,0,false,elitealienzz,2023-01-10T18:05:38Z,"hardstyle,tekno,frenchcore","0009",0.81,0.403,1,-6.038,1,0.297,0.329,0.0638,0.647,0.112,128.998,4
spotify:track:5AgS4gCzV9yRo4CL2iN92o,"Stranger","Stranger","Akucum",2022-09-24,126246,0,true,elitealienzz,2023-01-10T18:06:01Z,"hardstyle,tekno,frenchcore","Aku",0.617,0.858,1,-7.226,1,0.135,0.0391,0.00248,0.355,0.373,169.962,4
spotify:track:4Myjc9ojRw3DPcTMFpuebp,"where did you go","where did you go","Akucum",2022-09-24,160995,0,false,elitealienzz,2023-01-10T18:06:11Z,"hardstyle,tekno,frenchcore","Aku",0.715,0.419,10,-16.066,0,0.135,0.322,0.713,0.633,0.43,129.935,4
spotify:track:2JMLS8WDzLJNzqOFsNG18i,"STORM","STORM","KXST",2022-01-07,204800,0,true,elitealienzz,2023-01-14T20:04:04Z,"drift phonk,phonk","2022 KXST",0.705,0.806,11,-7.362,1,0.0367,0.008,0.625,0.113,0.393,149.999,4
spotify:track:6R4T90CeP1e1s7BbCse4ll,"Ur Addictive","Ur Addictive","ASTROGLIDER",2022-10-28,494503,0,false,elitealienzz,2023-01-15T17:57:24Z,"","Most Wanted Music",0.782,0.449,1,-16.21,1,0.234,0.272,0.864,0.108,0.511,180.018,4
spotify:track:71qKWIBggc7poNXclWN53M,"I'll Bite Your Soul","Lost in Love","SHRK;CORBAL;Shiloh Dynasty",2018-05-30,123186,56,false,elitealienzz,2023-01-15T18:00:23Z,"lo-fi","SHRK / CORBAL",0.786,0.37,6,-16.84,0,0.0695,0.768,0.373,0.139,0.18,101.966,4
spotify:track:779bC1I6BAwAr9UsAGbpNZ,"Str boyz UFA - Remix","Str boyz UFA (Remix)","maksy.",2020-11-24,183497,0,false,elitealienzz,2023-01-18T16:31:37Z,"drift phonk","maksy.",0.371,0.576,7,-10.882,1,0.04,0.66,0.854,0.18,0.125,97.5,4
spotify:track:0V10BFWxSnN9QGCkJ9m1x7,"Umbrella","Umbrella","Monkid;NOT U",2022-04-22,175160,33,false,elitealienzz,2023-01-18T16:31:53Z,"rally house,electroclash","The Games We Play",0.658,0.499,1,-11.377,1,0.228,0.0785,0.000885,0.282,0.248,124.004,4
spotify:track:7lRb0W3BguRcxoW4Ha6rDH,"Diadem","No Awaition","SVVVSH",2022-01-01,175608,0,false,elitealienzz,2023-01-18T16:32:27Z,"drift phonk,witch house,phonk","RUMEDIA.IO",0.627,0.567,5,-12.466,0,0.196,0.453,0.959,0.096,0.217,82.032,4
spotify:track:1rBXCmKIMcq1bRIsXpq2Qk,"Moved On","Moved On","SENSE",2020-02-07,129778,48,false,elitealienzz,2023-01-19T19:47:11Z,"slap house","BLACK&WHITE",0.714,0.817,10,-4.621,0,0.0433,0.0866,0.00435,0.321,0.123,126.026,4
spotify:track:0zwKGn5APj7kgZOpZB1djC,"unamerican beauty - HXVRMXN Remix","unamerican beauty (HXVRMXN Remix)","XYLØ;HXVRMXN",2022-10-13,177274,40,true,elitealienzz,2023-01-19T19:47:56Z,"drift phonk,phonk","Opposition",0.749,0.848,5,-3.252,0,0.122,0.047,0.000734,0.119,0.114,122.001,4
spotify:track:1frGB2A7OcS7CgdH2C6apy,"Gasoline (Halsey & Oscar Trap Remix)","Gasoline (Halsey & Oscar Trap Remix)","Trapboy Freddy",2021-08-23,181812,43,false,elitealienzz,2023-01-19T19:53:58Z,"","Black Label",0.64,0.511,10,-9.194,0,0.0363,0.00696,0.000536,0.145,0.154,120.014,4
spotify:track:2KyxKS78fNpzeoxLd9nvPJ,"Where Have You Been","Where Have You Been","SENSE",2020-08-07,162696,48,false,elitealienzz,2023-01-19T19:54:29Z,"slap house","Lithuania HQ",0.566,0.593,2,-6.929,0,0.0312,0.000561,0.0283,0.361,0.0808,121.961,4
spotify:track:0JpUJNf0MwrXGgdLkesEq7,"Burning Down","Burning Down","SENSE;3RIS D3D3",2020-05-22,210594,34,false,elitealienzz,2023-01-19T19:54:46Z,"slap house,g-house","ButtonPlay Records",0.75,0.476,11,-9.351,0,0.0684,0.0225,0.33,0.101,0.063,121.982,4
spotify:track:7qzj24RkAitdVnwrQyDXhQ,"In Front of You","In Front of You","overrated",2022-12-10,143696,0,false,elitealienzz,2023-01-19T19:55:32Z,"hardstyle,tekno,frenchcore","MB Records ltd",0.527,0.815,8,-9.015,1,0.047,0.215,0.705,0.143,0.664,174.05,4
spotify:track:5fb8vhQ49xRw52pnsgYE4C,"Download My Conscious","Cut It Bleed It Breathe It","Faceless 1-7",2022-04-29,92884,50,true,elitealienzz,2023-01-23T19:26:17Z,"trap metal,horrorcore","GRXTESQUE",0.696,0.552,11,-7.524,0,0.0399,0.0139,0.000101,0.431,0.363,144.881,4
spotify:track:5OLYQ0RgTDLQ1m98Gqdm60,"aurora","aurora","kittyangel",2021-12-31,155129,46,false,elitealienzz,2023-01-23T19:27:47Z,"witch house","kittyangel",0.436,0.93,2,-5.251,1,0.0366,0.00302,0.402,0.25,0.0857,164.029,4
spotify:track:29okPPPArMZ14S0ieciC8l,"9 Eleven - Instrumental","Angel Eyes","Memphis.",2021-02-16,267906,28,false,elitealienzz,2023-02-02T20:45:10Z,"witch house","791014 Records DK",0.449,0.696,7,-7.202,0,0.0711,0.246,0.121,0.208,0.0851,115.02,5
spotify:track:64F0tid5vwapfuC4ERAHyA,"Pale Light","Pale Light","Skeler",2020-03-04,225025,46,false,elitealienzz,2023-02-02T20:45:32Z,"witch house,drift phonk","4AM",0.557,0.516,2,-9.993,0,0.0378,0.0619,0.87,0.0976,0.0399,124.139,4
spotify:local:::lieless:154,"lieless","","",,154000,0,false,elitealienzz,2023-02-06T18:25:23Z,"","undefined",,,,,,,,,,,,
spotify:local:::controllz:222,"controllz","","",,222000,0,false,elitealienzz,2023-02-06T18:25:23Z,"","undefined",,,,,,,,,,,,
spotify:local:::falling:185,"falling","","",,185000,0,false,elitealienzz,2023-02-06T18:25:23Z,"","undefined",,,,,,,,,,,,
spotify:local:::holy:130,"holy","","",,130000,0,false,elitealienzz,2023-02-06T18:25:23Z,"","undefined",,,,,,,,,,,,
spotify:local:::sadddd:171,"sadddd","","",,171000,0,false,elitealienzz,2023-02-06T18:25:23Z,"","undefined",,,,,,,,,,,,
spotify:track:45KsTd0ZqKlgw0fNc8oyC5,"Tel Aviv","Tel Aviv","Skeler",2018-03-05,216913,56,false,elitealienzz,2023-02-06T20:25:41Z,"witch house,drift phonk","4AM",0.481,0.648,6,-8.779,0,0.17,0.41,0.742,0.102,0.111,134.144,4
spotify:track:4QugwJX8d4yDtk2WzTLyMZ,"Remedy","Remedy","overrated",2022-09-20,272834,0,false,elitealienzz,2023-02-06T20:28:30Z,"hardstyle,tekno,frenchcore","MB Records ltd",0.624,0.682,1,-7.444,1,0.0828,0.0126,0.302,0.0705,0.541,175.175,4
spotify:track:0Nt1FAf3TkJAZV6A01t8bE,"Addicted","Addicted","overrated",2022-07-25,79403,0,false,elitealienzz,2023-02-06T20:29:00Z,"hardstyle,tekno,frenchcore","MB Records ltd",0.645,0.938,7,-3.091,1,0.103,0.00677,0.788,0.0772,0.269,179.981,4
spotify:track:1Ygehtboe6CoVY05PfNJ39,"Revenge","Revenge","overrated",2022-08-18,217608,0,true,elitealienzz,2023-02-10T17:55:42Z,"hardstyle,tekno,frenchcore","MB Records ltd",0.665,0.726,2,-8.815,1,0.209,0.0225,0.233,0.266,0.206,150.069,4
spotify:track:1lkfHqDUHnmk8XK8LwcKyh,"Guardian Angel","Guardian Angel","overrated",2022-09-24,173766,0,false,elitealienzz,2023-02-10T17:56:50Z,"hardstyle,tekno,frenchcore","MB Records ltd",0.64,0.616,11,-11.616,0,0.07,0.0028,0.0171,0.172,0.58,179.97,4
spotify:track:2jfhu7PcObddlPUyp73B57,"Take My Hand","Take My Hand","overrated",2022-07-23,213019,0,false,elitealienzz,2023-02-10T17:57:52Z,"hardstyle,tekno,frenchcore","MB Records ltd",0.586,0.881,6,-4.582,0,0.0699,0.00246,0.0164,0.113,0.116,169.945,4
spotify:track:1hteTxUjc9f9eHICrVJmiC,"КАЖДЫЙ КТО ДЕЛАЛ ТЕБЕ БОЛЬНО","КАЖДЫЙ КТО ДЕЛАЛ ТЕБЕ БОЛЬНО","Lieless",2022-08-23,184527,0,false,elitealienzz,2023-02-10T18:01:07Z,"frenchcore,hardstyle,tekno","333",0.511,0.883,0,-3.7,1,0.0462,0.109,0.00000214,0.178,0.439,160.007,4
spotify:track:1T1aC2072POAmRCBmO1A0K,"The Journey","PATHFiNDER","VERRAT",2022-10-11,88153,7,false,elitealienzz,2023-02-10T18:01:38Z,"frenchcore","White Serpent Records",0.713,0.856,9,-7.034,1,0.0333,0.00149,0.574,0.255,0.115,130.014,4
spotify:track:6rDjt5uh8wte2GzZHQxVzT,"MUSEUM OF THE VOID","CULTURE OF FUTURITY","ETERNVL SVDNESS",2021-03-23,169248,7,true,elitealienzz,2023-02-16T13:40:17Z,"drift phonk,phonk,witch house","SAVAGE$TATION",0.412,0.568,6,-7.032,0,0.045,0.0218,0.833,0.101,0.207,158.091,4
spotify:track:3CIGw0T5vX7wjFySdZHEJ2,"Get Away","Get Away","MXRGX",2020-07-29,191523,43,true,elitealienzz,2023-02-16T13:40:40Z,"drift phonk,phonk","MXRGX",0.583,0.858,5,-7.076,0,0.0316,0.0204,0.882,0.162,0.372,151.052,4
spotify:track:66HBfxZYlKNKyyVjvMaAxT,"Gucci","Gucci","Threeeside;3RIS D3D3",2020-07-31,172891,18,false,elitealienzz,2023-02-20T16:09:13Z,"slap house,g-house","ButtonPlay Records",0.771,0.422,1,-15.264,1,0.0438,0.037,0.115,0.075,0.347,117.98,4
spotify:track:5D8Z0KkFce9ir2yak7uj5C,"Tell Me Why - Maddix Remix","Tell Me Why (Maddix Remix)","Supermode;Maddix",2023-02-10,191200,63,false,elitealienzz,2023-02-21T20:36:54Z,"hypertechno,big room,techno,hard techno,acid techno","Axtone Records",0.611,0.906,9,-8.194,1,0.0638,0.0175,0.603,0.39,0.476,149.989,4
spotify:track:6Pa7em71ZaexhOvAk5KdT9,"У меня не летают птицы","Old Hellish Mix","Brush1k",2020-09-07,129921,15,false,elitealienzz,2023-02-21T20:40:16Z,"witch house","Brush1k",0.494,0.375,0,-11.653,1,0.106,0.508,0.834,0.106,0.17,169.996,4
spotify:track:7DkwK5KQOThkp2ShYrJhBu,"Morphine","Morphine","Blvck Cvrnvge",2021-12-26,188475,0,true,elitealienzz,2023-02-21T20:40:52Z,"witch house","NEDOSTUPNOSTb",0.579,0.82,7,-6.088,0,0.0818,0.0287,0.863,0.0864,0.22,130.062,4
spotify:track:3QTOFczfwFIKpWIrQnLAMF,"Уют","Уют","TXPA",2021-09-11,158714,0,false,elitealienzz,2023-02-21T20:41:33Z,"","TXPA",0.448,0.326,11,-14.417,0,0.047,0.671,0.00000156,0.192,0.242,110.002,4
spotify:track:68Fe7ms0dEMDaadlMmCIj1,"Escape","Power of Your Terrible Soul","V21",2021-11-26,94117,42,true,elitealienzz,2023-02-21T20:41:42Z,"drift phonk,phonk","WHY Z MUSIC",0.792,0.725,0,-7.33,1,0.194,0.00421,0.89,0.788,0.402,113.977,4
spotify:track:1e8XAV2CwnyR3h41Wg8v96,"Become Human","Become Human","Unnholy",2020-01-23,223333,0,false,elitealienzz,2023-02-21T20:42:36Z,"dark ambient,ambient","Unnholy",0.524,0.763,2,-3.738,0,0.169,0.106,0.173,0.149,0.266,144.035,4
spotify:track:1hx8aP2GJPmNk6DpkxXaTD,"Dream of Us","Dream of Us","Fella;Marcus Cardello;LLALLO",2022-07-08,138239,45,false,elitealienzz,2023-02-21T20:42:55Z,"slap house","Lithuania HQ",0.621,0.862,4,-7.449,0,0.0413,0.0182,0.0708,0.22,0.038,125.024,4
spotify:track:2AnNyic6xAcWRvGgIqOnWh,"Together","Together","Tatli",2020-12-16,152229,0,true,elitealienzz,2023-02-25T21:35:28Z,"hardstyle","Tatli",0.462,0.68,0,-11.276,1,0.058,0.000172,0.0691,0.244,0.144,179.872,4
spotify:track:4ROhrEwY3OFgxEyIH5VLJM,"Ngt","Ngt","KIR",2021-10-22,193846,0,false,elitealienzz,2023-02-28T14:13:33Z,"","KIR",0.774,0.516,7,-13.067,1,0.0983,0.274,0.645,0.109,0.151,109.985,4
spotify:track:7ggimkTzmY3RGSAsf8kcPT,"If I Lose Myself - Drill Remix","If I Lose Myself (Drill Remix)","Dario Fital",2022-08-16,152571,32,true,elitealienzz,2023-02-28T14:14:20Z,"","2651423 Records DK2",0.548,0.53,6,-11.147,1,0.0477,0.195,0.896,0.124,0.249,139.997,4
spotify:track:3HVOxRwBgeGrQiMXWAAapR,"Serenity","Serenity","Sace;Cvllum",2019-05-06,201221,24,false,elitealienzz,2023-02-28T14:14:49Z,"witch house","Sace",0.716,0.536,2,-10.563,1,0.058,0.00603,0.901,0.0967,0.164,104.988,4
spotify:track:6UoC3wbJaaocOlRnwtdDq4,"SEPARATE WAYS (HARDSTYLE)","SEPARATE WAYS (HARDSTYLE)","ZaveyT",2022-12-20,173583,0,false,elitealienzz,2023-03-04T20:55:15Z,"hardcore techno,hardstyle","ZaveyT Music",0.421,0.926,6,-5.043,0,0.0415,0.195,0.00000164,0.12,0.0652,160.005,4
spotify:track:7qHPtC3LWWGrw7bg9gs4ji,"I Ain't Worried (Hardstyle)","I Ain't Worried (Hardstyle)","GREEKGODS",2022-11-15,190404,31,true,elitealienzz,2023-03-04T21:08:31Z,"hardstyle","GREEKGODS",0.464,0.845,6,-7.742,1,0.046,0.000847,0,0.172,0.455,154.962,4
spotify:track:527rL6QdZDZW9mQM2sSsqw,"remember me","remember me","shio",2021-05-25,185004,22,false,elitealienzz,2023-03-14T20:48:36Z,"witch house,drift phonk","1905352 Records DK",0.512,0.928,0,-6.015,0,0.215,0.579,0.826,0.128,0.176,143.977,4
spotify:track:54ODPtmBY0bgljmqLAYzCe,"Miracle","Miracle","Blanku;NVRLUV",2020-02-25,246486,32,false,elitealienzz,2023-03-14T20:48:56Z,"witch house","918907 Records DK",0.479,0.859,5,-6.995,0,0.0625,0.00361,0.919,0.115,0.195,147.975,4
spotify:track:4QGOvsoKtZFt1OV3F8WE2u,"Adios Amigos","Adios Amigos","Beatmount;Duke Luke",2020-10-30,123387,38,false,elitealienzz,2023-03-14T20:49:36Z,"slap house,brazilian bass","Lithuania HQ",0.77,0.932,6,-4.607,1,0.331,0.0867,0,0.47,0.601,124.083,4
spotify:track:13uPa7prHlJNztGeFlnFvV,"Fate","Danger","Felax",2020-04-24,235055,0,false,elitealienzz,2023-03-14T20:49:47Z,"","SM 001364 Releases",0.62,0.457,0,-11.655,1,0.0408,0.000927,0.761,0.102,0.193,156.973,4
spotify:track:2on6C6MzuGNUs0Kwbkna4P,"Slowly Driving In The Dark","Slowly Driving In The Dark","DXRK SPACE",2022-04-15,147352,31,false,elitealienzz,2023-03-14T20:51:06Z,"drift phonk,witch house","DXRK SPACE",0.505,0.463,1,-13.102,1,0.0402,0.0113,0.905,0.58,0.0393,135.955,4
spotify:track:6ZeczS8xc8mZ62o606h3Rf,"Desire","Desire","Libercio",2022-03-14,196049,0,true,elitealienzz,2023-03-19T20:47:42Z,"g-house","Libercio",0.692,0.647,0,-10.605,1,0.104,0.014,0.857,0.109,0.357,119.989,4
spotify:track:1fzfVUjxEDTitFOCM2ViWJ,"Pain","Pain","Maltorian",2020-12-12,189268,36,false,elitealienzz,2023-03-19T20:48:29Z,"tekno","Maltorian Music",0.484,0.707,4,-8.605,0,0.629,0.351,0.523,0.118,0.222,170.002,4
spotify:track:2jbukesft6goJgtGWiscC7,"depression","depression","t1a2t3l4i5",2021-12-05,139070,0,false,elitealienzz,2023-03-30T21:16:33Z,"","cyberspace",0.5,0.951,6,-2.346,1,0.238,0.0192,0.00000109,0.301,0.485,167.929,4
spotify:track:4u8kuzWbxkBr2yAlMzPToT,"Чувствую тебя","Чувствую тебя","Kashin;Lima Osta",2019-08-20,227441,0,false,elitealienzz,2023-03-31T18:03:23Z,"bass house,drum and bass,g-house","HOR RECORDS",0.73,0.741,2,-5.236,1,0.18,0.0553,0.00565,0.0741,0.233,171.999,4
spotify:track:0UBOdhh5DDT2CnR26dibrI,"DEEP FUSION","DEEP FUSION","LXST CXNTURY",2022-05-27,206165,0,true,elitealienzz,2023-03-31T18:03:59Z,"drift phonk,phonk,witch house","WHY Z MUSIC",0.677,0.61,1,-9.233,0,0.029,0.215,0.599,0.106,0.293,140.051,3
spotify:local:::love+story:194,"love story","","",,194000,0,false,elitealienzz,2023-03-31T18:06:53Z,"","undefined",,,,,,,,,,,,
spotify:local:::moon:305,"moon","","",,305000,0,false,elitealienzz,2023-03-31T18:06:55Z,"","undefined",,,,,,,,,,,,
spotify:local:::BORED:250,"BORED","","",,250000,0,false,elitealienzz,2023-03-31T18:06:58Z,"","undefined",,,,,,,,,,,,
spotify:track:37JzP8UoPKga3waK0pa5rT,"Wish You Were Here","Wish You Were Here","overrated",2022-08-26,159514,0,false,elitealienzz,2023-04-04T15:10:06Z,"hardstyle,tekno,frenchcore","MB Records ltd",0.674,0.622,6,-9.834,0,0.0442,0.474,0.837,0.0822,0.134,110.729,4
spotify:track:6Uu6TQm0ovJcB9LBSU3fFW,"Victory","Victory","Lubetsky",2019-01-21,169221,42,false,elitealienzz,2023-04-10T14:39:08Z,"","Lubetsky",0.452,0.445,1,-10.813,1,0.0286,0.086,0.7,0.148,0.0791,104.988,4
spotify:track:0AjoBA8kZDxU9yggK0Ea1h,"particles","particles","Viliam Lane",2021-07-11,150471,0,false,elitealienzz,2023-04-10T14:39:24Z,"phonk","Viliam Lane",0.696,0.657,8,-7.517,1,0.0433,0.00682,0.659,0.167,0.103,92.532,4
spotify:track:3rk2tigCMFtVTj0aOfWOEh,"Bliss","Bliss","calm boy",2021-08-30,168010,11,false,elitealienzz,2023-04-10T14:40:26Z,"drift phonk,witch house","SAVAGE$TATION",0.407,0.434,2,-9.522,1,0.0417,0.146,0.902,0.0886,0.0559,120.524,4
spotify:track:0wgsXfC7ePlYPAQWDMFLlD,"BORN TO DIE","BORN TO DIE","XVGNS",2022-10-07,114285,24,false,elitealienzz,2023-04-10T14:40:36Z,"","XVGNS",0.732,0.523,1,-9.54,1,0.0752,0.3,0.283,0.0928,0.234,109.999,4
spotify:track:3YjwQVrC2sqKIzSaW1wwd1,"Just Another Late Night on the Moon - Dante Rose Remix","Just Another Late Night on the Moon (Dante Rose Remix)","RUNE;Dante Rose",2022-07-09,232615,0,false,elitealienzz,2023-04-10T14:40:52Z,"drum and bass","WHOISRUNE",0.624,0.897,4,-5.35,0,0.0374,0.005,0.00986,0.185,0.109,129.965,4
spotify:track:6O4qSGuz8INcSO6A4Z5M6a,"Devils - Veins Slowed Remix","Devils (Veins Slowed Remix)","Tokyo Tears",2022-06-06,250477,0,false,elitealienzz,2023-04-10T14:42:15Z,"witch house,drift phonk","Tokyo Tears",0.592,0.738,0,-5.469,0,0.0342,0.00839,0.00703,0.0968,0.125,124.996,4
spotify:track:3F5lRTgvu4W5mqw6ccXxc8,"ASCETIC","ASCETIC","DEADWINTER",2020-09-18,264000,14,false,elitealienzz,2023-04-18T19:11:15Z,"dark ambient,witch house","deadwinter",0.537,0.744,3,-8.92,1,0.0491,0.0526,0.661,0.248,0.372,119.889,3
spotify:track:3hi1CPnzRffGrjMna1SEcC,"Chaos","Chaos","Sibewest",2022-04-14,264644,29,false,elitealienzz,2023-04-18T19:11:49Z,"witch house,drift phonk,chillstep","Sibewest",0.539,0.732,1,-7.212,1,0.0741,0.232,0.0325,0.167,0.175,139.943,4
spotify:track:79EJ9SLbwdmFgJbfUKQHf0,"Nostalgia","Nostalgia","takko",2022-02-11,154418,30,true,elitealienzz,2023-04-18T19:11:58Z,"drift phonk,phonk","takko",0.738,0.396,10,-12.409,0,0.0446,0.659,0.525,0.11,0.151,129.017,4
spotify:track:0KNsqhdD4AcWotl9KacRvc,"Искренности - Farsh Version","Лучшее","prvrln;Badda Boo",2021-12-02,350567,22,false,elitealienzz,2023-04-18T19:12:11Z,"","CDLand music",0.512,0.879,11,-7.933,0,0.074,0.0058,0.131,0.345,0.408,179.972,4
spotify:track:3AALCel3qX2dxhsVsMsEHj,"Amend","Amend","KA$$IU$;Murda of Cal",2022-01-30,106949,0,true,elitealienzz,2023-04-18T19:12:31Z,"","3571612 Records DK2",0.422,0.529,0,-11.345,1,0.371,0.464,0.00000158,0.469,0.228,180.225,4
spotify:track:24z6dWo5I8RMk3Fa5nzAPq,"Unfaire Welt","Unfaire Welt","Sitte",2023-03-05,192144,32,false,elitealienzz,2023-04-18T19:12:58Z,"tekno","Unknown Rcds",0.644,0.824,6,-4.81,0,0.0579,0.103,0.631,0.0926,0.638,170.043,1
spotify:track:0FzWIpwXNQ6fGaEpjv6iEM,"If You Love Me","If You Love Me","Sitte",2023-03-05,288040,38,false,elitealienzz,2023-04-18T19:13:46Z,"tekno","Unknown Rcds",0.61,0.784,10,-5.861,0,0.204,0.166,0.422,0.111,0.368,169.965,4
spotify:track:7nwYIxNo4VpLrLeRPXzQMT,"Wave","Golden Boy","ndls404",2020-03-05,124808,32,false,elitealienzz,2023-04-18T19:14:57Z,"drift phonk","Hoboshrine",0.568,0.844,0,-5.599,0,0.033,0.000173,0.774,0.123,0.0383,140.021,4
spotify:track:008oPvzPKsMBnf2pcFJ8zx,"wreckage","summoner","cat soup",2023-04-07,81300,8,false,elitealienzz,2023-04-18T19:16:35Z,"cloud rap,emo rap","cat soup",0.214,0.104,10,-25.771,0,0.0338,0.986,0.922,0.146,0.0389,101.372,4
spotify:local:::mrd+like+that:291,"mrd like that","","",,291000,0,false,elitealienzz,2023-04-19T15:09:37Z,"","undefined",,,,,,,,,,,,
spotify:track:5rUTpVELpMevASpVJbqTTC,"Elite","Elite","Mqx;ANIZYZ",2022-12-12,175834,27,false,elitealienzz,2023-04-22T18:04:17Z,"hardstyle","Sickkunt Sounds",0.438,0.92,6,-3.123,0,0.0548,0.00114,0.00149,0.19,0.334,140.035,4
spotify:track:5EJQFinyRAOOfoyRwPUNZA,"Fever","Fever","Mqx;TR3NVHN",2022-10-30,130906,0,false,elitealienzz,2023-04-22T18:05:04Z,"hardstyle","Sickkunt Sounds",0.551,0.699,11,-7.331,0,0.115,0.0286,0.000459,0.167,0.298,166.053,4
spotify:track:1PAbIno8l0If6BoG3WXajn,"Phoenix - Sped Up Edit","Phoenix","Mqx",2023-01-25,132401,0,false,elitealienzz,2023-04-22T18:06:57Z,"hardstyle","Sickkunt Sounds",0.21,0.778,5,-4.123,0,0.0621,0.0354,0.00028,0.214,0.181,150.899,4
spotify:track:0Hc56sfEnLcaVF4bEP570t,"173","173","Akucum",2023-02-10,163645,0,false,elitealienzz,2023-04-22T19:50:24Z,"hardstyle,tekno,frenchcore","9ix Music",0.735,0.858,1,-10.145,0,0.0919,0.14,0.728,0.116,0.495,140.82,4
spotify:track:21LoahOMhxwIRL9wf9JRLz,"Bubblegum Bitch (haunted edit)","Bubblegum Bitch (haunted edit)","Nguyen",2022-10-14,155480,0,false,elitealienzz,2023-04-22T19:50:45Z,"frenchcore,tekno","4462875 Records DK",0.646,0.942,11,-1.439,1,0.0371,0.0144,0.000174,0.536,0.339,95.03,4
spotify:track:7DyA9RerwK3TYkZGZDCLTe,"controlla","controlla","Akucum",2022-09-24,135129,0,false,elitealienzz,2023-04-22T19:51:00Z,"hardstyle,tekno,frenchcore","9ix Music",0.516,0.92,9,-3.951,1,0.361,0.0164,0.0222,0.149,0.251,161.318,4
spotify:track:6Vg8yVnhpss0YretdOsweS,"If You Want Me","If You Want Me","Yotora;Yunyakosva",2022-10-12,224035,0,false,elitealienzz,2023-04-22T19:51:36Z,"","Yotora",0.43,0.765,8,-7.303,1,0.0466,0.0187,0.0773,0.0715,0.129,165.082,4
spotify:track:6uy86SShhkyIKxjH2RzC79,"Sky High","Sky High","DOVERSTREET",2021-07-30,191337,33,false,elitealienzz,2023-04-27T14:57:12Z,"g-house","Doverstreet",0.702,0.494,1,-9.864,1,0.29,0.688,0.415,0.321,0.521,121.984,4
spotify:track:4jbY3H8PREyK5MSGwPRugx,"Ghostinthewaves //","Always","Jessaudrey",2016-05-27,160000,25,false,elitealienzz,2023-04-27T14:57:25Z,"witch house","Jessaudrey",0.535,0.346,3,-16.755,1,0.0604,0.648,0.868,0.108,0.197,143.968,4
spotify:track:4FCCUs4ZwedMuatVMOFOmn,"Edge Of Eternity","Hyperspace","Alex Bilancini",2021-10-01,354930,22,false,elitealienzz,2023-04-27T14:57:34Z,"hard techno,techno,acid techno","Etruria Beat",0.646,0.974,0,-6.742,0,0.047,0.00272,0.885,0.11,0.0392,141.996,4
spotify:track:0kB4MVtZFlEzmExXLEnTFH,"Do You Love Me?","Do You Love Me?","「 error 」",2020-10-31,193812,33,false,elitealienzz,2023-04-27T14:58:35Z,"witch house","errxrmusic",0.646,0.387,8,-9.205,1,0.031,0.0225,0.672,0.0869,0.122,99.986,4
spotify:track:2wRsc6kyXwfVdmhizcemK1,"E X I S T","E X I S T","Jessaudrey",2017-02-11,222608,30,false,elitealienzz,2023-04-27T14:59:29Z,"witch house","Jessaudrey",0.414,0.367,4,-18.619,0,0.0815,0.411,0.94,0.143,0.248,137.959,4
spotify:track:6IdV1lUXLBbw1edcLvfrc9,"Spell Fire","Spell Fire","Jessaudrey;Svperior Dwells",2020-04-10,247381,0,false,elitealienzz,2023-04-27T14:59:34Z,"witch house","secret souls",0.791,0.672,8,-10.641,1,0.0315,0.44,0.875,0.155,0.4,132.01,4
spotify:track:0GAFLVKGrzPFaGGond56Uo,"Zero Isolation //","Zero Isolation //","Jessaudrey;Svperior Dwells",2018-11-02,163204,20,false,elitealienzz,2023-04-27T14:59:44Z,"witch house","Jessaudrey",0.656,0.506,9,-11.231,0,0.0569,0.214,0.699,0.0649,0.226,150.075,4
spotify:track:2NHarfErTfL8K5UxwpUUhr,"~Take Me Away","~Take Me Away","Jessaudrey",2015-10-04,178311,22,false,elitealienzz,2023-04-27T15:00:36Z,"witch house","Jessaudrey",0.609,0.556,7,-12.087,1,0.169,0.338,0.929,0.0979,0.134,139.995,4
spotify:track:2AfJ0wftQaZVVzTCJgQWkh,"are you falling in love?","are you falling in love?","Akucum",2022-10-31,259760,0,false,elitealienzz,2023-05-05T19:15:08Z,"hardstyle,tekno,frenchcore","9ix Music",0.641,0.528,1,-12.248,0,0.34,0.0577,0.672,0.345,0.677,109.916,4
spotify:track:0qPbx9TwgIpnBQfB6R6bpK,"Gentrify","Gentrify","Da Vosk Docta",2017-06-09,174231,0,false,elitealienzz,2023-05-08T20:02:58Z,"witch house","Repost Network",0.569,0.45,0,-9.45,1,0.0444,0.194,0.307,0.118,0.0778,135.05,4
spotify:track:7xmjUMlbduK7u7DWBtS3wo,"Влюбленный в летние ночи","Влюбленный в летние ночи","Dan Korshunov",2020-04-23,123087,3,false,elitealienzz,2023-05-16T18:59:24Z,"","Rhymes Music Inc.",0.642,0.85,11,-9.102,1,0.0469,0.282,0.842,0.32,0.229,159.993,4
spotify:track:31AX6hYfTye6zLA6NqhNvN,"Say You Love Me (with Kyræhle)","Say You Love Me (with Kyræhle)","Trapcøde;Kyræhle",2017-12-04,138763,22,false,elitealienzz,2023-05-16T19:46:10Z,"","Trapcøde",0.523,0.348,1,-15.16,0,0.0272,0.395,0.961,0.0963,0.0475,90.018,4
spotify:track:5GZkzZedW20hb56jMkxurG,"ОДИНОЧЕСТВО","ОДИНОЧЕСТВО","SAOTOMAMORE",2022-10-01,160052,0,false,elitealienzz,2023-05-16T19:46:20Z,"drift phonk,phonk","SAOTOMAMORE",0.623,0.833,9,-10.357,1,0.0256,0.109,0.865,0.136,0.549,108.025,4
spotify:track:3AwfCcl1WaNVw61vxQNazR,"Thelema","Thelema","Roni Dexter",2010-02-07,248244,0,false,elitealienzz,2023-05-16T19:46:39Z,"","Rizota Records",0.723,0.403,6,-17.857,0,0.0431,0.708,0.924,0.0631,0.245,113.748,4
spotify:track:5ODLoKakkuNnFBlLKUHo2H,"Solitude (Slowed)","Solitude (Slowed)","Wrld2Luis",2022-09-08,304560,0,false,elitealienzz,2023-06-15T10:32:34Z,"","Luis Alg",0.174,0.153,7,-16.521,0,0.0309,0.776,0.805,0.117,0.0354,146.321,3
spotify:track:1odExI7RdWc4BT515LTAwj,"Daylight","Daylight","David Kushner",2023-04-14,212953,14,false,elitealienzz,2023-06-28T14:16:21Z,"","Miserable Music Group, LLC",0.508,0.43,2,-9.475,0,0.0335,0.83,0.000441,0.093,0.324,130.09,4
spotify:track:1rAV4BAZd717govCcOHMIi,"lost","lost","iwilldiehere",2019-04-14,148633,21,false,elitealienzz,2023-07-08T13:30:06Z,"witch house","WWWX",0.329,0.333,3,-12.581,0,0.115,0.45,0.866,0.0569,0.184,149.997,4
spotify:track:0jrtuaOgtbwBDH3r6UQbSc,"FUKUROU","FUKUROU","CASH GROWE",2021-09-17,162461,4,false,elitealienzz,2023-07-08T13:32:34Z,"phonk,drift phonk","SAVAGE$TATION",0.396,0.703,5,-5.013,0,0.0899,0.0957,0.00386,0.167,0.251,85.614,4
spotify:track:3Z5uvvCLCInMkD24qo0D30,"nas ne dogonyat","Deathway","Silecut",2021-12-25,192065,40,false,elitealienzz,2023-07-08T13:32:54Z,"dark ambient","ILLUSIONE",0.483,0.884,1,-5.967,0,0.0293,0.0517,0,0.176,0.132,142.983,4
spotify:track:4YKEdnNUbKnQm7Zm5Yqwa8,"low key","low key","MUPP",2023-03-10,90000,25,false,elitealienzz,2023-07-08T13:34:52Z,"phonk,drift phonk","MUPP",0.626,0.14,9,-18.644,1,0.0393,0.674,0.906,0.11,0.206,127.826,4
spotify:track:1CqtMZiomcdEzwJxEBL5kn,"Oh Heart - Sped Up","Oh Heart (Sped Up)","KQEJO;37R",2022-11-04,164471,0,true,elitealienzz,2023-07-08T13:35:08Z,"phonk,drift phonk","Sad Nation Music",0.637,0.718,7,-6.774,1,0.169,0.00155,0.377,0.303,0.217,136.308,4
spotify:track:7fV0LUBHYHEHJveYAvyZWR,"LVLY","LVLY","TTM",2022-11-19,130716,0,false,elitealienzz,2023-07-08T13:35:17Z,"phonk,drift phonk","4546481 Records DK",0.51,0.221,6,-18.219,0,0.0919,0.193,0.588,0.113,0.144,89.946,4
spotify:track:6Z548vw4OQPVDnkSpmFzOI,"КОГДА МНЕ ГРУСТНО","КОГДА МНЕ ГРУСТНО","COMMUNIST91",2023-01-01,158044,25,false,elitealienzz,2023-07-08T13:38:40Z,"witch house","СССР",0.49,0.823,6,-2.457,0,0.047,0.00013,0.0000577,0.181,0.0924,125.057,4
spotify:track:29Bnto8xdmaMlPoXw49Zry,"anbu","anbu","iwilldiehere;akiaura",2020-11-26,165321,46,true,elitealienzz,2023-07-18T17:19:56Z,"witch house,phonk,electroclash","WWWX",0.409,0.564,8,-9.933,1,0.048,0.0869,0.125,0.142,0.0389,99.985,4
spotify:track:0WddQQ3YSmKKHyMyjYdTZe,"anbu slowed","anbu slowed","iwilldiehere;akiaura",2021-08-02,187812,31,false,elitealienzz,2023-07-18T17:20:29Z,"witch house,phonk,electroclash","WWWX",0.364,0.524,10,-10.807,0,0.0604,0.158,0.258,0.123,0.0924,87.467,4
spotify:track:6RK3IsiUW6YaSMEodbO4tk,"Solitude - Felsmann + Tiley Reinterpretation","Solitude (Felsmann + Tiley Reinterpretation)","M83;Felsmann + Tiley",2020-05-14,222354,70,false,elitealienzz,2023-07-25T14:27:43Z,"","naïve",0.367,0.202,0,-11.342,1,0.0313,0.668,0.145,0.109,0.0362,121.865,4
spotify:track:54KFQB6N4pn926IUUYZGzK,"To Build A Home","Ma Fleur","The Cinematic Orchestra;Patrick Watson",2007-05-07,371320,74,false,elitealienzz,2023-08-13T23:33:13Z,"nu jazz,downtempo","Ninja Tune",0.264,0.122,9,-15.399,1,0.0349,0.885,0.349,0.094,0.0735,148.658,4
spotify:track:5dsz7MTrNdN9aMTrnp7sOG,"CRUDELIA - I nervi","Persona","Marracash",2020-03-27,230922,59,true,elitealienzz,2023-08-14T10:19:41Z,"concerto,italian trap","Universal Music Italia srL.",0.547,0.554,7,-7.563,1,0.102,0.149,0,0.344,0.0702,82.178,3
spotify:track:5aRSiF0Mgmy2RfAClFVtFq,"I CAN BE TRUE","I CAN BE TRUE","ETERNVL SVDNESS;SVDNESSMANE",2022-08-05,143007,4,false,elitealienzz,2023-08-20T17:57:32Z,"drift phonk,phonk,witch house","SAVAGE$TATION",0.561,0.84,0,-7.413,0,0.0733,0.0659,0.448,0.232,0.191,170,4
spotify:track:75r6Ci06edR9DeIn0ThQ6l,"Waste","Waste","HARDX",2022-11-15,184986,0,true,elitealienzz,2023-08-27T20:19:42Z,"phonk","HARDX",0.588,0.405,10,-11.211,0,0.0402,0.612,0.329,0.101,0.0381,140.004,4
spotify:track:0DKJzsyF3XJao3Dsmj4JAH,"young kid.","young kid.","Pxlish Beatz",2022-11-17,144294,0,false,elitealienzz,2023-09-03T16:24:19Z,"hardstyle,phonk","Too Lost",0.787,0.467,1,-8.19,0,0.418,0.313,0.00662,0.157,0.283,162.949,4
spotify:track:1HSgNUIhKOUzV9uFeS4965,"VIBE","DIGITAL MADNESS","Rooky030;Gilo",2023-06-30,153305,34,true,elitealienzz,2023-09-12T22:00:56Z,"","Rooky030",0.595,0.783,10,-7.753,0,0.0473,0.0239,0.438,0.136,0.515,75.985,4
spotify:track:4T886yAxTOGQTaJZLq5lx1,"DIRTY PURPLE GAS","DIRTY PURPLE GAS","Rooky030",2023-08-11,95238,15,true,elitealienzz,2023-09-12T22:01:07Z,"","Rooky030",0.665,0.827,7,-8.381,1,0.0342,0.00442,0.427,0.497,0.283,126.007,4
spotify:track:3ZwGK76YTF2WrrFtS4KAQP,"Хотелось бросить","Хотелось бросить","Амура",2022-11-25,133411,49,false,elitealienzz,2023-09-24T10:37:17Z,"","Legacy Music",0.507,0.521,9,-8.851,0,0.0883,0.273,0.00835,0.181,0.181,170.364,4
spotify:track:7fG4a7Z5IdQsr3KSVtFlS9,"Deep Cuts","STURM","MXP;Burgos",2023-07-07,171789,22,true,elitealienzz,2023-09-24T14:29:04Z,"horrorcore,emo rap","TBB/Schande!",0.306,0.709,2,-8.579,1,0.0639,0.0018,0.000502,0.111,0.327,81.22,1
spotify:track:4lMo4a6nCdac646nf7A50P,"Lose Your Mind","Paradise","FILV",2021-02-26,120562,13,false,elitealienzz,2023-09-24T14:29:36Z,"","YENİ DÜNYA MÜZİK",0.614,0.812,8,-5.234,1,0.217,0.316,0.0000166,0.428,0.519,116.296,4
spotify:track:4NgherJDfCXWBZBYheM4jK,"WASTE","DISORDER","KXLLSWXTCH",2021-10-29,120428,71,false,elitealienzz,2023-10-01T12:31:21Z,"trap metal","KILL! / EMPIRE",0.627,0.123,7,-14.411,1,0.0316,0.859,0.00105,0.149,0.11,131.883,4
spotify:track:6ljrmmDRe2CLNgRrjH6vIp,"Sleep","Sleepy eyes","FxtureDdreams",2023-04-08,99307,0,true,elitealienzz,2023-10-09T11:00:42Z,"","FxtureDdreams",0.537,0.384,11,-10.314,0,0.147,0.0272,0.609,0.628,0.433,120.996,4
spotify:track:6mMFpcU8qwhiwk4LqSwPR7,"runaway.","runaway.","crier",2023-04-07,120029,0,false,elitealienzz,2023-10-09T11:01:48Z,"phonk","Lost & Anxious",0.765,0.579,9,-6.848,1,0.137,0.162,0.3,0.214,0.356,127.94,4
spotify:track:2sH6MLPpkI3MIubc4c5I2q,"I'm Yours (Sxturn Remix)","I'm Yours (Sxturn Remix)","SXTURN",2023-05-15,206000,0,false,elitealienzz,2023-10-09T11:02:43Z,"drift phonk","sxturn",0.754,0.37,1,-10.9,1,0.411,0.374,0.0541,0.332,0.239,130.898,4
spotify:track:3I80z5nm2yhDApF3fvBEsk,"Твои глаза","Твои глаза","depressant",2023-05-08,169043,8,false,elitealienzz,2023-10-09T11:07:24Z,"","SAVAGE$TATION",0.873,0.265,7,-13.27,1,0.156,0.144,0.877,0.11,0.0996,114.982,4
spotify:track:2ekzu1A4l8NmU4WEO6M7o2,"Drill Ru 5","Shinra Tensei","tsb;opt;VELIAL SQUAD;Meep",2023-05-12,190885,32,true,elitealienzz,2023-10-18T15:17:45Z,"drill,sexy drill,horrorcore,trap metal","Thugstage Music",0.558,0.84,3,-5.464,0,0.416,0.0699,0.00114,0.449,0.463,143.912,4
spotify:track:5wQyLDy36ihxX69E7JBi4L,"Meet you at the Graveyard","Clean Sheets, Dirty Walls","Cleffy",2023-10-06,172137,0,true,elitealienzz,2023-10-22T14:43:16Z,"","Wyclef",0.608,0.387,8,-12.448,1,0.0386,0.623,0.000271,0.0978,0.126,144.984,4
spotify:track:4vjZMm2Dz7sxgLfNWpiwTG,"MY DAY IS RUINED !","MY DAY IS RUINED !","Night Lovell",2023-10-13,133286,27,true,elitealienzz,2023-10-29T13:26:50Z,"emo rap,horrorcore,trap metal","G59 Records",0.713,0.714,2,-7.051,1,0.0514,0.0308,0.579,0.198,0.61,76.001,4
spotify:track:0TlNZ22qj2NSaghL7AQm8i,"EYE SPY","MY DAY IS RUINED !","Night Lovell",2023-10-13,146635,18,true,elitealienzz,2023-10-29T13:26:50Z,"emo rap,horrorcore,trap metal","G59 Records",0.876,0.655,8,-7.321,1,0.187,0.0495,0.00462,0.103,0.475,133.051,4
spotify:track:11YhZcvrY77LVbzkcqTNNa,"SAVE ME - LXRY REMIX","SAVE ME (LXRY REMIX)","916Koneko;LXRY",2023-02-26,135211,17,true,elitealienzz,2023-11-14T10:18:20Z,"new york drill","$aber gang!",0.664,0.667,9,-9.436,0,0.0622,0.016,0.336,0.141,0.308,142.018,4
spotify:track:51IlI8XLa3kmfRub5GJTxa,"#TokyoGxng","#TokyoGxng","KR:ONE;Grioten",2023-05-26,115753,0,true,elitealienzz,2023-11-14T10:20:36Z,"phonk,drift phonk","KRONEGANG",0.682,0.674,11,-8.181,0,0.215,0.089,0.376,0.148,0.487,121.918,4
spotify:track:1N8TTK1Uoy7UvQNUazfUt5,"SPIT IN MY FACE!","SPIT IN MY FACE!","ThxSoMch",2022-12-20,147874,79,true,elitealienzz,2023-11-22T14:32:00Z,"","Elektra (NEK)",0.73,0.785,8,-6.512,1,0.0554,0.0464,0.0216,0.111,0.649,94.094,4
spotify:track:2K70ZV0Ls65Kkj0WUEfHlz,"Kerosene","(III)","Crystal Castles",2012-01-01,192000,70,false,elitealienzz,2023-11-22T15:22:15Z,"witch house,electroclash,new rave,alternative dance","[PIAS] Recordings Catalogue",0.52,0.532,8,-9.752,1,0.0822,0.0869,0,0.135,0.0793,118.004,4
spotify:track:4O1UcKLwZ92kxNTn3u0voN,"Mine","Mine","1nonly",2022-07-22,154893,61,true,elitealienzz,2023-11-27T14:31:39Z,"","NSF Productions LLC",0.817,0.859,10,-6.061,0,0.0974,0.209,0.00000225,0.0975,0.678,130.964,4
spotify:track:35Dw9RDIIm0a7fBr3MhNyS,"five_percent","five_percent","trees;KruddTheGuru",2023-06-09,213333,25,true,elitealienzz,2023-11-27T14:31:58Z,"","project.240p",0.771,0.354,10,-12.2,0,0.0576,0.036,0.036,0.0821,0.0756,107.978,4
spotify:track:7FaBX0ZJPLq4pt97pEYHnw,"love me like i love em","you asked, i supplied","hahapoison",1999-12-31,166452,0,true,elitealienzz,2023-11-27T14:32:29Z,"","<333",0.587,0.391,10,-11.337,0,0.038,0.881,0.00446,0.0981,0.0874,119.921,4
spotify:track:0oO9Xov8sB4JBwvsCA12LX,"Waste","Waste","stzy",2023-03-19,174564,34,false,elitealienzz,2023-12-12T11:12:19Z,"","4840511 Records DK2",0.679,0.368,2,-11.547,1,0.0411,0.307,0.753,0.116,0.07,131.985,4
spotify:track:4XJTXV1NIxb2crCPO2nKeK,"Say You're Okay","Say You're Okay","Rakdos;WHYTYLXR;acronym.",2023-10-13,112773,26,false,elitealienzz,2023-12-12T11:28:04Z,"phonk,trap metal,brazilian phonk","Purple Crunch Records",0.732,0.923,8,-6.003,1,0.287,0.00811,0.0000168,0.0777,0.147,129.979,4
spotify:track:6MK4FbbYR71obIQQHMxKXs,"I FEEL ALIVE","PSYCHX","Kordhell;Scarlxrd",2022-10-28,122542,54,true,elitealienzz,2023-12-12T11:28:09Z,"phonk,drift phonk,trap metal,rap metal,horrorcore,emo rap","Kordhell x Scarlxrd",0.613,0.944,10,-0.142,0,0.0428,0.0000827,0.00425,0.325,0.497,118.069,4
spotify:track:7fuGHAXIjGGycKnIPlhG4L,"NXSTY BLOOD","NXSTY BLOOD","Wels",2023-03-17,114105,54,false,elitealienzz,2023-12-12T11:28:13Z,"phonk,drift phonk","Wels",0.784,0.556,9,-9.045,1,0.0883,0.652,0.864,0.139,0.731,74.979,4
spotify:track:32gSPav2xqFylAeCjJCxWi,"Alone","Just Say You Don't Care","Night Lovell",2021-05-07,130000,58,true,elitealienzz,2023-12-12T11:28:21Z,"emo rap,horrorcore,trap metal","G59 Records",0.827,0.599,10,-10.03,1,0.0672,0.0137,0.36,0.116,0.695,143.966,4
spotify:track:1A7qPfbcyRVEdcZiwTFhZI,"Memory Reboot","Memory Reboot","VØJ;Narvent",2023-01-13,209416,69,false,elitealienzz,2023-12-23T10:34:28Z,"phonk,synthwave,drift phonk","VØJ",0.469,0.894,8,-6.341,1,0.0428,0.00024,0.000194,0.125,0.456,81.377,4
spotify:track:6whN5aU7NVsnhpmV67Q7HA,"DarkShadowBlunts","FromBeyondTheGrave","BONES",2020-11-07,128470,8,true,elitealienzz,2023-12-29T15:49:57Z,"cloud rap,emo rap,horrorcore,trap metal,underground hip hop","TeamSESH / EMPIRE",0.681,0.543,11,-8.793,0,0.0422,0.0299,0.0536,0.107,0.216,179.965,4
spotify:track:1qyVeEOruDSZFtbiKIrvnL,"suki","suki","takko",2021-07-05,133124,35,true,elitealienzz,2023-12-29T15:51:36Z,"drift phonk,phonk","takko",0.894,0.782,1,-6.732,1,0.0468,0.199,0.437,0.0967,0.341,127.971,4
spotify:track:48w4IiaeGOym8BfehrtSmY,"In Essence - Remix","In Essence (Remix)","2ND ERA;Ka$tro",2022-12-08,155660,0,false,elitealienzz,2024-01-03T13:14:38Z,"","2ND ERA",0.407,0.828,4,-3.337,0,0.041,0.0152,0.024,0.493,0.0749,101.037,4
spotify:track:4TF6k7AHM5HPF05ddFZl31,"TONIGHT","TONIGHT","iwilldiehere;DVRKLXGHT;LONOWN",2023-06-30,162105,18,false,elitealienzz,2024-01-03T13:15:01Z,"witch house,phonk,drift phonk,electroclash","WWWX",0.696,0.725,1,-7.604,1,0.0994,0.0151,0.00161,0.339,0.267,114.032,4
spotify:track:3TX53IyZvSsjYzZrmHQdI1,"Dark Mercer","Dark Mercer","5l33p",2021-12-22,158419,14,false,elitealienzz,2024-01-03T13:15:43Z,"witch house","SAVAGE$TATION",0.64,0.525,1,-10.215,1,0.169,0.598,0.971,0.154,0.464,154.97,4
spotify:track:0jeYuMh8v2YAuckSjFNh0O,"In Essence We'll Show Them All","In Essence We'll Show Them All","Myongz",2023-01-10,96923,38,false,elitealienzz,2024-01-03T13:16:29Z,"","Myongz",0.454,0.299,4,-14.64,0,0.0342,0.878,0.847,0.0958,0.126,103.989,4
spotify:track:3iRx8KMQs9g8Bx1wrRR7VI,"Voice in My Head","Voice in My Head","Yates XV",2022-02-11,226063,0,true,elitealienzz,2024-01-03T13:17:14Z,"emo rap","Yates XV",0.61,0.452,0,-12.639,1,0.0491,0.0192,0.000304,0.109,0.279,129.957,4
spotify:track:1wRD5LcIceg0kpKYAyqmvo,"So What","So What","Jmattson;Tumaggz",2021-11-05,183000,33,true,elitealienzz,2024-01-03T13:17:49Z,"trap metal,horrorcore","Hellhound Militia",0.841,0.491,4,-12.157,0,0.0626,0.526,0.128,0.111,0.12,100,4
spotify:track:4VnDmjYCZkyeqeb0NIKqdA,"Can You Hear The Music","Oppenheimer (Original Motion Picture Soundtrack)","Ludwig Göransson",2023-07-21,110160,71,false,elitealienzz,2024-01-08T16:04:44Z,"score,soundtrack","Back Lot Music",0.19,0.435,4,-12.456,0,0.0334,0.233,0.938,0.1,0.0643,138.515,4
spotify:track:0bBc862Xbqz4gGFaoYIjHQ,"Eyes Don't Lie","Eyes Don't Lie","TTM;Apovabin;Lowx",2023-08-18,101880,27,true,elitealienzz,2024-01-15T22:50:47Z,"phonk,drift phonk","TTM",0.515,0.695,8,-11.676,1,0.037,0.000307,0.235,0.0537,0.181,125.062,4
spotify:track:64US2YxG7iTeWlefzVbIQi,"Kansei Drifto","Kansei Drifto","Diko5",2021-05-21,114461,23,true,elitealienzz,2024-01-15T22:52:19Z,"","Diko5",0.572,0.697,10,-8.246,1,0.0734,0.26,0.00193,0.125,0.708,175.987,4
spotify:track:6b6FBFaiWFdY3gDciVHqEk,"BARBED WIRE","BARBED WIRE","Ethan Ross;L19U1D;SXULCVTCHER",2023-05-19,120000,31,true,elitealienzz,2024-01-15T22:53:21Z,"phonk,trap metal,drift phonk","Ethan Ross x L19U1D x SXULCVTCHER",0.596,0.961,2,-2.656,1,0.119,0.000155,0.253,0.343,0.576,139.953,4
spotify:track:1lrlMkyXMG2HNNTxROO1nD,"Radiance Eternity","RADIANCE ETERNITY","SHXDWBLNDNSS",2023-03-17,189440,14,false,elitealienzz,2024-01-15T22:53:59Z,"drift phonk,phonk","STRADA",0.292,0.963,3,-1.932,1,0.155,0.00587,0.334,0.142,0.179,125.058,3
spotify:track:1BncfTJAWxrsxyT9culBrj,"Experience","In A Time Lapse","Ludovico Einaudi;Daniel Hope;I Virtuosi Italiani",2013-01-01,315426,78,false,elitealienzz,2024-01-23T09:00:13Z,"neoclassical,classical,contemporary classical","Decca (UMO) (Classics)",0.447,0.449,2,-10.634,1,0.0376,0.934,0.961,0.0697,0.036,92.468,4
spotify:track:58leguITNtMvVHSuNJzERV,"DISTORTION","UNIVERSE OF THE PAST","LXST CXNTURY",2019-09-23,159420,50,true,elitealienzz,2024-01-30T14:57:44Z,"drift phonk,phonk,witch house","WHY Z MUSIC",0.607,0.913,7,-3.304,1,0.0668,0.0000848,0.00554,0.229,0.229,150.031,4
spotify:track:4CoKeklKD6XFEVGAwnHc9q,"God Is Dead","God Is Dead","GRAVECHILL",2021-04-22,205066,41,false,elitealienzz,2024-01-30T14:57:58Z,"phonk,drift phonk","GRAVECHILL",0.57,0.981,10,-3.386,1,0.432,0.0168,0.000165,0.343,0.395,149.878,4
spotify:track:1pMiGgvm1wahuiX8m0Figo,"In My Mind","In My Mind","BLADEFEAR",2022-12-09,113098,26,true,elitealienzz,2024-01-30T14:58:18Z,"drift phonk,phonk,witch house","TENNESSE",0.572,0.703,10,-5.729,0,0.0348,0.153,0.86,0.123,0.134,118.138,4
spotify:track:0Iy57LbZB1uxDCfqZuY9xk,"Again","Again","Lestmor",2023-05-19,147027,47,false,elitealienzz,2024-01-30T16:47:45Z,"phonk,drift phonk","Goost Music",0.634,0.561,5,-8.163,0,0.031,0.00375,0.0185,0.133,0.0958,110.993,4
spotify:track:0u2P5u6lvoDfwTYjAADbn4,"lovely (with Khalid)","lovely (with Khalid)","Billie Eilish;Khalid",2018-04-19,200185,88,false,elitealienzz,2024-02-04T16:16:16Z,"","Darkroom",0.351,0.296,4,-10.109,0,0.0333,0.934,0,0.095,0.12,115.284,4
spotify:track:1fjo9sxy3YkSczKq0V6IFb,"EVERYDAY ANYONE - slowed","Everyday Anyone","NOMINAL",2023-06-12,288758,29,false,elitealienzz,2024-02-06T09:31:25Z,"","Universal Yuukia Digital Rec",0.788,0.265,10,-14.492,0,0.208,0.787,0.927,0.243,0.319,91.997,4
spotify:track:7DbdUf8aHSYoliSjO6LZv6,"Sex, Drugs, Etc.","Chit Chat","Beach Weather",2016-11-04,196784,74,false,elitealienzz,2024-02-21T14:50:11Z,"","8123 / Arista Records",0.572,0.839,4,-5.083,0,0.0377,0.013,0.00976,0.522,0.465,143.969,4
spotify:track:33CeM8NI7tfrNgciVOFMoo,"Summertime Sadness","Born To Die (Deluxe Version)","Lana Del Rey",2012-01-01,264773,59,false,elitealienzz,2024-02-23T11:04:38Z,"","Polydor Records",0.565,0.647,1,-6.789,0,0.0334,0.0456,0,0.121,0.216,111.931,4
spotify:track:7mygW7Axyx3os9Wt8PGi5y,"C4","C4","soap.;YCK",2023-07-07,128201,0,true,elitealienzz,2024-02-23T14:47:47Z,"trap metal,horrorcore","soap.",0.743,0.675,10,-7.013,0,0.0572,0.0886,0.0000124,0.339,0.486,99.974,4
spotify:track:2QiWY6Je2XQITeBnPCqRzf,"Отменяй","Отменяй","REDCHINAWAVE",2022-01-09,130365,1,false,elitealienzz,2024-02-23T14:47:59Z,"witch house","REDCHINAWAVE",0.685,0.647,6,-5.992,0,0.0427,0.342,0.679,0.23,0.163,128.023,4
spotify:track:41NtFoKSJxpkg1aTSjbLR9,"Ножи","IV","Xopowo",2021-03-15,120000,2,false,elitealienzz,2024-02-23T14:48:08Z,"","Streaming Club, under exclusive license to Rhymes Music Inc.",0.848,0.622,0,-10.935,1,0.27,0.656,0.324,0.0959,0.532,117.04,4
spotify:track:4yMiM01w5gEYZUEYwb8y5X,"Солнце","541.4","Xopowo",2022-01-22,140307,4,false,elitealienzz,2024-02-27T00:17:27Z,"","Streaming Club, under exclusive license to Rhymes Music Inc.",0.729,0.534,11,-10,1,0.0574,0.278,0.00136,0.11,0.221,130.123,4
spotify:track:0X4YYZtZcvqNqYIpMd93IT,"i was only temporary","i was only temporary","my head is empty",2023-10-20,98621,72,false,elitealienzz,2024-03-10T10:58:03Z,"dark ambient,ambient","my head is empty",0.332,0.222,7,-30.108,0,0.0394,0.621,0.76,0.109,0.0336,107.067,4
spotify:track:5txWBmYDYOXulUabyQvsU3,"Can't Get You out Of My Head","Can't Get You out Of My Head","Glimmer of Blooms",2014-03-03,200437,59,false,elitealienzz,2024-03-10T17:26:35Z,"","Glimmer of Blooms",0.626,0.41,2,-14.243,0,0.0401,0.327,0.0198,0.0948,0.163,109.047,4
spotify:track:3W7nSMsqYjHQwycp0WOvrt,"i like the way you kiss me - slowed","I Like The Way You Kiss Me","you lost",2024-03-21,149355,0,false,elitealienzz,2024-03-26T11:10:18Z,"","Cover Records",0.76,0.9,10,-5.708,0,0.0504,0.00126,0.465,0.217,0.395,111.983,4
spotify:track:2GxrNKugF82CnoRFbQfzPf,"i like the way you kiss me","i like the way you kiss me","Artemas",2024-03-19,142514,81,false,elitealienzz,2024-03-26T11:42:00Z,"","Artemas",0.599,0.946,11,-4.263,1,0.0447,0.000938,0.0106,0.0826,0.747,151.647,4
spotify:track:4gHnSNHs8RyVukKoWdS99f,"Something In The Way","Nevermind (Remastered)","Nirvana",1991-09-26,232146,73,false,elitealienzz,2024-03-26T14:06:16Z,"grunge,rock","Geffen",0.427,0.201,8,-13.044,1,0.0317,0.745,0.263,0.109,0.0668,105.218,4
spotify:track:2JIzOc3HHo4MhiyZzhpBUV,"Automotivo Bibi Fogosa","Automotivo Bibi Fogosa","Bibi Babydoll;Dj Brunin XM;KZA Produções",2023-11-10,129798,73,false,elitealienzz,2024-03-27T10:37:18Z,"phonk,brazilian phonk","WM Brazil",0.721,0.848,9,-3.371,1,0.0266,0.26,0.00000211,0.097,0.774,135.048,4
spotify:track:5tjmirb3Iq9oryjjAmop1Y,"Tear Me To Pieces","Tear Me To Pieces","purity.",2023-12-13,110504,0,false,elitealienzz,2024-04-03T20:36:25Z,"","4848319 Records DK",0.243,0.283,1,-16.425,0,0.0394,0.246,0.854,0.157,0.084,129.944,4
spotify:track:7CB6t8Q31cm529QK4XSGVj,"Sadness","Sadness","SpaceX",2023-03-18,212855,32,false,elitealienzz,2024-04-03T20:37:06Z,"","YOURTUNES",0.793,0.566,2,-11.283,0,0.447,0.913,0.022,0.0786,0.32,133.064,4
spotify:track:5SNtWvwAeDR5ChWg6CiSUL,"MY EYE$","MY EYE$","xaoc;serpent",2023-09-06,130389,0,false,elitealienzz,2024-04-05T14:53:31Z,"","Calientalo Media",0.534,0.853,11,-3.893,0,0.0646,0.197,0,0.0802,0.286,134.079,4
spotify:track:0WFryfbNKPXVtVQlz5dZ8H,"hotline (edit)","hotline (edit)","Billie Eilish",2023-05-09,60719,74,false,elitealienzz,2024-04-07T15:16:56Z,"","Darkroom/Interscope Records",0.516,0.254,9,-16.027,0,0.0589,0.816,0.855,0.189,0.304,56.829,4
spotify:track:0wd3OKU2d2KW7QxAjCpkye,"Echo Sax End","Echo Sax End","Caleb Arredondo",2024-03-15,77205,0,false,elitealienzz,2024-04-07T16:29:03Z,"","College Music Records",0.43,0.133,5,-15.88,0,0.0465,0.979,0.93,0.119,0.569,55.77,3
spotify:track:6yt46G7lWn0oC2FEZZDsi6,"Psycho Dreams (Sped Up)","Psycho Dreams (Sped Up)","Kill Eva;ENCASSATOR",2023-03-17,123333,66,false,elitealienzz,2024-04-12T11:16:33Z,"","TG0020",0.294,0.603,5,-5.711,0,0.0448,0.000764,0.93,0.649,0.137,158.022,4
spotify:track:0QTjsOyGrbM1dwxIoV8Zm3,"Kerosene - Slowed + Bass Boosted","Kerosene (Slowed + Bass Boosted)","deprezz",2023-05-13,142198,0,false,elitealienzz,2024-04-14T09:37:52Z,"phonk","deprezz",0.774,0.545,10,-7.903,0,0.187,0.0385,0.834,0.3,0.572,76.021,4
spotify:track:01A9Xt0XyeYIzC9K7MSvua,"ICEWHORE! - slowed","ICEWHORE!","Lumi Athena",2023-05-22,123062,60,false,elitealienzz,2024-04-17T13:00:22Z,"hyperpop,jersey club,nightcore","25/7 Records LLC.",0.56,0.975,11,-2.851,1,0.044,0.0559,0,0.371,0.794,142.55,4
spotify:track:2eUMFzZrgY4XsRttplb3ME,"Sonne","ETERNITY","SKXLXNX",2023-06-30,178285,16,true,elitealienzz,2024-04-17T13:00:44Z,"drift phonk","SKXLXNX",0.582,0.581,2,-11.293,1,0.0593,0.211,0.888,0.11,0.105,140.16,4
spotify:track:6uChuq9oRshf600LEOtVpv,"Anakin Skywalker & Blessed Mane","Anakin Skywalker & Blessed Mane","conflate",2023-10-15,168598,0,false,elitealienzz,2024-04-17T13:08:50Z,"","conflate",0.508,0.68,10,-5.957,0,0.163,0.0132,0.00124,0.391,0.365,80.133,5
spotify:track:0c0v0HcLycPxBtd3V72fXF,"After Dark x Sweater Weather (slowed to perfection) - TikTok Remix","After Dark x Sweater Weather (TikTok Remix) - Cause It's Too Cold, As The Hours Pass","TommyMuzzic;ZeddMusique",2023-01-01,353684,0,false,elitealienzz,2024-04-17T14:17:42Z,"nightcore","TommyMuzzic",0.526,0.513,10,-10.69,0,0.0343,0.0156,0.503,0.112,0.0355,113.984,4
spotify:track:0A5Z02uM5JoFh8IxRUjyCX,"Dentro la mia testa","Umile (Deluxe)","Tony Boy",2023-10-20,161454,63,true,elitealienzz,2024-04-25T12:53:19Z,"italian trap,concerto","Warner Music",0.784,0.524,7,-9.36,1,0.107,0.0953,0,0.124,0.16,110.058,4
spotify:track:3u6SokXGIh1piR2mWJ93by,"Give It To Me - Techno TikTok Remix","Give It To Me (Techno TikTok Remix)","Aiden Music",2023-01-02,218333,0,false,elitealienzz,2024-04-29T14:05:30Z,"hypertechno,afro house,techno,tekno","Viral Tunes",0.886,0.561,10,-10.95,0,0.314,0.0808,0.000294,0.0749,0.347,131.966,4
spotify:track:0L77MMpWzo3EZEujAZV4Zj,"Ексхейл сайд а","Неискусственный интеллект","6MASKMODE",2021-12-12,158563,31,false,elitealienzz,2024-05-06T21:10:00Z,"","6MASKMODE",0.613,0.534,7,-13.812,1,0.243,0.0682,0.355,0.128,0.388,160.086,4
spotify:track:2qmqFMimm7Uu1hbLsTvuDr,"Anakin Skywalker & Culture","Anakin Skywalker & Culture","conflate",2023-10-07,127870,0,false,elitealienzz,2024-05-11T09:07:50Z,"","conflate",0.415,0.786,6,-7.273,1,0.355,0.0164,0.00000471,0.379,0.39,122.637,4
spotify:track:5mwtAMNiE9hO8r1lf9RyyC,"Technike - Ultra Slowed","Technike (Versions)","Vashone",2024-03-01,194060,56,false,elitealienzz,2024-05-14T10:26:08Z,"","Vashone",0.727,0.664,1,-10.576,1,0.351,0.538,0.83,0.1,0.35,198.071,4
spotify:track:78cV3zFoDaPI955TKCUZOD,"Отменяй","Отменяй","N1GHTM4R3_C0R3",2023-09-15,242139,0,true,elitealienzz,2024-05-14T10:26:35Z,"","REDCHINAWAVE",0.645,0.467,7,-14.013,0,0.0411,0.0956,0.355,0.202,0.413,153.579,4
spotify:track:3Q5wVJo3E4pXzE5jWq52GJ,"Not Enough Of You","Not Enough Of You","nightblure",2022-03-25,161137,31,false,elitealienzz,2024-05-14T10:28:08Z,"dark ambient,witch house,chillstep","2164912 Records DK",0.524,0.699,8,-6.972,1,0.291,0.0188,0.00163,0.103,0.381,145.9,4
spotify:track:0psGmh0g9uBn7GFr8So8WN,"UR FINAL MESSAGE","UR FINAL MESSAGE","EzdriaL",2024-04-17,264698,0,false,elitealienzz,2024-05-14T11:05:28Z,"","LeoXssz",0.659,0.647,10,-7.112,0,0.253,0.174,0.886,0.128,0.0697,100.786,4
spotify:track:2HLHCr059gpA2S3itN82ro,"Anakin is gone","Anakin is gone","universe",2023-12-08,115963,39,false,elitealienzz,2024-05-17T15:00:42Z,"","universe",0.354,0.105,11,-18.19,1,0.0554,0.944,0.123,0.109,0.0958,75.901,3
spotify:track:4pTkDIlpFNoeWbahu8pVXW,"Shootout","Shootout","Izzamuzzic;Julien Marchal",2022-06-30,295308,65,false,elitealienzz,2024-05-20T15:09:59Z,"","Izzamuzzic / Kurate Music",0.663,0.578,2,-9.079,1,0.0687,0.312,0.906,0.109,0.553,86.986,4
spotify:track:5kJPACzKlQy2Re02dOHvxj,"Kiss Me","Kiss Me","corsa sora",2023-12-29,165619,0,false,elitealienzz,2024-05-22T13:39:59Z,"","corsa sora",0.323,0.573,10,-8.756,0,0.0668,0.0784,0.000416,0.508,0.062,90.516,4
spotify:track:6ImwAHzIbviIJedIli9haM,"агония - speed up","агония (speed up)","ailie",2023-10-04,118413,20,false,elitealienzz,2024-05-22T13:40:21Z,"","rabstvo",0.251,0.471,6,-8.126,0,0.0286,0.262,0.504,0.129,0.119,144.68,4
spotify:track:7fH98xLz2R3Te01T2TLPAD,"AJONE (prod. by DeMason)","Human Race","Nalim",2021-11-19,119008,41,true,elitealienzz,2024-05-22T13:40:37Z,"","VAUVISION",0.679,0.82,9,-4.185,1,0.221,0.418,0.000039,0.477,0.646,120.976,4
spotify:track:5SJNlvJ1FfrrXTmBYY9Zho,"Cold (slowed + reverb)","Cold (versions)","Courten",2024-02-25,98045,38,false,elitealienzz,2024-05-31T12:28:15Z,"","Courten",0.537,0.318,1,-19.23,0,0.0501,0.429,0.941,0.119,0.334,103.052,4
spotify:track:0oEmaH8hyBiFODKfHBR8Ec,"I'm God","I'm God","angeltear333",2024-02-20,104307,24,false,elitealienzz,2024-06-25T20:55:22Z,"witch house,electroclash","5401852 Records DK",0.529,0.896,7,-9.125,1,0.064,0.459,0.96,0.373,0.655,130.05,4
spotify:track:53u0LMohnc8N4x5w25e1ow,"Identity","Identity","Rindes",2023-08-16,367568,0,false,elitealienzz,2024-06-25T20:55:28Z,"","Indiefy",0.481,0.345,0,-13.913,1,0.058,0.521,0.000132,0.172,0.294,89.891,4
spotify:track:5GnTiKuqBvz7PapKEjrP8h,"Babydoll x The Perfect Girl - Nightcore","Babydoll x The Perfect Girl - Nightcore","neko;Tazzy",2022-11-25,113228,23,false,elitealienzz,2024-06-25T20:56:51Z,"nightcore,hypertechno,hardstyle","Afterpeak Music Group",0.561,0.535,6,-9.226,1,0.0787,0.431,0.714,0.272,0.667,144.078,4
spotify:track:7aTx7aAI3vwpdpMGUe4SSw,"PROTECTION CHARM - FAST & HARD VERSION","PROTECTION CHARM (FAST & HARD VERSION)","Miguel Angeles",2023-10-09,140667,51,false,elitealienzz,2024-06-25T20:57:10Z,"phonk","broke",0.661,0.884,9,-3.191,1,0.324,0.135,0.00481,0.158,0.557,163.771,4
spotify:track:0eJuasMciXPA2wyidcEOoa,"Ghost","Ghost","Rooky030",2024-06-21,114437,30,true,elitealienzz,2024-07-02T14:24:56Z,"","Rooky030",0.568,0.586,2,-9.864,1,0.0459,0.0139,0.881,0.121,0.172,151.028,4
spotify:track:7p5XHYC2lvC2FGY4B1xmoE,"Ghost - Slowed & Reverb","Ghost","Rooky030",2024-06-21,139892,8,true,elitealienzz,2024-07-02T14:24:56Z,"","Rooky030",0.623,0.672,11,-10.34,1,0.0379,0.00204,0.79,0.104,0.129,123.52,4
spotify:track:0qUDWeyDINsGBhIw0gaqzj,"I Wanna Be Your Girlfriend","I Wanna Be Your Girlfriend","Cameron Hayes",2023-01-27,196262,55,false,elitealienzz,2024-06-30T17:12:52Z,"drum and bass,liquid funk","Cameron Hayes",0.327,0.799,3,-5.115,0,0.0432,0.00498,0.905,0.361,0.441,140.155,4
spotify:track:6XjDF6nds4DE2BBbagZol6,"Gata Only","Gata Only","FloyyMenor;Cris MJ",2024-02-02,222000,84,true,elitealienzz,2024-07-02T14:25:56Z,"reggaeton chileno,chilean trap,chilean mambo,reggaeton","FloyyMenor under exclusive license to UnitedMasters LLC",0.791,0.499,8,-8.472,0,0.0509,0.446,0.0000241,0.0899,0.669,99.986,4
spotify:track:5AJ9hqTS2wcFQCELCFRO7A,"MILLION DOLLAR BABY","MILLION DOLLAR BABY","Tommy Richman",2024-04-26,155151,82,false,elitealienzz,2024-07-02T14:26:04Z,"","PULSE Records",0.852,0.697,1,-5.52,0,0.0439,0.0973,0.00037,0.0678,0.919,138.029,4
spotify:track:7aqJHNTpVvKkXqETS0iPdG,"Cinematic","Cinematic","Adam Jamar;Steve Baller",2024-02-02,139621,0,false,elitealienzz,2024-07-16T13:17:58Z,"g-house","WHY Z MUSIC",0.832,0.271,1,-15.295,0,0.141,0.861,0.718,0.11,0.0789,99.999,4
spotify:track:63HwAAXuSV2tzIUPoHOwZa,"Atmosphere","Atmosphere","FISHER;Kita Alexander",2023-08-11,182857,72,false,elitealienzz,2024-07-20T14:26:52Z,"tech house,house","Catch & Release",0.762,0.895,8,-4.562,1,0.0734,0.00623,0.142,0.204,0.757,125.985,4
spotify:track:5rPNVwYjVEgkq6YNPki4Zc,"BABYDOLL","BABYDOLL","Ari Abdul",2022-02-22,196235,77,true,elitealienzz,2024-07-21T16:28:35Z,"dark r&b","Not specified",0.485,0.585,11,-5.097,0,0.0359,0.0483,0.0113,0.489,0.51,84.941,4
spotify:track:4kjI1gwQZRKNDkw1nI475M,"MY EYES","UTOPIA","Travis Scott",2023-07-28,251249,80,true,elitealienzz,2024-07-24T14:58:55Z,"rap","Cactus Jack/Epic",0.455,0.621,0,-7.694,0,0.0517,0.651,0.00000259,0.123,0.28,119.043,4
spotify:track:42VsgItocQwOQC3XWZ8JNA,"FE!N (feat. Playboi Carti)","UTOPIA","Travis Scott;Playboi Carti",2023-07-28,191700,84,true,elitealienzz,2024-07-26T13:02:01Z,"rap,rage rap","Cactus Jack/Epic",0.569,0.882,3,-2.777,0,0.06,0.0316,0,0.142,0.201,148.038,4
spotify:track:44sv0N628lOfqUlumZUagu,"Complicated For Me","23","WRXXTCH",2024-01-15,197343,33,false,elitealienzz,2024-07-30T20:40:46Z,"","RU.MEDIA",0.357,0.539,6,-10.871,0,0.043,0.114,0.299,0.111,0.128,90.015,4
spotify:track:1JgknGBbrfmEHeOZH051SS,"ecstacy (slowed)","ecstacy (slowed)","SUICIDAL-IDOL",2023-06-06,119120,76,true,elitealienzz,2024-08-02T00:45:14Z,"hyperpop","AVR",0.551,0.677,2,-7.311,1,0.0665,0.0173,0,0.381,0.195,106.414,4
spotify:track:2G2zAIs50FJyvutTfZqkZj,"CLEARED - Remix (Slowed)","CLEARED - Remix (Slowed / Sped Up)","Lilithzplug",2024-02-09,167109,59,true,elitealienzz,2024-08-05T23:11:24Z,"","Lilithzplug",0.55,0.65,6,-7.943,0,0.126,0.638,0.042,0.101,0.411,96.06,4
spotify:track:3kxkjirben9RVm9NqYa6rm,"Black Out Days - Future Islands Remix","Black Out Days (Future Islands Remix)","Phantogram;Future Islands",2017-09-01,248346,66,false,elitealienzz,2024-08-10T11:38:35Z,"","Universal Records",0.477,0.483,4,-9.413,0,0.0364,0.0027,0.783,0.156,0.123,170.026,4
spotify:track:32xjgqHt76Q8sipEop3Bci,"drowning","drowning","Vague003",2022-12-09,117341,63,false,elitealienzz,2024-08-14T05:26:50Z,"","Vague003",0.553,0.613,11,-7.956,0,0.0694,0.0201,0.854,0.111,0.0506,180.02,4
spotify:track:16Hd22WmRC8mHTSaQ3icZ7,"Floki lost soul / Ворую Алкоголь","Floki lost soul / Ворую Алкоголь","Bravuta",2024-07-28,174962,0,false,elitealienzz,2024-08-21T23:37:21Z,"","7566612 Records DK",0.692,0.506,1,-12.504,0,0.0766,0.072,0.00033,0.188,0.403,90.716,4
spotify:track:7CyPwkp0oE8Ro9Dd5CUDjW,"One Of The Girls (with JENNIE, Lily Rose Depp)","The Idol Episode 4 (Music from the HBO Original Series)","The Weeknd;JENNIE;Lily-Rose Depp",2023-06-23,244684,92,false,elitealienzz,2024-08-23T14:20:19Z,"k-pop","XO / Republic Records",0.264,0.64,8,-6.221,1,0.0442,0.0393,0.00000231,0.151,0.19,84.828,4
spotify:track:0U7itVFsG9Gn9bUifqxbSU,"MY EYES - Pt. 2 Slowed","MY EYES (Pt. 2 Slowed)","matthias valentine",2024-06-14,122316,0,true,elitealienzz,2024-08-31T12:54:16Z,"","matthias valentine",0.613,0.514,10,-13.368,0,0.0464,0.29,0.0000149,0.109,0.189,127.207,4
spotify:track:1Qv9RlQrACS2sIvuVZQHiO,"noir","noir","sho",2024-02-05,97711,60,false,elitealienzz,2024-08-31T12:55:58Z,"","broke",0.423,0.84,7,-4.366,1,0.035,0.0000938,0.773,0.0757,0.0473,93.272,4
spotify:track:3vRjiGWy7TnGDF0KnnV44M,"U Love Me","U Love Me","safetypleace",2023-06-15,116200,26,false,elitealienzz,2024-08-31T12:58:42Z,"phonk,drift phonk","Easy Fresh",0.589,0.623,8,-13.66,1,0.11,0.104,0.306,0.119,0.416,150.057,4
spotify:track:4kKG1QBPKr6LFvn8wHZW3n,"Gravitational Forces","Gravitational Forces","a2zMP3",2016-02-05,127686,56,false,elitealienzz,2024-09-06T10:03:12Z,"","a2zMP3",0.473,0.278,6,-26.687,0,0.0454,0.772,0.684,0.111,0.0395,91.774,4
spotify:track:52uQ2fQqo9hX5H4p7Niq0b,"DON`T STOP - Slowed","DON`T STOP","GLXXMSTRIDER",2024-04-19,179904,69,false,elitealienzz,2024-09-06T10:05:58Z,"phonk,brazilian phonk","GLXXMSTRIDER",0.757,0.467,10,-3.743,0,0.0399,0.108,0.154,0.123,0.333,89.801,4
spotify:track:1OB4WigM1uCyusbJZ402b5,"i like the way you kiss me - slowed + reverb","i like the way you kiss me","Luke Muzzic",2024-05-08,180662,23,false,elitealienzz,2024-09-06T10:06:32Z,"","Luke Muzzic",0.529,0.886,7,-6.678,1,0.158,0.0341,0.0572,0.681,0.537,120.343,4
spotify:track:5z5YJuX6XFOHAViZmKXkWh,"CONSCIOUSNESS","CONSCIOUSNESS","Abiniy",2023-09-29,150960,19,false,elitealienzz,2024-09-09T10:17:07Z,"","CVRSED",0.412,0.473,4,-11.403,0,0.186,0.439,0.862,0.144,0.532,61.365,4
spotify:track:27jbY41VrtqSeOQ2Sr1OEw,"tenderness","tenderness","finesse scar",2024-02-16,176103,35,false,elitealienzz,2024-09-09T10:17:24Z,"drift phonk,phonk,witch house","Cresta La Cultura",0.452,0.292,1,-15.824,1,0.0351,0.765,0.185,0.1,0.0524,77.025,4
spotify:track:20bTkdvyWZjO4ORHmzXQR4,"EVERYDAY (feat. Shiva, ANNA, Geolier)","EVERYDAY (feat. Shiva, ANNA, Geolier)","Takagi & Ketra;Shiva;ANNA;Geolier",2023-10-13,190188,62,false,elitealienzz,2024-09-09T15:04:52Z,"concerto,italian trap,canzone napoletana,neomelodico","Columbia",0.748,0.516,1,-6.77,0,0.1,0.499,0,0.127,0.465,78.038,4
spotify:track:2QjOHCTQ1Jl3zawyYOpxh6,"Sweater Weather","I Love You.","The Neighbourhood",2013-04-22,240400,92,false,elitealienzz,2024-09-11T16:36:42Z,"","Columbia",0.612,0.807,10,-2.81,1,0.0336,0.0495,0.0177,0.101,0.398,124.053,4
spotify:track:3hRV0jL3vUpRrcy398teAU,"The Night We Met","Strange Trails","Lord Huron",2015-04-06,208211,90,false,elitealienzz,2024-09-11T16:37:24Z,"","Play It Again Sam",0.448,0.369,9,-9.514,1,0.0452,0.968,0.272,0.638,0.0998,174.097,3
spotify:track:6bxukxNnfPyph0sqhnGhpW,"wutiwant - SLOWD","wutuwant","saraunh0ly",2024-08-28,106173,69,true,elitealienzz,2024-09-16T07:35:17Z,"","unh0ly",0.546,0.921,3,-8.305,0,0.114,0.09,0.792,0.0925,0.375,176.265,4
spotify:track:5pQYJXn5R1vFH7dWQjCYQl,"cry","cry","vowl.;Kol",2024-02-23,131520,44,false,elitealienzz,2024-09-16T07:35:29Z,"witch house","broke",0.56,0.261,5,-14.249,0,0.0386,0.661,0.594,0.227,0.11,125.007,4
spotify:track:4NO0uncRVqkiumf6kbDUrm,"Aura TikTok - Slowed","Aura TikTok (Slowed)","TrenHub",2024-07-15,129880,0,false,elitealienzz,2024-09-16T07:36:44Z,"","7496909 Records DK",0.472,0.666,2,-5.23,1,0.0336,0.000478,0.00153,0.261,0.486,155.558,4
spotify:track:5F7Tywb6G47ooULUmLv9au,"take it from the starz","take it from the starz","Roman Nasenmensch;domi4wave",2023-12-08,100761,62,false,elitealienzz,2024-09-24T00:32:16Z,"","broke",0.449,0.609,4,-6.86,0,0.0321,0.0965,0.752,0.231,0.0401,134.957,3
spotify:track:72ZWqS0MTryK6GCfATRWjl,"Did It First - Slowed Down","Did It First (Versions)","Ice Spice",2024-07-22,132486,52,true,elitealienzz,2024-09-27T18:06:33Z,"","10K Projects/Capitol Records",0.5,0.563,11,-10.883,1,0.304,0.197,0.0000415,0.122,0.369,136.958,4
spotify:track:6KXZR45VUjAICL0MxRr9Jj,"Want It All","Want It All","purity.",2023-12-07,114944,0,false,elitealienzz,2024-09-30T16:06:22Z,"","purity. records",0.353,0.274,10,-15.58,0,0.0436,0.615,0.686,0.211,0.147,135.294,4
spotify:track:2BxetWEt9o1f06EMznaX2r,"PULSE - Slowed","PULSE","eiby",2024-07-04,112196,58,false,elitealienzz,2024-09-30T16:06:30Z,"phonk,brazilian phonk","broke",0.555,0.791,11,-3.733,0,0.0366,0.0000694,0.972,0.372,0.0362,121.936,4
spotify:track:7FD68SH681uxh9zPNDOomx,"let it happen - ending part slowed & pitched down","let it happen - ending part slowed & pitched down","dailydelusions;life illustrated",2023-10-30,115431,50,false,elitealienzz,2024-09-30T16:07:45Z,"jersey club,nightcore","dailydelusions",0.539,0.683,0,-8.026,1,0.039,0.0258,0.202,0.733,0.61,107.662,4
spotify:track:2wHzwFZZ0gMPI9TnfRxq4z,"Soaked - Sped Up","Soaked (Sped Up)","Shy Smith",2024-02-16,163096,51,true,elitealienzz,2024-09-30T16:07:59Z,"","Robots & Humans",0.916,0.711,0,-7.263,0,0.171,0.0953,0,0.0494,0.864,119.94,4
spotify:track:3UGU3ENePCkySc2okknbTT,"everything works out in the end - slowed + best part looped","everything works out in the end (slowed + best part looped)","core²",2024-02-16,111221,0,false,elitealienzz,2024-10-03T22:58:54Z,"","core²",0.735,0.143,0,-16.691,0,0.067,0.333,0.947,0.102,0.233,114.551,4
spotify:track:6UhjJa8xOrM4sQTFg8lrHa,"ASTRO - Slowed Opium Remix","ASTRO (Opium Remix)","Slowboy;zaichkou888;IVOXYGEN;nocap beats",2024-05-17,103037,57,false,elitealienzz,2024-10-08T12:07:52Z,"phonk,brazilian phonk,rally house","Aurorian Records",0.547,0.705,1,-3.828,1,0.0305,0.000852,0.0342,0.247,0.18,97.951,4
spotify:track:236j0NFQxZseN69yJX3ja7,"i will protect you.","i will protect you.","Mazolps",2024-09-05,153469,35,false,elitealienzz,2024-10-08T12:08:02Z,"","Mazolps Music",0.294,0.805,2,-2.857,1,0.281,0.172,0.705,0.298,0.243,81.846,4
spotify:track:4KbFplzCPuzjrzlLTWBCEa,"Chavo del 8 Treend","Chavo del 8 Treend","kis",2024-08-23,119928,32,false,elitealienzz,2024-10-21T16:46:48Z,"","kis",0.462,0.148,8,-26.352,1,0.0613,0.741,0.479,0.111,0.0668,146.8,4
spotify:track:1AsrV4mFVIPgqOTTP74sMO,"Gata Only - Slowed","Gata Only (Slowed)","MysticDreamer",2024-08-03,258075,0,false,elitealienzz,2024-10-22T23:40:57Z,"","Vision",0.706,0.425,7,-13.419,1,0.0892,0.476,0.000176,0.0966,0.602,81.096,4
spotify:track:1XBYiRV30ykHw5f4wm6qEn,"NIGHTS LIKE THIS","THE FIRST TIME","The Kid LAROI",2023-11-10,86983,87,false,elitealienzz,2024-11-01T10:36:22Z,"","Columbia",0.482,0.757,6,-4.586,1,0.0355,0.0137,0.0016,0.143,0.12,142.579,4
spotify:track:7ldTaGf86v5MQcwqqblBs4,"Never let me go","Never let me go","MKW$",2024-10-11,246501,42,false,elitealienzz,2024-11-11T15:31:45Z,"","6075084 Records DK",0.512,0.431,1,-13.629,0,0.36,0.0467,0.000047,0.143,0.114,176.264,4
spotify:track:4lriIG2vNqwDWzOj2I9rtj,"Ma Meilleure Ennemie (from the series Arcane League of Legends)","Ma Meilleure Ennemie (from the series Arcane League of Legends)","Stromae;Pomme;Arcane",2024-11-23,147973,76,false,elitealienzz,2024-11-26T11:37:43Z,"french pop,score","Riot Games",0.678,0.604,4,-7.926,0,0.0962,0.00465,0.000936,0.278,0.374,88,4
spotify:track:4VnR7plUitZ788acvBHdP6,"I spoke to the devil in miami, he said everything would be fine","LOOK AT ME: THE ALBUM","XXXTENTACION",2022-06-10,178880,60,false,elitealienzz,2024-12-03T23:41:48Z,"emo rap","Columbia",0.348,0.197,2,-13.646,1,0.0374,0.979,0.00294,0.189,0.215,76.479,4
spotify:track:2PpYJcgJN6PzozUv7rU669,"stellar","stellar",".diedlonely;énouement",2023-06-23,99672,69,false,elitealienzz,2024-12-04T13:35:36Z,"dark ambient,ambient",".diedlonely x énouement",0.485,0.149,8,-20.394,0,0.0282,0.886,0.917,0.102,0.112,82.019,4
spotify:track:3hkk4VLvOn0gjCSYjexhyI,"Frank Saint - Slowed","Frank Saint","core²",2023-10-20,126209,49,true,elitealienzz,2024-12-09T13:22:03Z,"","Revised Studio",0.165,0.2,10,-20.128,0,0.0412,0.147,0.659,0.122,0.121,112.999,4
spotify:track:1QlI2k93PWIUwJGam9iBuU,"My Eyes x You've Never Backed Down","My Eyes x You've Never Backed Down","krush",2024-07-14,113433,46,true,elitealienzz,2024-12-21T00:24:12Z,"jersey club","Revised Studio",0.619,0.549,10,-11.624,0,0.0855,0.352,0.000118,0.18,0.293,132.462,4
spotify:track:2262bWmqomIaJXwCRHr13j,"Sailor Song","Sailor Song","Gigi Perez",2024-07-26,211978,87,false,elitealienzz,2025-01-06T16:23:41Z,"","Gigi Perez PS/ Island",0.494,0.413,11,-10.432,1,0.0254,0.682,0.0000672,0.193,0.273,94.938,4
spotify:track:2FAZskT9yRjp2Oow9szJD8,"The Days - NOTION Remix","The Days (NOTION Remix)","Chrystal;NOTION",2024-11-08,233229,86,false,elitealienzz,2025-01-12T14:26:18Z,"bassline,bass house,uk garage,drum and bass","Polydor Records",0.62,0.843,6,-5.321,0,0.0844,0.0062,0.00000463,0.55,0.237,137.812,4
spotify:track:5UGAXwbA17bUC0K9uquGY2,"Antarctica","Antarctica","$uicideboy$",2016-01-26,126850,77,true,elitealienzz,2025-01-20T17:09:09Z,"emo rap,horrorcore,cloud rap,trap metal,underground hip hop","G59 Records",0.715,0.633,2,-6.869,1,0.0804,0.553,0.00000445,0.0905,0.319,105.945,5
spotify:track:7EkWXAI1wn8Ii883ecd9xr,"Freaks","Freaks","Surf Curse",2021-05-15,147062,85,false,elitealienzz,2025-01-20T17:10:00Z,"indie","Surf Curse",0.345,0.941,9,-9.918,1,0.0466,0.0000384,0.633,0.0511,0.407,179.626,4
spotify:track:5e0b9LgOfi3aJSKXFcOWRe,"Beanie","Beanie","Chezile",2023-11-28,132160,84,false,elitealienzz,2025-01-28T13:32:10Z,"","Chezile / 10K Projects",0.531,0.556,5,-6.245,1,0.0252,0.407,0.00915,0.318,0.156,138.978,3
spotify:track:0CRZ3cFFZEUglP5RlU2f9o,"Yugoslavskiy Groove","Softic","Soft Blade",2021-08-06,244000,63,false,elitealienzz,2025-02-17T13:18:01Z,"witch house,lo-fi house","Soft Blade",0.534,0.538,11,-11.332,0,0.0396,0.656,0.899,0.164,0.07,119.968,4
spotify:track:3FCGx3kLBlJtmnv5k66R7j,"Want To Love - Just Slowed Raw","Want To Love Raw/Slowed/Loops","Aloboi",2025-01-27,92043,60,false,elitealienzz,2025-02-17T13:18:09Z,"","Basire Records",0.495,0.573,8,-7.015,1,0.057,0.176,0.951,0.118,0.039,106.903,5
spotify:track:2ZSEuUerqTWKsY5ja6yP7s,"Gangsta","mob wife - new school","Kehlani",2024-02-14,177320,46,true,elitealienzz,2025-03-05T13:17:36Z,"","Warner Music Group - X5 Music Group",0.483,0.359,10,-11.571,0,0.0442,0.102,0,0.32,0.129,121.61,4
spotify:track:4hyVrAsoKKjxAvQjPRt0ai,"Love Your Voice","Список твоих мыслей","JONY",2019-06-21,150329,68,false,elitealienzz,2025-03-09T16:24:13Z,"","Atlantic Records Russia (Distribution)",0.608,0.83,9,-5.396,0,0.0956,0.597,0.0000034,0.118,0.211,91.088,4
spotify:track:6xzUYHBmga331ajTfZYhoo,"Vielleicht Vielleicht Hardtekk - Slowed","Vielleicht Vielleicht (Hardtekk)","ecentral;REMEMBXRED",2025-03-17,174861,0,false,elitealienzz,2025-03-24T12:04:15Z,"phonk","ecentral",0.553,0.93,0,-7.272,1,0.0552,0.0328,0.308,0.238,0.413,155.022,4
spotify:track:045bBXmqjkvl9MMdPDFTZN,"Government Hooker","Government Hooker","ecentral;TOM! C",2025-01-09,106017,45,false,elitealienzz,2025-03-25T14:56:20Z,"","Melx Music Group",0.751,0.901,0,-4.414,1,0.0494,0.0139,0.956,0.271,0.552,110.362,4
spotify:track:7so0lgd0zP2Sbgs2d7a1SZ,"Die With A Smile","MAYHEM","Lady Gaga;Bruno Mars",2025-03-07,251667,87,false,elitealienzz,2025-03-29T15:02:47Z,"art pop,pop","Interscope Records",0.519,0.601,6,-7.727,0,0.0317,0.289,0,0.126,0.498,157.964,3
spotify:track:2S2od3hT7ceytw7d1pTRuE,"Again (feat. XXXTENTACION)","Again (feat. XXXTENTACION)","Noah Cyrus;XXXTENTACION",2017-09-22,193961,84,false,elitealienzz,2025-03-31T12:08:56Z,"emo rap","Records Label, LLC",0.664,0.738,9,-4.095,0,0.0338,0.188,0.0000575,0.135,0.203,119.973,4
spotify:track:37vVp2sWHuuIBOSl1NswP6,"i'm yours","i'm yours","Isabel LaRosa",2022-10-28,145667,78,false,elitealienzz,2025-04-01T13:31:08Z,"","Slumbo Labs/RCA Records",0.398,0.705,5,-7.07,0,0.0756,0.204,0.0000513,0.443,0.635,111.487,4
spotify:track:0BxE4FqsDD1Ot4YuBXwAPp,"505","Favourite Worst Nightmare","Arctic Monkeys",2007-04-22,253586,87,false,elitealienzz,2025-04-01T13:31:15Z,"indie,garage rock","Domino Recording Co",0.526,0.866,0,-5.822,1,0.0568,0.00287,0.0000778,0.0945,0.248,140.266,4
spotify:track:5XeFesFbtLpXzIVDNQP22n,"I Wanna Be Yours","AM","Arctic Monkeys",2013-09-09,183956,92,false,elitealienzz,2025-04-01T13:31:25Z,"indie,garage rock","Domino Recording Co",0.464,0.417,0,-9.345,0,0.0256,0.136,0.022,0.0974,0.479,67.528,4
spotify:track:2K7xn816oNHJZ0aVqdQsha,"Softcore","Hard To Imagine The Neighbourhood Ever Changing","The Neighbourhood",2018-11-02,206280,86,false,elitealienzz,2025-04-01T13:32:22Z,"","Columbia",0.575,0.568,9,-5.509,0,0.03,0.0484,0.000417,0.286,0.37,93.986,4
spotify:track:0zo4aX57COch7Wh3NRImTM,"Heartbeat","Camp","Childish Gambino",2011-11-15,269840,6,true,elitealienzz,2025-04-01T13:32:47Z,"","Glassnote Entertainment Group LLC",0.8,0.545,1,-7.002,0,0.127,0.00369,0.000461,0.0445,0.294,119.954,4
spotify:track:1mfvWzF39LwVpAm8g0LhQT,"MONTAGEM TOMADA - Slowed","MONTAGEM TOMADA","MXZI",2025-03-21,84901,6,false,elitealienzz,2025-04-10T21:56:36Z,"phonk,brazilian phonk,funk","Enarma Records",0.653,0.903,10,-3.15,0,0.0896,0.00727,0.491,0.163,0.272,109.28,4
spotify:track:0xgAVjQN7USKWBMHNH5JTj,"4am","4am","Crunkz",2024-11-15,173991,63,false,elitealienzz,2025-04-14T22:56:19Z,"","Crunkz",0.684,0.649,5,-8.884,1,0.0691,0.304,0.381,0.111,0.375,123.991,4
spotify:track:2WYs5LxOZfEyURXu7V0O1a,"Stay With Me","Stay With Me","1nonly",2020-10-11,141505,13,true,elitealienzz,2025-04-24T14:40:30Z,"","1nonly",0.684,0.844,9,-7.649,1,0.335,0.302,0,0.374,0.335,126.677,5
spotify:track:4sbFsaHon4XaZFwjOcz42B,"Baby Come Home - slowed","Baby Come Home (slowed)","JonnySpeakerBuster",2025-03-20,100426,0,false,elitealienzz,2025-04-25T23:53:37Z,"","JMP 20662",0.729,0.263,3,-7.808,0,0.0637,0.723,0,0.484,0.276,82.991,4
spotify:track:0zatabQ1DipXenX95p9E6a,"Напоследок","Напоследок","Вектор А",2022-07-29,144155,65,true,elitealienzz,2025-05-26T09:19:04Z,"","GOLDEN SOUND",0.633,0.483,1,-8.218,1,0.341,0.86,0.000355,0.16,0.493,77.018,4
spotify:track:0BukmR8BMzHhhnPZOVspJT,"Winter nights in Paris","Winter nights in Paris","purity.;kxvas",2024-11-17,150588,46,false,elitealienzz,2025-06-09T12:42:31Z,"","kxvas MK",0.627,0.213,11,-20.565,0,0.115,0.832,0.138,0.119,0.0381,101.554,4
spotify:track:0HPD5WQqrq7wPWR7P7Dw1i,"TiK ToK","Animal (Expanded Edition)","Kesha",2010-01-01,199693,84,false,elitealienzz,2025-06-11T12:20:49Z,"","RCA Records Label",0.755,0.837,2,-2.718,0,0.142,0.0991,0,0.289,0.714,120.028,4
spotify:track:3Vj9QJX7gYkv4ymCd0VdTm,"Addicted","Addicted","overrated",2022-07-25,79458,52,true,elitealienzz,2025-06-11T13:53:10Z,"hardstyle,tekno,frenchcore","overrated",0.646,0.917,7,-4.622,1,0.0957,0.00346,0.948,0.0752,0.283,180,4
spotify:track:1DggJ7fWVf5hMKGQDwbbcP,"Don't Say Goodbye","Don't Say Goodbye","overrated;Gustav",2024-11-07,155390,41,false,elitealienzz,2025-06-11T13:53:49Z,"hardstyle,tekno,frenchcore","overrated",0.503,0.878,1,-4.884,1,0.0461,0.000374,0.00000199,0.175,0.409,170.057,4
spotify:track:5SsPq8I4a89sOmO9UTzfJD,"I LOVE YOU SO JUMPSTYLE - Ultra Slowed","I LOVE YOU SO JUMPSTYLE","HUSSVRX",2025-04-13,243973,66,false,elitealienzz,2025-06-13T14:59:09Z,"phonk","Sketch Music LLC",0.601,0.974,1,-3.85,1,0.0465,0.0271,0.0117,0.364,0.0473,103.519,4
spotify:track:37xNosyzsXRVwHbreZPan2,"Rock That Body (Lumarii Remix)","Rock That Body (Lumarii Remix)","amis",2025-06-14,230992,0,false,elitealienzz,2025-06-18T15:35:00Z,"","amis",0.81,0.655,5,-8.867,1,0.197,0.00521,0.0019,0.116,0.538,130.008,4
spotify:track:36LP8B2SeNGkt1kbsO4Y6f,"Me And U","Me And U","swelavin",2024-02-13,176222,59,false,elitealienzz,2025-06-19T23:17:04Z,"","Trillex Music Group",0.655,0.229,8,-11.246,1,0.0413,0.0997,0.616,0.163,0.324,118.022,4
spotify:track:59oAu1DeHUGQxoj593GzCW,"HOT N COLD","HOT N COLD","xxtristanxo",2024-12-13,143283,44,true,elitealienzz,2025-06-21T13:56:12Z,"","RECORDS",0.718,0.684,7,-7.824,1,0.097,0.0436,0.242,0.154,0.152,134.365,4
spotify:track:7LPGJhkRDEW6KopWhD8DbX,"Roi","Euphories","Videoclub;Adèle Castillon;Mattyeux",2021-01-29,224226,75,false,elitealienzz,2025-07-08T17:01:34Z,"french indie pop,french pop","Petit Lion Productions",0.705,0.467,9,-9.261,1,0.0343,0.564,0.00107,0.0969,0.27,107.993,4
spotify:track:7jjNiAZBokfxsgIHHKspGy,"ALL I WANTED WAS YOU - Slowed","ALL I WANTED WAS YOU","ily;EVO",2024-11-13,155852,34,false,elitealienzz,2025-07-13T11:13:26Z,"hardstyle,frenchcore,phonk,brazilian phonk","EVO79",0.304,0.794,9,-2.836,1,0.0541,0.000718,0.025,0.168,0.151,110.92,4
spotify:track:7pKtIIWq8LyIQic3DmCA2g,"INSONAMIA","INSONAMIA","sxnd",2025-06-30,203284,1,false,elitealienzz,2025-07-21T08:49:42Z,"","Arcticx Music Group",0.7,0.202,8,-21.059,0,0.0287,0.912,0.883,0.117,0.597,100.975,4
spotify:track:6BUIhrRecmNQU2P8kJGs3d,"Brilliant Mind","Brilliant Mind","yoilya;prodvior",2025-07-04,166645,8,true,elitealienzz,2025-07-21T08:49:57Z,"","yoilya under exclusive license to UM LLC",0.834,0.508,1,-7.597,1,0.263,0.418,0,0.136,0.709,133.052,4
spotify:track:3EeKXJWkNTQTqqzRehTG7H,"The Cure","Mk Ultra","Sam Lans!",2017-10-06,186959,47,true,elitealienzz,2025-07-22T17:33:12Z,"","G.O.M.L",0.361,0.625,11,-6.836,1,0.128,0.00406,0.000022,0.245,0.25,82.702,4
spotify:track:4mr9GOI4BEY8rYvljo9n90,"Бей меня - Sped Up","Бей меня","влад пиво;Merryattack",2025-06-13,117446,32,false,elitealienzz,2025-07-22T17:36:38Z,"hardstyle,frenchcore","pivzavod",0.329,0.887,1,-8.13,1,0.46,0.398,0.136,0.104,0.0618,173.954,4
spotify:track:7wAuksvJErTLz0OHTDJPIa,"Hit the Ground","Hit the Ground","Texture",2025-02-14,145696,71,false,elitealienzz,2025-07-22T17:36:45Z,"","7CULT powered by PULSE.CX",0.878,0.713,8,-7.474,1,0.133,0.117,0.434,0.102,0.238,122.047,4
spotify:track:76wgL5yfNiX3tpwLofH4rt,"HIGHLY INSULTED","HIGHLY INSULTED","катя милтей",2024-06-21,197538,16,false,elitealienzz,2025-07-22T17:41:10Z,"","катя милтей",0.606,0.607,8,-10.665,1,0.0408,0.265,0.775,0.0717,0.195,130.018,4
spotify:track:4DKI6cwzPAwaDEe3zPRh7u,"Sexy Bitch (feat. Akon) - Extended","Sexy Bitch","David Guetta;Aliaune ""Akon"" Thiam",2009-08-14,312013,44,true,elitealienzz,2025-07-25T09:49:23Z,"edm","Parlophone (France)",0.967,0.306,11,-5.783,0,0.137,0.0174,0.0271,0.0755,0.791,130.016,4
spotify:track:5B1esJhATDHPudsUGV87Jg,"Rock That Body - Slowed","Rock That Body","NOPS;adamxyz;mayestiqe;Mr Demon",2025-06-19,177455,32,false,elitealienzz,2025-07-27T14:46:29Z,"slap house,g-house,nightcore,hypertechno,afro house,techno,tekno","adamxyz",0.748,0.561,4,-10.82,0,0.0523,0.286,0.000424,0.171,0.259,111.526,4
spotify:track:2lx16VRPFlnO995v49KzEy,"Urban Melody","Urban Melody","IVOXYGEN",2024-06-28,125960,53,false,elitealienzz,2025-07-28T11:09:01Z,"","IVOXYGEN / EMPIRE",0.422,0.281,8,-14.287,1,0.0332,0.0464,0.000827,0.0962,0.0503,123.981,4
spotify:track:6r7b1UHvO3fBZe7wBXWTaZ,"Black Out Days (Stay Away)","Black Out Days (Stay Away)","Ian Asher;Phantogram",2025-08-15,172661,79,false,elitealienzz,2025-08-16T07:22:53Z,"","Universal Records",0.585,0.759,6,-5.133,0,0.0371,0.0177,0.857,0.277,0.127,154.949,4
spotify:track:4rCVKG4nTJoN03Ua1H2i9S,"I'm Okay","Red Teenage Melody","Night Lovell",2016-06-14,157859,48,true,elitealienzz,2025-08-27T14:46:36Z,"emo rap,horrorcore,trap metal","G59 Records",0.743,0.783,2,-6.493,0,0.0286,0.686,0.00000174,0.22,0.347,111.014,4
spotify:track:07fNxq0gkGFZpAYCTd0v2A,"a good man with a broken heart","a good man with a broken heart","LoVibe.",2025-05-12,118695,74,false,elitealienzz,2025-09-05T14:02:25Z,"","Topspot Records",0.812,0.6,0,-5.546,1,0.114,0.394,0.822,0.102,0.0544,91.791,4
spotify:track:4sMR8fuTzbUyzB0asxifV0,"Desire","Desire","Ian Asher;Olly Alexander (Years & Years)",2025-07-25,158840,82,false,elitealienzz,2025-09-13T13:28:08Z,"","Easier Said",0.685,0.89,0,-5.51,1,0.0376,0.014,0.311,0.113,0.247,137.985,4
spotify:track:0FTmksd2dxiE5e3rWyJXs6,"back to friends","back to friends","sombr",2024-12-27,199032,92,false,elitealienzz,2025-09-13T13:32:19Z,"","Warner Records",0.436,0.723,1,-2.291,1,0.0301,0.0000937,0.0000882,0.0929,0.235,92.855,4
spotify:track:7iKwplnguwdrhctM0ciBRA,"CLARITY","CLARITY","xxtristanxo",2025-08-29,189333,53,false,elitealienzz,2025-09-28T15:39:10Z,"","RECORDS",0.651,0.552,5,-8.055,0,0.033,0.0118,0.0454,0.58,0.0968,135.011,4
spotify:track:6JPysVgPfEab03Gbm7hjXM,"NOW OR NEVER","NOW OR NEVER","Tkandz;CXSPER",2025-09-15,123428,71,false,elitealienzz,2025-10-05T23:54:52Z,"","Everything's Yours Entertainment",0.8,0.784,1,-4.691,0,0.0718,0.362,0,0.497,0.795,140.013,4
spotify:track:33ZXjLCpiINn8eQIDYEPTD,"Shook Ones, Pt. II","The Infamous","Mobb Deep",1995-04-25,325506,78,true,elitealienzz,2025-10-14T11:49:35Z,"old school hip hop,east coast hip hop,hardcore hip hop,hip hop,gangster rap","RCA Records Label",0.763,0.786,10,-6.472,0,0.229,0.0146,0.0114,0.0817,0.504,93.857,4
spotify:track:6F8zgBevIIMk9SMg81dDGx,"ADDERALL","WE 2FLY","Glocky;Faneto",2024-08-02,138813,60,true,elitealienzz,2025-10-24T12:06:35Z,"italian trap","Square / Trenches Records Ent",0.586,0.731,7,-5.148,0,0.328,0.35,0,0.186,0.476,166.036,4
spotify:track:7N1Vjtzr1lmmCW9iasQ8YO,"Survival of the Fittest","The Infamous","Mobb Deep",1995-04-25,224533,72,true,elitealienzz,2025-10-27T19:11:09Z,"old school hip hop,east coast hip hop,hardcore hip hop,hip hop,gangster rap","RCA Records Label",0.813,0.703,11,-5.077,0,0.268,0.125,0.00000126,0.237,0.241,94.828,4
spotify:track:4mhiGkXb4a2IQV38Yz1dUk,"Success Isn't a Straight Line","Success Isn't a Straight Line","The Goal",2025-07-17,181727,41,false,elitealienzz,2025-11-03T21:40:22Z,"","9941110 Records DK",0.451,0.106,5,-13.47,1,0.207,0.881,0.00491,0.112,0.049,91.172,4
spotify:track:0LdIVAcALGjlmKnwN36WMg,"Fall Back","Fall Back / Selfish Game","Lithe",2024-03-22,129523,76,false,elitealienzz,2025-11-21T13:44:52Z,"dark r&b","GSL",0.868,0.161,3,-10.947,0,0.123,0.706,0.0435,0.113,0.457,126.059,4
spotify:track:7z7QFKae4hV3WWZtWRYmKN,"CAN'T GO BACK","PROJECT PERSONA","Prod. 94;Tkandz;motybeats",2025-08-28,134689,60,false,elitealienzz,2025-11-21T13:45:02Z,"","94 MVMNT",0.714,0.818,5,-8.463,0,0.107,0.0548,0,0.181,0.185,143.049,4
spotify:track:427rOszWsnCmSHfZp4Xhzn,"Miss Me - Slowed + Reverb","Miss Me (Slowed + Reverb)","trxndsetter;svmy",2025-03-28,187663,70,true,elitealienzz,2025-11-21T13:45:09Z,"","EVO79",0.707,0.456,1,-9.021,1,0.0641,0.037,0,0.208,0.525,113.218,4
spotify:track:3qhlB30KknSejmIvZZLjOD,"End of Beginning","DECIDE","Djo",2022-09-16,159245,95,false,elitealienzz,2025-12-03T00:14:57Z,"","Djo",0.689,0.454,2,-7.643,1,0.0584,0.0351,0.00259,0.0707,0.912,159.982,4
spotify:track:4jxVs0uAxWKtB9eqJ8IsD5,"XXL","ANTI ANTI","18K",2024-11-28,216214,35,true,elitealienzz,2025-12-08T23:40:15Z,"italian trap","Universal Music Italia srL.",0.568,0.766,1,-5.587,1,0.176,0.111,0,0.149,0.588,136.971,4
spotify:track:6AxxHZTffWwQbN9qPbucSi,"LET THE WORLD BURN (Hoodtrap / Mylancore Remix)","LET THE WORLD BURN (Hoodtrap / Mylancore Remix)","Chris Grey;Kryd;R3BEL",2025-09-30,130000,76,false,elitealienzz,2025-12-21T14:12:15Z,"dark r&b","Rebellion Records",0.25,0.549,5,-5.047,0,0.031,0.000144,0,0.733,0.151,92.17,4
spotify:track:3ZaEs1O8BG581qYPHpQ8d6,"I Smoked Away My Brain (I'm God x Demons Mashup) (feat. Imogen Heap & Clams Casino)","I Smoked Away My Brain (I'm God x Demons Mashup) (feat. Imogen Heap & Clams Casino)","A$AP Rocky;Imogen Heap;Clams Casino",2023-08-18,190285,86,true,elitealienzz,2025-12-26T18:37:38Z,"rap,cloud rap","A$AP Worldwide/RCA Records",0.47,0.652,2,-9.629,1,0.0561,0.0831,0.0000408,0.175,0.104,141.981,4
spotify:track:0dIgnRi3DrCSAYQTUqxIj7,"Phantom V1 - Slowed Version","Phantom","domi4wave;Roman Nasenmensch",2024-10-11,133640,43,false,elitealienzz,2025-12-26T18:37:53Z,"","Independent / nowayback",0.591,0.923,5,-4.828,0,0.0481,0.00151,0.0562,0.349,0.353,119.787,4
spotify:track:217s7lvmWNl9x6WhjwQB3F,"you broke my heart (Hoodtrap / Mylancore Remix)","you broke my heart (Hoodtrap / Mylancore Remix)","Kryd;kobzx2z;Myla",2025-10-24,101571,73,false,elitealienzz,2025-12-28T15:03:47Z,"funkot","Parlophone (France)",0.521,0.82,1,-1.218,0,0.0307,0.00512,0.0000052,0.619,0.116,139.907,4
spotify:track:4kmgXJr6yIr9p4ONFx0Wyw,"Man of the Year","Man of the Year","Khantrast",2025-03-28,197862,61,true,elitealienzz,2025-12-29T20:11:10Z,"anime rap,anime","New 11 Records",0.812,0.642,5,-8.437,0,0.234,0.342,0,0.133,0.46,130.983,4
