Track URI,Track Name,Album Name,Artist Name(s),Release Date,Duration (ms),Popularity,Explicit,Added By,Added At,Genres,Record Label,Danceability,Energy,Key,Loudness,Mode,Speechiness,Acousticness,Instrumentalness,Liveness,Valence,Tempo,Time Signature
spotify:track:1PWnAEQcbwQwK759otUbta,"Writing's On The Wall - From ""Spectre"" Soundtrack","Writing's On The Wall","Sam Smith",2015-09-25,278987,64,false,,2025-11-04T16:11:09Z,"soft pop","PLG - Capitol",0.261,0.302,5,-8.19,0,0.0339,0.769,0.00000257,0.0863,0.0883,81.418,3
spotify:track:1fu5IQSRgPxJL2OTP7FVLW,"I See Fire","The Hobbit: The Desolation of Smaug (Original Motion Picture Soundtrack)","Ed Sheeran",2013-12-10,300746,61,false,,2025-11-04T16:11:07Z,"soft pop","WaterTower Music",0.633,0.0519,10,-21.107,0,0.0365,0.562,0,0.097,0.204,76.034,4
spotify:track:596RbyO8Y6UAgSRruHrat7,"Melody","Melody","ILYAA",2025-07-25,118400,28,false,,2025-08-28T18:50:29Z,"techno,hypertechno","Soave Records",0.514,0.941,1,-5.898,1,0.141,0.0691,0.511,0.136,0.41,74.99,4
spotify:track:2QjOHCTQ1Jl3zawyYOpxh6,"Sweater Weather","I Love You.","The Neighbourhood",2013-04-22,240400,92,false,,2025-08-28T18:22:22Z,"","Columbia",0.612,0.807,10,-2.81,1,0.0336,0.0495,0.0177,0.101,0.398,124.053,4
spotify:track:28P5HAF0Kll9Xd9dX4qw7A,"Eye of the Tiger","Eye Of The Tiger","Survivor",1982,243773,65,false,,2025-08-23T17:36:26Z,"","Volcano",0.815,0.438,0,-14.522,0,0.0346,0.216,0.000466,0.0787,0.552,108.965,4
spotify:track:5n0F3BaTyAzgr7zBEXoUWg,"Pasos De Fuego","Pasos De Fuego","Flame Runner;JXNDRO",2025-04-30,111840,61,false,,2025-08-01T19:43:02Z,"phonk,brazilian phonk","PCR",0.672,0.847,0,-2.312,0,0.0575,0.0029,0,0.268,0.433,124.92,4
spotify:track:0NPKGAxqJQ5OkkD4uSfyKl,"Renaissance - From ""Medici: Masters of Florence""","Renaissance (From ""Medici: Masters of Florence"")","Paolo Buonvino;Skin",2016-10-18,334918,42,false,,2025-07-02T13:01:50Z,"soundtrack","Lux Vide e CAM",0.482,0.395,7,-8.898,1,0.0382,0.888,0.0207,0.068,0.0617,126.06,4
spotify:track:5e0b9LgOfi3aJSKXFcOWRe,"Beanie","Beanie","Chezile",2023-11-28,132160,84,false,,2025-06-06T16:03:33Z,"","Chezile / 10K Projects",0.531,0.556,5,-6.245,1,0.0252,0.407,0.00915,0.318,0.156,138.978,3
spotify:track:3GCdLUSnKSMJhs4Tj6CV3s,"All The Stars (with SZA) - From ""Black Panther: The Album""","Black Panther The Album Music From And Inspired By","Kendrick Lamar;SZA",2018-02-09,232186,90,true,,2025-06-03T21:25:37Z,"hip hop,west coast hip hop,r&b","Black Panther (TDE/DMG) PS",0.695,0.633,8,-4.946,1,0.0599,0.0612,0.000195,0.0926,0.557,96.782,4
spotify:track:3LtpKP5abr2qqjunvjlX5i,"Doja","Doja","Central Cee",2022-07-21,97392,78,true,,2025-06-01T22:46:22Z,"uk drill,drill,uk grime,grime","Central Cee",0.911,0.573,6,-7.43,1,0.288,0.38,0,0.403,0.972,140.04,4
spotify:track:1KhbRl7jNVVPzkuSkSTADs,"Back It Up","Deleted Scenes From The Cutting Room Floor","Caro Emerald",2010-01-29,232804,52,false,,2025-05-25T21:33:52Z,"electro swing,swing music","MVKA",0.902,0.78,0,-6.126,1,0.135,0.178,0.0166,0.118,0.714,107.965,4
spotify:track:6M4nkEPZMj58acftDRTuKL,"Tous les mêmes","racine carrée","Stromae",2013-01-01,210933,72,false,,2025-05-25T11:19:02Z,"french pop","Universal Music Distributed Labels",0.701,0.638,5,-9.061,0,0.165,0.223,0.00219,0.279,0.646,109.96,4
spotify:track:3oUEzTAoOxqZHN4xiqTGqJ,"Bécane - A COLORS SHOW","Bécane - A COLORS SHOW","Yamê;COLORS",2023-06-01,182440,66,true,,2025-05-25T11:12:30Z,"french rap","COLORSxSTUDIOS",0.505,0.527,10,-7.765,1,0.0958,0.327,0,0.0974,0.235,120.462,4
spotify:track:4u7EnebtmKWzUH433cf5Qv,"Bohemian Rhapsody - Remastered 2011","A Night At The Opera (2011 Remaster)","Queen",1975-11-21,354320,82,false,,2025-05-24T12:08:25Z,"classic rock,rock,glam rock","EMI",0.411,0.404,0,-9.928,0,0.0511,0.271,0,0.3,0.226,71.068,4
spotify:track:1DiDgAj69VsjgwApIYSGvk,"Le Campane Di Notre Dame","The Hunchback Of Notre Dame Original Soundtrack","Carlo Ragone;Franco Chillemi;Eros Pagni",2002-01-01,385586,39,false,,2025-05-23T18:54:33Z,"","Disney Records (Europe)",0.414,0.309,2,-14.268,0,0.0763,0.815,0,0.214,0.29,103.522,4
spotify:track:3b94xAWtPDqjPLXH2g754A,"Urca Urca Tirulero","Disney Forever Le Piu' Belle Canzoni Disney","Cast of Robin Hood",2003-01-01,110266,42,false,,2025-05-23T18:35:14Z,"","Disney Records (Europe)",0.646,0.212,10,-14.706,1,0.139,0.934,0.000846,0.107,0.546,81.406,4
spotify:track:6VObnIkLVruX4UVyxWhlqm,"Skyfall","Skyfall","Adele",2012-10-04,286081,86,false,,2025-05-21T20:18:00Z,"soft pop","XL Recordings/Columbia",0.346,0.552,0,-6.864,0,0.0282,0.417,0,0.114,0.0789,75.881,4
spotify:track:6x1KVYwQYKsem6EZ66w12M,"O Malea Simpalao Matelame Je Samba","I Balli dell' Estate! La Collezione Latinoamericana 2014","Fabio Cobelli",2014-05-20,205741,18,false,,2025-05-21T19:19:22Z,"","Red Wheel Music",0.689,0.578,8,-9.308,0,0.0522,0.404,0.00000203,0.125,0.728,128.148,4
spotify:track:0mEdbdeRFQwBhN4xfyIeUM,"Can't Tell Me Nothing","Graduation","Kanye West",2007-09-11,271600,83,true,,2025-05-20T21:29:28Z,"rap","Roc-A-Fella",0.587,0.62,5,-6.133,0,0.042,0.0122,0,0.82,0.106,79.928,4
spotify:track:5T7ywazdGIydr6JCW6t02j,"Smooth Criminal - 2012 Remaster","Bad (Remastered)","Michael Jackson",1987-08-31,257766,79,false,,2025-05-18T13:39:39Z,"","Epic/Legacy",0.853,0.981,8,-3.947,1,0.0751,0.247,0.468,0.306,0.595,118.193,4
spotify:track:3BovdzfaX4jb5KFQwoPfAw,"Beat It","Thriller","Michael Jackson",1982-11-30,258296,83,false,,2025-05-18T13:34:57Z,"","Epic",0.776,0.711,3,-9.03,0,0.0473,0.0242,0.000353,0.234,0.901,138.728,4
spotify:track:7J1uxwnxfQLu4APicE5Rnj,"Billie Jean","Thriller","Michael Jackson",1982-11-30,293802,87,false,,2025-05-18T13:34:52Z,"","Epic",0.932,0.457,11,-9.62,0,0.0541,0.0173,0.0436,0.0414,0.884,117.002,4
spotify:track:3SGYnEhg1vUHVlGnGdS6ed,"Vorrei ma non posto","Comunisti col Rolex","J-AX;Fedez",2017-01-20,225866,54,false,,2025-05-16T16:29:47Z,"","Epic",0.7,0.733,9,-5.88,1,0.0515,0.0525,0,0.118,0.718,96.05,4
spotify:track:3ZG8N7aWw2meb6UrI5ZmnZ,"Relación","1 of 1","Sech",2020-05-21,184254,67,false,,2025-05-16T14:27:26Z,"reggaeton,urbano latino","Rich Music",0.805,0.562,7,-3.117,0,0.105,0.125,0.00000496,0.148,0.767,172.094,4
spotify:track:44PCJv5RMS6zgPhKzlLg7o,"Sempre Me","Lunga Vita a Sto","Ghali",2017-11-24,194522,48,true,,2025-05-16T13:19:12Z,"italian trap","WM Italy",0.763,0.728,2,-5.254,1,0.198,0.383,0,0.0789,0.558,76.499,4
spotify:track:1sajOsIfI8ncxrb1I7Ak5D,"El Anciano y el Niño","El Anciano y el Niño","Cheo Gallego",2020-07-31,198221,64,false,,2025-05-13T23:09:05Z,"","WK Records",0.697,0.718,10,-5.762,0,0.327,0.556,0.0000261,0.0938,0.787,85.763,4
spotify:track:69VAE3LA7jn5rGAsdflMOS,"EL PIBE DE ORO","DIO LO SA","Geolier;Poison Beatz",2024-06-07,155493,62,true,,2025-05-11T11:19:30Z,"canzone napoletana,concerto,italian trap,neomelodico","Warner Music",0.742,0.533,4,-7.292,0,0.247,0.132,0,0.0874,0.792,142.049,4
spotify:track:2SGuajzUD13HfvkbNwhBQ0,"JUST DANCE","EVOLUTION VOL. I","teefaygoo;EVO",2024-09-05,121909,41,false,,2025-05-10T19:38:19Z,"phonk,brazilian phonk","EVO79",0.746,0.665,3,-7.069,0,0.0337,0.000789,0.00021,0.183,0.15,125.94,4
spotify:track:2Oocj7yGn2oAKhh3Bg6RD2,"Famax - Franky Rizardo Remix","Famax (Franky Rizardo Remix)","RAFFA GUIDO;Franky Rizardo",2024-09-06,211875,48,false,,2025-05-08T20:49:33Z,"afro house,latin house,house,tech house","Three Six Zero Recordings",0.733,0.81,5,-9.888,0,0.0432,0.0153,0.899,0.112,0.433,128.006,4
spotify:track:4ls5qnj1CKNd97vF2ZS8Gy,"Scuola","MOOD","nayt;3D",2021-04-02,148000,36,true,,2025-05-04T16:25:39Z,"italian trap,concerto","Sony Music Entertainment",0.827,0.587,6,-6.237,0,0.0372,0.716,0.0000226,0.115,0.617,120.04,4
spotify:track:2xpeEb2moFy7dRinc7tUnz,"Famax","Famax","RAFFA GUIDO",2024-02-23,335194,67,false,,2025-05-04T14:34:15Z,"afro house,latin house","Three Six Zero Recordings",0.819,0.814,3,-8.229,0,0.0395,0.000563,0.919,0.113,0.325,120.99,4
spotify:track:12CXx3gXBn9QjGSNYzEh05,"MATUSHKA ULTRAFUNK","MATUSHKA ULTRAFUNK","satirin",2024-12-13,144466,69,false,,2025-05-02T11:24:06Z,"phonk,brazilian phonk","Gamma Music",0.688,0.936,0,-3.373,1,0.144,0.000502,0.214,0.597,0.848,109.988,4
spotify:track:5qr8mQoN9tEWVIcX30fx3R,"Dolcenera","Anime Salve Legacy Edition","Fabrizio De André",1996,297786,50,false,,2025-04-29T13:34:35Z,"italian singer-songwriter,singer-songwriter","RCA Records Label",0.68,0.494,11,-8.357,0,0.0425,0.178,0.0000507,0.201,0.588,125.893,4
spotify:track:5lqyqPU3JkpCbUbLmTVQPW,"The Unforgiven - Remastered 2021","Metallica (Remastered 2021)","Metallica",2021-09-10,387160,75,false,,2025-04-26T20:39:42Z,"metal,thrash metal,rock,heavy metal,hard rock","Blackened Recordings / Universal Music",0.526,0.579,7,-9.489,1,0.0257,0.0179,0.00861,0.216,0.211,139.496,4
spotify:track:6QAsrXPnMSXIbV0yEJHlEX,"Nothing Else Matters - Remastered 2021","Metallica (Remastered Deluxe Box Set)","Metallica",2021-09-10,388733,83,false,,2025-04-26T20:01:55Z,"metal,thrash metal,rock,heavy metal,hard rock","Blackened Recordings / Universal Music",0.548,0.395,4,-9.794,0,0.0268,0.0543,0.00000541,0.0791,0.182,142.372,3
spotify:track:2wpSLqGcN5KXVeAGdAnQd0,"Sant'allegria - Jack Sani Remix","Sant'allegria (Jack Sani Remix)","Ornella Vanoni;Jack Sani",2024-07-26,147361,62,false,,2025-04-26T12:03:16Z,"italian singer-songwriter,italo dance,italo disco","NAR International",0.745,0.64,9,-8.725,0,0.047,0.204,0.000155,0.309,0.486,122.017,4
spotify:track:7xVOIwJr7bYqxipSpZSTY4,"Nu juorno buono","'A verità","Rocco Hunt",2014-03-24,194133,48,false,,2025-04-23T13:18:45Z,"canzone napoletana,neomelodico","Epic",0.654,0.718,9,-5.571,0,0.335,0.426,0,0.382,0.905,85.988,4
spotify:track:1mfvWzF39LwVpAm8g0LhQT,"MONTAGEM TOMADA - Slowed","MONTAGEM TOMADA","MXZI",2025-03-21,84901,6,false,,2025-04-19T15:28:14Z,"phonk,brazilian phonk,funk","Enarma Records",0.653,0.903,10,-3.15,0,0.0896,0.00727,0.491,0.163,0.272,109.28,4
spotify:track:0fX4oNGBWO3dSGUZcVdVV2,"N95","Mr. Morale & The Big Steppers","Kendrick Lamar",2022-05-13,195950,72,true,,2025-04-13T16:34:27Z,"hip hop,west coast hip hop","pgLang/Top Dawg Entertainment/Aftermath/Interscope Records",0.79,0.67,1,-5.527,1,0.105,0.377,0.00000232,0.119,0.408,139.956,4
spotify:track:4sTlQPMyoFMPdhAJvErBN3,"PASSO BEM SOLTO - Slowed","PASSO BEM SOLTO","ATLXS",2024-04-23,116072,83,false,,2025-04-11T20:33:50Z,"phonk,brazilian phonk","broke",0.602,0.867,1,-5.698,0,0.0312,0.00702,0.00442,0.259,0.399,115.899,4
spotify:track:17o9A94OLNp4vYByqk0xyx,"Il pulcino Pio - Radio Edit","Il pulcino Pio","Pulcino Pio",2012-07-18,160052,40,false,,2025-04-06T17:21:38Z,"children’s music,lullaby","Diy Italia",0.831,0.719,10,-7.068,0,0.115,0.25,0.00449,0.126,0.852,117.252,4
spotify:track:2lnzGkdtDj5mtlcOW2yRtG,"Whenever, Wherever","Laundry Service","Shakira",2001-11-13,196160,78,false,,2025-03-30T02:03:08Z,"latin pop","Epic",0.794,0.832,1,-4.862,0,0.0407,0.237,0.0000114,0.203,0.871,107.657,4
spotify:track:3cHyrEgdyYRjgJKSOiOtcS,"Timber","Global Warming: Meltdown (Deluxe Version)","Pitbull;Kesha",2012,204134,84,false,,2025-03-30T02:00:37Z,"","Mr.305/Polo Grounds Music/RCA Records",0.581,0.963,11,-4.087,1,0.0981,0.0295,0,0.139,0.788,129.992,4
spotify:track:4QNpBfC0zvjKqPJcyqBy9W,"Give Me Everything (feat. Nayer)","Planet Pit (Deluxe Version)","Pitbull;AFROJACK;Ne-Yo;Nayer",2011-06-17,252306,87,false,,2025-03-30T01:59:58Z,"edm,big room","Mr.305/Polo Grounds Music/J Records",0.671,0.939,8,-3.206,1,0.161,0.191,0,0.298,0.53,129.024,4
spotify:track:3DK6m7It6Pw857FcQftMds,"Runaway","My Beautiful Dark Twisted Fantasy","Kanye West;Pusha T",2010-11-22,547733,84,true,,2025-03-30T01:53:02Z,"rap","Roc-A-Fella",0.374,0.568,1,-3.825,0,0.109,0.219,0.00219,0.513,0.111,84.733,4
spotify:track:0Fs9cdPDhptWEDJmiCbkEW,"She Knows (feat. Amber Coffman & Cults)","Born Sinner (Deluxe Version)","J. Cole;Cults;Amber Coffman",2013-06-18,296520,73,true,,2025-03-22T11:21:06Z,"rap,dubstep,dub","Roc Nation LLC",0.766,0.74,1,-10.363,1,0.0807,0.0193,0.0784,0.229,0.183,118.008,4
spotify:track:2BptnzpcLO9NAdNdKh2rZy,"il ritmo delle cose.","il ritmo delle cose.","Rkomi",2025-02-12,192421,55,false,,2025-03-21T11:15:51Z,"italian trap,concerto","Universal Music Italia srL.",0.712,0.759,7,-6.243,0,0.298,0.339,0,0.304,0.602,111.904,4
spotify:track:5PLKEZeSkx8huNY1RuzTRR,"I'm a Coconut - Funny Remix","I'm a Coconut (Funny Remix)","Coconut Hen;Emil Gustavsson",2018-07-25,154687,36,false,,2025-03-20T20:30:29Z,"","Reaction Songs",0.901,0.707,11,-9.669,0,0.335,0.146,0.000317,0.0248,0.887,128.282,4
spotify:track:6AI3ezQ4o3HUoP6Dhudph3,"Not Like Us","Not Like Us","Kendrick Lamar",2024-05-04,274192,88,true,,2025-02-28T15:49:55Z,"hip hop,west coast hip hop","Kendrick Lamar, under exclusive license to Interscope Records",0.898,0.472,1,-7.001,1,0.0776,0.0107,0,0.141,0.214,101.061,4
spotify:track:7MhNCT34oaLIxwAsZlZd67,"Without Me","Manic","Halsey;Juice WRLD",2020-01-17,228951,70,true,,2025-02-23T20:12:36Z,"melodic rap,emo rap","Capitol Records",0.744,0.514,6,-6.103,1,0.0746,0.355,0,0.183,0.449,136.013,4
spotify:track:6FZDfxM3a3UCqtzo5pxSLZ,"Without Me","Manic","Halsey",2020-01-17,201660,84,true,,2025-02-23T19:40:28Z,"","Capitol Records",0.752,0.488,6,-7.05,1,0.0705,0.293,0.0000092,0.0936,0.533,136.07,4
spotify:track:38LMBNT0pW36IAmw8jkTD6,"Menina do Job","Menina do Job","cjnobeat;WANTED no Beat;Dj Junior Sales;MC Xangai;Mc Gw",2024-10-28,124147,48,true,,2025-02-23T16:34:47Z,"brega funk,brazilian funk,tecnobrega,phonk,brazilian phonk,funk de bh,funk carioca","cjnobeat",0.833,0.645,11,-5.965,1,0.267,0.34,0,0.252,0.715,176.089,4
spotify:track:0CjbOXvAiH4A4ezj9CnkVb,"Human","The Art of Adrenaline","Rex Banner",2023-09-04,197437,47,true,,2025-02-21T16:29:43Z,"","Artlist Original",0.68,0.576,1,-9.57,1,0.0411,0.223,0.437,0.0947,0.397,74.975,4
spotify:track:1nLGeFQuY7PFxrou3ezEvP,"Rossetto e caffè","Rossetto e caffè","Sal Da Vinci",2024-06-14,192989,48,false,,2025-02-16T13:58:54Z,"neomelodico,canzone napoletana","Cose Production srl",0.63,0.792,5,-6.72,0,0.0432,0.0356,0,0.117,0.357,96.013,4
spotify:track:4T4c2Uga62oYzjgiREtPLc,"Open Door","Open Door","Monst3r",2024-03-28,89939,29,false,,2025-02-13T15:08:24Z,"","Tiger Gang Records",0.469,0.429,2,-19.206,0,0.0511,0.0367,0.878,0.155,0.808,126.691,4
spotify:track:5WDLRQ3VCdVrKw0njWe5E5,"Careless Whisper","Ladies & Gentlemen","George Michael",1998-11-09,300106,77,false,,2025-02-12T12:10:22Z,"","Epic",0.575,0.643,2,-8.854,0,0.0331,0.136,0.00000165,0.249,0.789,152.854,4
spotify:track:4h9MncHxnveRZ6NOEdslYL,"Cucaracha","SUL RADAR","Low-Red;Nerissima Serpe;Papa V",2022-07-13,154531,45,true,,2025-02-11T15:58:12Z,"italian trap","Thaurus Publishing",0.836,0.656,7,-4.899,1,0.272,0.032,0,0.0775,0.663,96.067,4
spotify:track:52Zr0sinhWTCRrQhRRY4EP,"Dragostea din tei","DiscO-Zone","O-Zone",2004-02-23,215386,71,false,,2025-02-03T20:43:59Z,"europop,eurodance","Cat Music",0.802,0.966,0,-3.933,1,0.0424,0.18,0,0.0611,0.684,130.099,4
spotify:track:3QHMxEOAGD51PDlbFPHLyJ,"Vivir Mi Vida","3.0","Marc Anthony",2013-07-23,252359,79,false,,2025-02-02T01:54:00Z,"salsa,merengue,bachata,latin,latin pop","Sony Music Latin",0.656,0.877,0,-3.231,0,0.0342,0.345,0,0.349,0.894,105.018,4
spotify:track:00XZvK2OtwMZCm2nlwy92P,"1, 2, 3, 4","1, 2, 3, 4","BRN",2021-03-26,193548,30,false,,2025-01-31T14:48:37Z,"tech house","Muzenga Records",0.718,0.81,9,-7.739,0,0.0773,0.00587,0.00344,0.301,0.325,123.964,4
spotify:track:1rh232CwAy3EDEWFJkwH88,"Hotel California","Take It To The Summit (Houston, TX 16th Nov '76)","Eagles",1976,421146,7,false,,2025-01-28T18:41:50Z,"classic rock,yacht rock,soft rock","Madeira Music",0.478,0.628,2,-9.979,1,0.0366,0.257,0,0.327,0.613,143.693,4
spotify:track:2MscX7xaiCdcy5xqD7C3w9,"Amandoti","Hitstory Deluxe Edition","Gianna Nannini",2015-10-30,203786,47,false,,2025-01-25T14:51:04Z,"italo dance,italian singer-songwriter","RCA Records Label",0.591,0.646,5,-5.283,0,0.0326,0.0195,0.0000191,0.148,0.564,107.835,4
spotify:track:2dwMT6PKlrwzB15HvB9cxu,"Deep Fear","Club Selection (Mixed By DJ Raxx)","Sidekick",2011-01-01,289320,43,false,,2025-01-25T13:33:33Z,"","Chic Flowerz",0.745,0.61,9,-10.556,0,0.0735,0.02,0.913,0.0586,0.1,126.423,4
spotify:track:1HR2CTi0ytRJIcik1QKdOa,"Beautiful","Relapse: Refill","Eminem",2009-05-15,392826,71,true,,2025-01-21T22:20:05Z,"rap,hip hop","Eminem Catalog PS",0.727,0.696,5,-4.472,0,0.0706,0.251,0,0.0726,0.467,132.077,4
spotify:track:2plbrEY59IikOBgBGLjaoe,"Die With A Smile","Die With A Smile","Lady Gaga;Bruno Mars",2024-08-16,251667,91,false,,2025-01-16T22:01:36Z,"art pop,pop","Interscope",0.521,0.592,6,-7.777,0,0.0304,0.308,0,0.122,0.535,157.969,3
spotify:track:09HjLlsBh3iqLEkOgH4Ac4,"ON FIRE","BRAVE","JOYRYDE",2020-04-03,203520,50,false,,2025-01-13T18:43:42Z,"bass house,g-house","HARD Recs",0.78,0.908,1,-2.706,1,0.0822,0.00672,0.45,0.167,0.617,125.021,4
spotify:track:4anVhqcUQ6meMRdz8PYFUy,"Non è fortuna","Lettera Q","nayt",2024-11-22,177049,50,false,,2025-01-09T05:16:16Z,"italian trap,concerto","Columbia",0.803,0.455,0,-10.209,1,0.102,0.581,0.000387,0.117,0.162,122.003,4
spotify:track:2KX4nDFDp9cUymIvxpRRYg,"Ieri","Lettera Q","nayt",2024-11-22,147326,45,false,,2025-01-09T04:57:19Z,"italian trap,concerto","Columbia",0.846,0.452,5,-8.832,0,0.235,0.332,0.000137,0.149,0.387,99.949,4
spotify:track:6Qr4ufjYXdEd0KNFd7sJxx,"Let's Go","Let's Go","Jaden Bojsen;David Guetta;Sami Brielle",2024-10-04,159577,74,true,,2025-01-05T15:22:47Z,"edm","Spinnin' Records",0.679,0.968,8,-4.947,0,0.0445,0.00439,0.138,0.067,0.642,129.051,4
spotify:track:0C4ejWmOTMv8vuYj85mf8m,"S&M","Loud","Rihanna",2010-11-16,243533,74,true,,2024-12-29T18:29:11Z,"","Def Jam Recordings",0.767,0.682,1,-5.02,1,0.042,0.0113,0.00016,0.104,0.833,127.975,4
spotify:track:732hl1bSexhqKxC3B0T3IU,"Via del campo","Volume 1","Fabrizio De André",1967,149613,54,false,,2024-12-23T17:12:03Z,"italian singer-songwriter,singer-songwriter","Ricordi",0.363,0.169,7,-15.123,0,0.0378,0.945,0,0.11,0.546,178.588,3
spotify:track:18DpDNZoPFkMFin7QHzCf9,"Fiume Sand Creek","Fabrizio De André (Indiano)","Fabrizio De André",1981-11-25,337685,45,false,,2024-12-23T16:54:47Z,"italian singer-songwriter,singer-songwriter","Ricordi",0.627,0.544,0,-12.748,1,0.0427,0.202,0.0281,0.191,0.361,109.67,4
spotify:track:6tY6R9x2Fe3UQn3kW58uc3,"La Ballata Dell'Amore Cieco (O Della Vanita')","Peccati Di Gioventu","Fabrizio De André",2000-01-01,168346,47,false,,2024-12-23T16:40:13Z,"italian singer-songwriter,singer-songwriter","Universal Music Italia srL.",0.509,0.421,9,-9.186,0,0.209,0.761,0.0000858,0.579,0.843,175.524,4
spotify:track:6RQEx7AqNQ2VcFabfMan7c,"La Citta' Vecchia","Peccati Di Gioventu","Fabrizio De André",2000-01-01,199693,42,false,,2024-12-23T14:26:31Z,"italian singer-songwriter,singer-songwriter","Universal Music Italia srL.",0.643,0.31,5,-12.145,0,0.0681,0.741,0,0.169,0.77,134.604,3
spotify:track:6C7oJFOk0WX01wH1KMebaY,"Amore che vieni, amore che vai","Volume 3","Fabrizio De André",1968,168173,51,false,,2024-12-22T13:16:03Z,"italian singer-songwriter,singer-songwriter","Ricordi",0.398,0.362,8,-10.892,0,0.0294,0.773,0.0128,0.155,0.509,98.87,3
spotify:track:4UsYN68FV4laJT0ppCswS3,"Un giudice","Non Al Denaro, Non All'Amore, Ne Al Cielo","Fabrizio De André",1971-10-17,175880,46,false,,2024-12-22T13:01:21Z,"italian singer-songwriter,singer-songwriter","Ricordi",0.627,0.157,9,-16.367,0,0.106,0.89,0.0009,0.0846,0.677,156.135,3
spotify:track:2n9TpEwMXzJ5nu00G6agJv,"L'Emozione Non Ha voce (Io Non So Parlar D'Amore)","Il Cuore, La Voce","Adriano Celentano",2001-01-01,270266,30,false,,2024-12-19T22:21:59Z,"italo dance,italian singer-songwriter","Universal Music Italia srL.",0.566,0.397,11,-9.713,1,0.0569,0.676,0,0.0452,0.212,133.789,4
spotify:track:7p9nV83OAXMpeAXx9SXW5i,"Menina de Vermelho","Menina de Vermelho","MC Menor JP;RAMONMIX;The Ironix",2024-10-18,151348,67,false,,2024-12-12T13:01:39Z,"","Good Kid Records & Polydor x Island",0.525,0.717,6,-6.414,1,0.0796,0.0827,0,0.0378,0.7,129.742,4
spotify:track:22hOKPKTAegLoLJKM33K4a,"Last Night - Anyma x Layton Giordani Remix","Last Night (Anyma x Layton Giordani Remix)","Loofy;Anyma;Layton Giordani",2024-05-17,256743,62,false,,2024-11-26T18:23:59Z,"melodic techno,melodic house,techno,stutter house,tech house,acid techno","Nervous Records",0.867,0.681,1,-5.702,0,0.051,0.0858,0.304,0.0822,0.0789,129.001,4
spotify:track:40WzwbqimeaZTN5Dg9ohBL,"DELILAH - SUMMER VERSION","DELILAH (SUMMER VERSION)","MIKOLAS",2024-07-26,132443,0,false,,2024-11-23T18:53:31Z,"","Mind The Floor",0.522,0.612,1,-6.79,0,0.157,0.355,0,0.0683,0.688,130.05,4
spotify:track:7egk4i5HeWIUxdpqRXhy3V,"night drive (200mph)","night drive","arya x",2023-06-01,111219,56,false,,2024-11-22T13:59:30Z,"dark r&b","arya x under exclusive license to Amuseio AB",0.586,0.418,6,-12.519,1,0.0454,0.533,0.762,0.146,0.0866,172.596,4
spotify:track:77cHi3HzlrS8XDgue2WT8y,"Porto","Utopia / Porto","Worakls",2014-02-18,330000,56,false,,2024-11-09T03:35:14Z,"minimal techno,melodic techno,electro","Hungry Music",0.678,0.713,8,-6.451,1,0.0487,0.00136,0.865,0.0837,0.19,127.993,4
spotify:track:6H05BWojJmygTQQHpt9irD,"Alla Fiera Dell'Est","Alla Fiera Dell'Est","Angelo Branduardi",1976-01-01,322840,40,false,,2024-11-02T22:53:04Z,"italian singer-songwriter,singer-songwriter,italo dance","Universal Music Italia srL.",0.42,0.41,7,-13.055,1,0.0456,0.551,0,0.181,0.652,126.591,4
spotify:track:3fgehc497TFqKH1zBL2YNK,"Heavy Is the Crown","Heavy Is the Crown","Linkin Park",2024-09-24,167012,73,false,,2024-11-02T10:36:19Z,"nu metal,rap metal,rock,alternative metal","Warner Records",0.571,0.928,4,-3.725,0,0.0453,0.00932,0,0.297,0.489,127.939,4
spotify:track:3542hlbHYz8DtHpnMbhjUj,"Note blanche","Note blanche","NTO",2016-02-12,352000,39,false,,2024-10-26T03:19:04Z,"melodic techno,minimal techno,electro,techno","Hungry Music",0.733,0.728,11,-8.848,0,0.0435,0.536,0.785,0.117,0.316,120.016,4
spotify:track:19MTDlbq5kgkwLeOYg9TbV,"Dushanbe","Dushanbe / Blindfold","AfterU",2019-07-15,249496,42,false,,2024-10-12T09:32:18Z,"melodic techno,melodic house","Armada Electronic Elements",0.675,0.685,7,-10.118,1,0.0418,0.00775,0.793,0.0951,0.197,121.999,3
spotify:track:0CAfXk7DXMnon4gLudAp7J,"Low (feat. T-Pain)","Mail on Sunday","Flo Rida;T-Pain",2008-03-17,231400,85,false,,2024-10-10T21:45:54Z,"","Poe Boy/Atlantic",0.918,0.609,10,-5.64,0,0.0791,0.0928,0,0.139,0.304,128.008,4
spotify:track:0RbhVoxOZE8BniSgmDbaXV,"Tutto il resto e' noia","Tutto Il Resto E' Noia","Franco Califano",1977-04-15,274333,52,false,,2024-10-01T10:05:33Z,"italian singer-songwriter,singer-songwriter,italo disco","Ricordi",0.373,0.319,0,-12.198,1,0.0367,0.483,0,0.093,0.296,123.612,4
spotify:track:0dJfTaGxj0Cchhpm2FPG7O,"La Fitta Sassaiola Dell'Ingiuria","?!","Caparezza",2000-01-01,248506,34,false,,2024-09-30T22:58:19Z,"italian singer-songwriter","Virgin",0.607,0.831,11,-8.327,0,0.182,0.169,0.0929,0.0659,0.83,70.915,4
spotify:track:4BnrGx9tWNF8aiXl1UhDBa,"One Beer","MM..FOOD","MF DOOM",2004-11-16,258586,72,true,,2024-09-27T12:34:41Z,"experimental hip hop,east coast hip hop,jazz rap,alternative hip hop","Rhymesayers",0.376,0.718,7,-6.7,1,0.246,0.0996,0.00332,0.633,0.615,91.115,4
spotify:track:2283zZ5rVUr1G08tTlkKc1,"Comeback","Comeback","IMIS!;Pay4n",2021-05-18,156547,49,true,,2024-09-27T12:34:02Z,"","imis",0.426,0.745,9,-4.755,1,0.336,0.209,0,0.166,0.436,99.981,4
spotify:track:2d6UkVoNg0BV1dsqsBLmkp,"Una Favela","Una Favela","Qodës;Antonia",2022-03-23,172636,44,false,,2024-09-24T01:36:23Z,"manele,europop","Global Records",0.662,0.734,8,-5.083,0,0.0466,0.0773,0.00000442,0.0912,0.508,109.979,4
spotify:track:5CI4uc5U66KH9g4nklN2JO,"Domino - Rework Edit","Domino Remixes","Oxia",2017-02-24,222416,53,false,,2024-09-24T01:31:49Z,"techno,minimal techno","Sapiens Recordings",0.725,0.855,1,-9.101,0,0.0435,0.0017,0.921,0.076,0.123,126.034,4
spotify:track:5PUvxyQ0STurZq4TM8yl4F,"Secrets of the Castle","Harry Potter and the Prisoner of Azkaban / Original Motion Picture Soundtrack","John Williams",2004-05-25,152146,49,false,,2024-09-16T21:37:19Z,"soundtrack,score","Warner Sunset/Nonesuch/Atlantic",0.219,0.0283,2,-29.83,0,0.0357,0.933,0.827,0.132,0.0828,57.394,3
spotify:track:3rdIfUypAjqTHt4CTQlPec,"Where the Shadows Lie","The Lord of the Rings: The Rings of Power (Season One: Amazon Original Series Soundtrack)","Bear McCreary;Fiona Apple",2022-10-14,228960,37,false,,2024-09-16T19:54:18Z,"celtic,soundtrack,art pop","Amazon Content Services, LLC",0.21,0.249,11,-12.501,1,0.033,0.887,0.0000449,0.0969,0.0643,86.323,1
spotify:track:4gEoAHojf8v3gMpoPI3iT6,"U2","Gemelli","Ernia",2020-06-18,164409,45,true,,2024-09-15T18:40:07Z,"italian trap","Universal Music Italia srL.",0.93,0.642,11,-4.422,0,0.0832,0.201,0.0237,0.135,0.674,126.98,4
spotify:track:6nxQV4fJgfvyfZRPPJm1mO,"In Italia 2024 (feat. Emma & Baby Gang)","In Italia 2024 (feat. Emma & Baby Gang)","Fabri Fibra;Emma;Baby Gang",2024-02-23,245292,58,true,,2024-09-14T14:46:20Z,"italian trap,concerto","Epic",0.573,0.836,10,-5.065,0,0.278,0.025,0,0.284,0.637,163.992,4
spotify:track:7shYDOHMcKI92vIDnXKBT0,"La Pula Bussò","Tradimento Platinum Edition","Fabri Fibra",2006-12-01,244160,0,true,,2024-09-14T14:35:35Z,"italian trap,concerto","Universal Music",0.745,0.672,2,-3.686,1,0.3,0.121,0,0.107,0.696,77.218,4
spotify:track:0Eofcsrnh8XMBy6zQweGW6,"Le Donne","Controcultura (Bonus Track Version)","Fabri Fibra",2010-09-07,241546,30,true,,2024-09-14T14:28:27Z,"italian trap,concerto","Universal Music Italia srL.",0.759,0.739,6,-6.846,0,0.164,0.0996,0,0.455,0.584,120.02,4
spotify:track:4jdrfInzmSSp2P85GwBdo9,"Niente Di Personale","Niente Di Personale","Fabri Fibra",2014-03-26,283200,28,true,,2024-09-14T13:02:10Z,"italian trap,concerto","Universal Music Italia srL.",0.808,0.825,11,-6.234,0,0.302,0.0306,0,0.202,0.772,134.053,4
spotify:track:2oHM9KAdFdFvDCaE4V6RST,"Hate Bein' Sober","Finally Rich","Chief Keef;50 Cent;Wiz Khalifa",2012-01-01,280173,75,true,,2024-09-14T10:18:39Z,"chicago drill,drill,old school hip hop,east coast hip hop,rap","UMGRI Interscope",0.82,0.47,8,-7.181,1,0.0458,0.00425,0,0.141,0.314,132.003,4
spotify:track:2qEIxrAyHiTSKKGAKKJKrQ,"In Da Club","Best Of 50 Cent","50 Cent",2017-03-31,193546,43,true,,2024-09-14T10:02:36Z,"old school hip hop,east coast hip hop","Aftermath/Shady",0.9,0.622,6,-5.96,0,0.399,0.253,0,0.0655,0.81,90.058,4
spotify:track:0fLILzjVXRCLC0lsNKcQ8I,"P.I.M.P. - Snoop Dogg Remix","Get Rich Or Die Tryin'","50 Cent;Snoop Dogg",2003-02-06,288573,66,true,,2024-09-14T09:59:37Z,"old school hip hop,east coast hip hop,g-funk,west coast hip hop,gangster rap,hip hop,rap","Shady Records",0.677,0.698,3,-5.793,0,0.352,0.0935,0,0.0511,0.83,78.443,4
spotify:track:6ygSlFgsuHPLENIKP860Hg,"I'm Supposed To Die Tonight","The Massacre","50 Cent",2005-03-03,231026,63,true,,2024-09-14T09:09:06Z,"old school hip hop,east coast hip hop","Aftermath/Shady",0.676,0.72,7,-3.929,1,0.31,0.00307,0.000272,0.0853,0.322,78.9,4
spotify:track:4sNG6zQBmtq7M8aeeKJRMQ,"Brazil","What Do You Think About the Car?","Declan McKenna",2017-04-21,252305,77,false,,2024-09-13T22:20:42Z,"","Columbia",0.687,0.617,4,-5.213,1,0.0287,0.0941,0.0000127,0.0898,0.665,121.079,4
spotify:track:1o2WYr42HrIoR38WhMy4p6,"Aria","Aria","Argy;Omnya",2023-09-22,236065,62,false,,2024-09-13T13:26:55Z,"melodic techno,melodic house,techno","Afterlife",0.652,0.818,10,-5.994,0,0.0276,0.00248,0.289,0.201,0.0893,122.005,4
spotify:track:7q7MXZtZD45z0fWz2T7mKU,"Croche","Croche","NTO",2018-06-22,379354,46,false,,2024-09-11T21:44:30Z,"melodic techno,minimal techno,electro,techno","Hungry Music",0.748,0.558,6,-9.648,1,0.0462,0.00175,0.913,0.102,0.134,124.007,4
spotify:track:7iXF2W9vKmDoGAhlHdpyIa,"Forgot About Dre","2001","Dr. Dre;Eminem",1999-11-16,222293,79,true,,2024-09-10T22:03:24Z,"old school hip hop,g-funk,gangster rap,west coast hip hop,hip hop,rap","Aftermath",0.924,0.74,8,-1.299,1,0.0774,0.0827,0,0.163,0.621,133.974,4
spotify:track:3tQRLmfOWBlB00i2mGLN3M,"Overdose D'Amore 2024","Overdose D'Amore 2024","Zucchero;Salmo",2024-06-13,176129,49,false,,2024-09-10T21:03:04Z,"italo dance,italian singer-songwriter,italian trap,concerto","Universal Music Italia srL.",0.643,0.753,10,-5.976,1,0.0592,0.00466,0.00318,0.356,0.0829,124.442,4
spotify:track:22KvbVZLVA9aY7zsRWK0fw,"Hoist the Colours","Pirates Of The Caribbean: At World's End Original Soundtrack","Hans Zimmer;Ted Elliot;Terry Rossio",2007-01-01,91080,51,false,,2024-09-08T14:14:16Z,"soundtrack,score,sea shanties","Walt Disney Records",0.407,0.0658,7,-23.76,1,0.0411,0.716,0,0.551,0.267,96.232,3
spotify:track:0pVSpAnjpnqywmPZnOISiv,"A Te","Safari","Jovanotti",2008-01-18,264240,59,false,,2024-09-08T10:40:03Z,"italian singer-songwriter,italo dance,concerto","Universal Music Italia srL.",0.457,0.523,0,-7.09,1,0.0353,0.606,0.00000643,0.103,0.376,134.35,4
spotify:track:7MVddrcQvooRlFXaJI8biA,"Hector's Death","Music From The Motion Picture Troy","James Horner;Tanja Tzarovska",2004-05-11,207840,38,false,,2024-09-07T11:17:23Z,"soundtrack,score","Warner Sunset/Reprise",0.364,0.0867,5,-22.982,1,0.0509,0.924,0.353,0.0911,0.0385,120.022,4
spotify:track:1Sgj10byiGzPpI2IrXSFEn,"Protect Ya Neck","Enter The Wu-Tang (36 Chambers) [Expanded Edition]","Wu-Tang Clan",1993-11-09,291266,66,true,,2024-09-06T10:56:31Z,"old school hip hop,east coast hip hop,hip hop,gangster rap,hardcore hip hop","RCA Records Label",0.822,0.509,8,-12.31,0,0.415,0.0353,0.00000726,0.771,0.823,102.007,4
spotify:track:1fugrphRjf2zBZWbvJwQv2,"Mi sei scoppiato dentro il cuore","Studio Uno '66","Mina",1966,185628,60,false,,2024-09-04T21:19:39Z,"italian singer-songwriter,italo dance","Peer Southern Productions",0.467,0.529,9,-5.773,1,0.0517,0.626,0.00000192,0.0917,0.348,119.566,4
spotify:track:5PycBIeabfvX3n9ILG7Vrv,"Propuesta Indecente","Fórmula, Vol. 2 (Deluxe Edition)","Romeo Santos",2014-02-25,235133,82,false,,2024-08-31T06:22:35Z,"bachata,latin","Sony Music Latin",0.757,0.632,2,-6.83,1,0.0549,0.499,0,0.0723,0.742,122.936,4
spotify:track:2T3jgoAMbBXiMMD8pSc6QL,"This Is The Life","This Is The Life (eDeluxe)","Amy Macdonald",2007-01-01,184413,79,false,,2024-08-31T05:55:26Z,"","EMI",0.628,0.882,1,-5.024,0,0.0323,0.259,0,0.065,0.853,95.083,4
spotify:track:0261Ygfx7TIJKN1X3tN1XC,"Pra Nao Dizer Que Nao Falei das Flores - Caminando, Federico Scavo Remix 2012 Break Set","Pra Nao Dizer Que Nao Falei das Flores (Caminando)","Federico Scavo",2012,462240,26,false,,2024-08-29T21:27:12Z,"latin house,tribal house,funky house","Area 94",0.772,0.944,7,-5.103,1,0.0742,0.00627,0.0898,0.232,0.623,125.036,4
spotify:track:6nVmWaWPlljkjo6v6vpFfA,"METEORE Ⳣ (con Gemitaiz, Izi, centomilacarie)","MĀYĀ","MACE;Izi;centomilacarie;Gemitaiz",2024-07-05,259186,54,false,,2024-08-26T15:17:05Z,"italian trap","Universal Music Italia srL.",0.568,0.619,7,-6.461,1,0.0865,0.224,0,0.13,0.351,144.705,3
spotify:track:1mmX18e65exwL4E5kNhLCB,"Asturias","Classica Croatica","Ana Vidović",2011-12-29,361986,0,false,,2024-08-23T11:55:49Z,"","Croatia Records",0.403,0.228,0,-16.751,1,0.0668,0.948,0.874,0.102,0.299,123.56,3
spotify:track:7fH13hSOyNoeiDGbjEnTUC,"Brivido","Bravo Ragazzo (Royal Edition)","Guè;Marracash",2013-01-01,227693,68,true,,2024-08-22T11:14:12Z,"italian trap,concerto","Universal Music Italia srL.",0.628,0.69,7,-6.273,0,0.338,0.237,0,0.0899,0.431,82.285,4
spotify:track:6zIfdCmmhPCX0cMquBsC37,"Sweet Dreams (Are Made of This)","Greatest Hits","Eurythmics;Annie Lennox;Dave Stewart",1991-02-28,292560,61,false,,2024-08-13T13:38:52Z,"new wave,synthpop","Arista",0.713,0.584,8,-11.811,1,0.0434,0.3,0.00028,0.122,0.857,125.989,4
spotify:track:27ksH0CK9pqPUOp5lJ3z7V,"Ulalala (feat. Gemitaiz)","Ragazzi madre","Achille Lauro;Boss Doms;Gemitaiz",2016-11-11,266960,50,true,,2024-08-13T00:35:58Z,"italian trap","WM Italy",0.478,0.66,0,-5.515,0,0.157,0.278,0,0.171,0.581,110.933,4
spotify:track:5CN1f2QwMORcNgwJxgFvwr,"Bella ci dormi","Pizzica indiavolata","Canzoniere Grecanico Salentino",2012-07-16,258800,34,false,,2024-08-10T13:31:05Z,"traditional music","Ponderosa Music & Art",0.384,0.165,2,-11.442,0,0.037,0.924,0,0.111,0.343,143.481,3
spotify:track:1UOhKnE2fZJuGdB7ssn9nf,"Herbalist","Soul Pirate","Alborosie",2008-01-01,191333,58,false,,2024-08-06T16:43:21Z,"reggae,roots reggae,ragga,dub","evosound",0.804,0.607,10,-6.84,0,0.37,0.0773,0,0.0993,0.823,142.421,4
spotify:track:49HaNRctnmeQM4KjGktJ1Q,"La guerra di Piero","Volume 3","Fabrizio De André",1968,181893,51,false,,2024-08-05T12:24:31Z,"italian singer-songwriter,singer-songwriter","Ricordi",0.618,0.36,1,-14.037,0,0.201,0.9,0.00000107,0.09,0.817,105.536,4
spotify:track:51L755MgFBI5Eu0LlwPXM2,"Volta la carta","Rimini","Fabrizio De André",1978-05-02,229866,48,false,,2024-08-05T12:24:29Z,"italian singer-songwriter,singer-songwriter","Ricordi",0.545,0.879,0,-7.234,1,0.0502,0.333,0.00000177,0.11,0.483,124.073,4
spotify:track:7GXOXYdU950eRvk5rUAE8F,"Head Honcho","The Death of Slim Shady (Coup De Grâce)","Eminem;Ez Mil",2024-07-12,234836,55,true,,2024-07-26T15:30:37Z,"rap,hip hop,pinoy hip hop,pinoy r&b","Shady/Aftermath/Interscope Records",0.66,0.716,10,-7.353,0,0.353,0.0386,0,0.236,0.419,172.683,4
spotify:track:50No7LiVffAJCWIChZodmU,"Lucifer","The Death of Slim Shady (Coup De Grâce)","Eminem;Sly Pyper",2024-07-12,261758,58,true,,2024-07-15T09:29:32Z,"rap,hip hop","Shady/Aftermath/Interscope Records",0.665,0.808,0,-3.983,1,0.347,0.0474,0,0.335,0.557,79.144,4
spotify:track:55u5QIlEuzCipJBtZPdJio,"Renaissance","The Death of Slim Shady (Coup De Grâce)","Eminem",2024-07-12,98152,59,true,,2024-07-12T10:21:11Z,"rap,hip hop","Shady/Aftermath/Interscope Records",0.562,0.901,11,-4.166,0,0.443,0.0695,0,0.229,0.241,199.226,4
spotify:track:7IBGw13AbUorsu133u6Q0Z,"Vieni A Ballare In Puglia","Le Dimensioni Del Mio Caos","Caparezza",2008-01-01,240533,56,false,,2024-07-10T21:31:27Z,"italian singer-songwriter","VIRGIN MUSIC",0.761,0.904,5,-4.88,0,0.0854,0.108,0,0.307,0.664,140.033,4
spotify:track:738Ku4hI0ezRMNheUcW8Eh,"Ghir Enta","Deb","Souad Massi",2003-01-01,305653,47,false,,2024-07-07T12:30:02Z,"gnawa","Universal Music Division Virgin Music",0.728,0.505,5,-7.874,0,0.0324,0.123,0.00234,0.203,0.585,118.081,4
spotify:track:6zAiRKvAMlXHxEtyO4yxIO,"Phoenix","Phoenix","League of Legends;Cailin Russo;Chrissy Costanza",2019-10-08,197633,31,false,,2024-07-06T12:45:20Z,"","Riot Games",0.42,0.723,10,-6.86,0,0.175,0.0638,0.0000117,0.123,0.288,167.806,4
spotify:track:2qSkIjg1o9h3YT9RAgYN75,"Espresso","Espresso","Sabrina Carpenter",2024-04-12,175459,85,true,,2024-07-05T07:43:54Z,"pop","Island Records",0.701,0.76,0,-5.478,1,0.0285,0.107,0.0000654,0.185,0.69,103.969,4
spotify:track:076HUj0TPUnBidZdy9PEyx,"Casa - Arabic Version","Casa (Arabic version)","Ouidad",2024-04-12,145057,39,false,,2024-06-19T12:17:10Z,"moroccan pop","Play Two",0.434,0.365,2,-8.452,1,0.041,0.498,0,0.0876,0.223,93.733,4
spotify:track:5aIVCx5tnk0ntmdiinnYvw,"Water","Water","Tyla",2023-07-28,200255,86,false,,2024-06-12T22:32:41Z,"afrobeats","FAX Records/Epic",0.673,0.722,3,-3.495,0,0.0755,0.0856,0,0.137,0.519,117.187,4
spotify:track:6hwawJtSqgzNfYfLfqTv2p,"Generale","De Gregori","Francesco De Gregori",1978,259626,57,false,,2024-06-11T11:31:07Z,"italian singer-songwriter,singer-songwriter","RCA Records Label",0.548,0.513,9,-11.152,1,0.0296,0.723,0,0.0615,0.601,116.441,4
spotify:track:1omKhhugV50verhv2zC5af,"Baapu","Baapu","Naveen Padha",2024-05-26,209956,0,false,,2024-06-08T09:58:44Z,"","Padha Production",0.691,0.703,11,-6.308,0,0.0457,0.135,0,0.185,0.397,144.961,4
spotify:track:525vzYkgrT8uerIzDe5Apx,"Bella","Lorenzo 1997 - L'Albero","Jovanotti",1997-02-17,276066,57,false,,2024-05-26T13:38:16Z,"italian singer-songwriter,italo dance,concerto","Universal Music Italia srL.",0.633,0.794,2,-9.189,1,0.0507,0.479,0.000113,0.0804,0.754,100.813,4
spotify:track:3c1ItvzDDDpmDgLH9SIUp4,"Immortals","Big Hero 6 (Original Motion Picture Soundtrack)","Fall Out Boy",2014-10-31,195026,64,false,,2024-05-26T08:55:00Z,"emo,pop punk","Walt Disney Records",0.703,0.856,11,-6.336,0,0.0461,0.00064,0.00126,0.38,0.722,108.025,4
spotify:track:5nyef8bHyXaglyArVUNlre,"Deadwood","Deadwood","Really Slow Motion",2021-04-09,186938,57,false,,2024-05-10T10:59:42Z,"","Really Slow Motion",0.337,0.756,10,-5.499,1,0.0817,0.193,0.862,0.137,0.133,180.25,3
spotify:track:0hO71r8vbnrXSaXVrR9ptF,"I'm In Love With a Monster","I'm In Love With a Monster","Fifth Harmony",2015-08-14,211786,67,false,,2024-05-04T20:34:40Z,"","Syco Music/Epic",0.666,0.812,6,-4.07,0,0.0647,0.0597,0,0.0603,0.868,145.059,4
spotify:track:0eLYWoIuuNzaR26eynemYM,"Plaza Freestyle","Plaza Freestyle","El Chapo Junior;DJ Princex",2023-12-15,88363,49,true,,2024-04-28T15:54:12Z,"canzone napoletana,neomelodico","40 Saints",0.591,0.813,11,-5.9,0,0.0908,0.0227,0,0.42,0.326,110.172,4
spotify:track:4hjRjhLvBIMUUhRjb7DACd,"✻H+3+ЯД✻7luCJIo0T6...","✻H+3+ЯД✻7luCJIo0T6...","vyrval",2024-02-07,190850,62,false,,2024-04-24T13:05:10Z,"phonk","vyrval",0.597,0.972,10,-1.649,1,0.424,0.000689,0.917,0.0792,0.175,159.872,3
spotify:track:1vmRfKejQWsWnE3arhhEit,"Cnv Sound, Vol. 14","Cnv Sound Volums (Kion Studio One Shots)","Pure Negga;Skillz Beatz",2018-05-20,194583,3,false,,2024-04-22T11:37:22Z,"spanish-language reggae,reggae","Pure Nigga distribucion",0.83,0.666,6,-4.281,0,0.443,0.4,0.000105,0.0922,0.938,173.364,4
spotify:track:5VX7SqXHPIQc06iUtRxAZP,"Shimmy by the Holly Tree","Cubism","Teddy Bass",2023-07-23,273802,4,true,,2024-04-18T08:32:17Z,"horrorcore","Adhoksaja Entertainment Inc.",0.629,0.828,1,-4.141,0,0.149,0.37,0.0000509,0.0847,0.713,141.936,4
spotify:track:5BijFryhTEnghWx91jYoVR,"Fantasie-impromptu in C-Sharp Minor, Op. 66 No. 4","Chopin: 8 Polonaises - 4 Impromptus","Frédéric Chopin;Arthur Rubinstein",1965,306173,48,false,,2024-04-17T10:23:51Z,"classical piano,classical","RCA Red Seal",0.14,0.0797,1,-26.97,1,0.0338,0.991,0.886,0.083,0.0465,82.371,4
spotify:track:7EpeEp1AB5Qs4Y8LXvn5xG,"TUTTO FUORI CONTROLLO ൵ (con Franco 126, Kid Yugi, Izi)","MĀYĀ","MACE;Kid Yugi;Izi;Franco126",2024-04-04,200729,0,false,,2024-04-09T13:01:20Z,"italian trap,indie","Universal Music Italia srL.",0.638,0.653,0,-7.23,1,0.0462,0.201,0.0000904,0.167,0.192,78.973,4
spotify:track:2x98hOxbd1cnV6AKhPRUcX,"Gas Drawls","Operation: Doomsday (Complete)","MF DOOM",1999-10-19,223493,56,true,,2024-04-02T11:16:53Z,"experimental hip hop,east coast hip hop,jazz rap,alternative hip hop","Metalface Records",0.782,0.764,10,-6.206,0,0.248,0.126,0.0000114,0.223,0.527,91.343,4
spotify:track:7mlOO9JBY4vhzK7PniqUK8,"Il gorilla","Volume 3","Fabrizio De André",1968,178000,41,false,,2024-03-30T13:57:46Z,"italian singer-songwriter,singer-songwriter","Ricordi",0.624,0.535,6,-13.341,1,0.0676,0.85,0.00000421,0.117,0.863,118.202,4
spotify:track:2zT6ahvNZgrXu2MWi0h5LG,"Il bombarolo","Storia Di Un Impiegato","Fabrizio De André",1973-11-25,259680,44,false,,2024-03-30T13:57:38Z,"italian singer-songwriter,singer-songwriter","Ricordi",0.712,0.303,9,-12.07,0,0.0436,0.615,0.0000358,0.283,0.76,116.213,4
spotify:track:34EYtmNSISD59rEVGNWN3X,"Geordie","Peccati Di Gioventu","Fabrizio De André",2000-01-01,123160,45,false,,2024-03-30T13:55:34Z,"italian singer-songwriter,singer-songwriter","Universal Music Italia srL.",0.249,0.517,10,-9.985,1,0.0394,0.836,0.00000524,0.473,0.741,174.564,3
spotify:track:5NUXe5Zr1bUWJXYVv1de7Z,"Luna","Luna","Gianni Togni",1983-07-01,248133,47,false,,2024-03-30T13:37:44Z,"italian singer-songwriter,italo dance","CGD/EastWest Italy",0.507,0.738,9,-6.126,1,0.0386,0.432,0,0.172,0.927,117.491,4
spotify:track:3FISu9q4bfbMJFl3Gwxukf,"Se bruciasse la città","Massimo Ranieri","Massimo Ranieri",1970-01-20,193346,52,false,,2024-03-28T14:59:44Z,"canzone napoletana,italian singer-songwriter","WM Italy",0.454,0.83,4,-7.984,0,0.12,0.325,0,0.166,0.597,112.112,4
spotify:track:4fwR5b66ud3xUxPEUSID8q,"Mi sono innamorato di te","Luigi Tenco","Luigi Tenco",1962,171226,45,false,,2024-03-28T10:28:59Z,"italian singer-songwriter,singer-songwriter","Ricordi",0.37,0.106,0,-17.122,0,0.0394,0.833,0,0.446,0.172,68.186,4
spotify:track:6fB3Wy1x9EdhfFwqy8lJcZ,"La mia banda suona il rock","La Mia Banda Suona Il Rock","Ivano Fossati",1979-09-07,232000,53,false,,2024-03-27T21:58:19Z,"italian singer-songwriter,singer-songwriter","Sony Music/BMG Rights Management",0.554,0.869,11,-5.505,0,0.152,0.209,0,0.0495,0.718,109.774,4
spotify:track:51Fjme0JiitpyXKuyQiCDo,"Lalala","Lalala","Y2K;bbno$",2019-06-28,160626,71,true,,2024-03-27T12:02:19Z,"","Columbia",0.843,0.39,2,-7.899,1,0.0846,0.178,0,0.137,0.495,129.972,4
spotify:track:0nbXyq5TXYPCO7pr3N8S4I,"The Box","Please Excuse Me for Being Antisocial","Roddy Ricch",2019-12-06,196652,83,true,,2024-03-26T13:38:15Z,"melodic rap","Atlantic Records",0.896,0.586,10,-6.687,0,0.0559,0.104,0,0.79,0.642,116.971,4
spotify:track:4Y3WfBJo7kwWkvzU8jzbno,"Crêuza de mä - New Mix 2014","Creuza de ma","Fabrizio De André",1984,375813,43,false,,2024-03-22T11:23:51Z,"italian singer-songwriter,singer-songwriter","RCA Records Label",0.609,0.383,2,-11.94,1,0.0328,0.54,0.000586,0.382,0.472,126.554,4
spotify:track:3eAjS25afRXGFSyjPQo7l2,"Bocca di rosa","Volume 1","Fabrizio De André",1967,185386,55,false,,2024-03-22T09:11:53Z,"italian singer-songwriter,singer-songwriter","Ricordi",0.696,0.284,7,-16.568,0,0.61,0.902,0,0.106,0.881,118.317,4
spotify:track:6RGH7mvHffrBcHuW60vgZB,"PAINTING PICTURES","PAINTING PICTURES","Superstar Pride",2023-03-13,125857,1,true,,2024-03-22T07:38:14Z,"","Tha Lights Global",0.955,0.516,11,-10.501,0,0.33,0.332,0,0.189,0.694,119.926,4
spotify:track:38RLObegC9ggpKPRVQDc1g,"AMERICAN HORROR SHOW","AMERICAN HORROR SHOW","Snow Wife",2023-06-23,149391,62,true,,2024-03-12T22:10:28Z,"","SNOWGLOBE",0.63,0.763,2,-4.89,1,0.0892,0.0393,0,0.7,0.295,162.152,4
spotify:track:59IA01UnxFiJhxWXpG24mM,"Disco Cone (Take It High) [ft. WENZL]","Disco Cone (Take It High) [ft. WENZL]","Enisa;WENZL",2024-01-26,131367,54,false,,2024-03-12T15:23:07Z,"","Atlantic Records",0.788,0.864,8,-7.436,0,0.096,0.159,0.00000389,0.0702,0.792,127.997,4
spotify:track:6Qzq6lkHTM36baccsq7kP6,"Rocky Road Pt. 2","Rocky Road Pt. 2","Caleb Gordon;Alano Adan",2022-10-07,122891,49,false,,2024-03-06T18:10:50Z,"christian hip hop,gospel r&b,christian,christian pop,christian reggaeton","Eden Records",0.912,0.455,5,-5.273,0,0.138,0.165,0.00298,0.131,0.544,124.999,4
spotify:track:4ZtFanR9U6ndgddUvNcjcG,"good 4 u","SOUR","Olivia Rodrigo",2021-05-21,178146,82,true,,2024-03-04T06:48:39Z,"","Olivia Rodrigo PS",0.563,0.664,9,-5.044,1,0.154,0.335,0,0.0849,0.688,166.928,4
spotify:track:5bXgMzxuNymWhpwkgvYn4O,"100 MESSAGGI","100 MESSAGGI","Lazza",2024-02-27,244096,61,true,,2024-02-28T09:45:56Z,"italian trap,concerto","Universal Music Italia srL.",0.597,0.559,0,-5.848,1,0.0392,0.344,0,0.129,0.616,159.899,3
spotify:track:2igwFfvr1OAGX9SKDCPBwO,"Empire State Of Mind","The Blueprint 3","JAY-Z;Alicia Keys",2009-09-08,276920,86,true,,2024-02-17T21:30:54Z,"hip hop,east coast hip hop,rap,r&b,neo soul","Roc Nation / Jay-Z",0.491,0.956,11,-1.538,1,0.392,0.0295,0,0.46,0.811,173.585,4
spotify:track:5FzWSLtPEnVc3knAh070CA,"La La La","La La La","B3nte;B3VA",2021-02-26,135692,47,false,,2024-02-13T12:24:57Z,"epadunk,melbourne bounce,russelåter,slap house","Dharma",0.72,0.736,1,-6.926,0,0.0781,0.256,0.000759,0.324,0.485,130.033,4
spotify:track:5FV2fsK9sFL4D5uwX8zAgk,"Mariposa","Mariposa","Fiorella Mannoia",2024-02-07,177947,42,false,,2024-02-12T23:52:41Z,"italian singer-songwriter,singer-songwriter","Epic",0.681,0.844,10,-3.303,0,0.0747,0.0824,0,0.143,0.707,94.982,4
spotify:track:1fMeYcAnobbJjAUEeYJcar,"Vertigine","Ok. Respira","Elodie",2023-02-09,217398,64,false,,2024-02-08T01:04:52Z,"concerto","Universal Music Italia srL.",0.625,0.693,7,-6.143,1,0.0558,0.367,0,0.132,0.335,144.072,4
spotify:track:4ylWMuGbMXNDgDd8lErEle,"The Greatest Show","The Greatest Showman (Original Motion Picture Soundtrack)","Hugh Jackman;Keala Settle;Zac Efron;Zendaya;The Greatest Showman Ensemble",2017-12-08,302146,71,false,,2024-02-02T23:27:37Z,"musicals","Atlantic Records",0.417,0.824,11,-7.36,0,0.105,0.000239,0.0545,0.0725,0.4,157.92,4
spotify:track:0rZiFIOOnem9NmdzFEJBmR,"Rules (Are Meant to Break)","Rules (Are Meant to Break)","League of Legends;Che Lingo",2023-04-21,181470,6,false,,2024-02-01T11:00:55Z,"","Riot Games",0.459,0.887,9,-3.424,1,0.275,0.0528,0,0.0945,0.247,136.268,4
spotify:track:76dTCsBqQThljkBxhBCgOe,"Nicuzza","Abusivi - di necessità","Tinturia",1999,167784,27,false,,2024-01-17T03:54:37Z,"ambient folk","Masaboba Edizioni Musicali",0.317,0.229,4,-11.512,1,0.0295,0.868,0,0.132,0.149,94.726,3
spotify:track:6cvIJ1zOcshUv0yCtcphaG,"La Foule","Eternelle","Édith Piaf",1987-10-31,177106,58,false,,2024-01-13T14:37:32Z,"chanson,variété française,french jazz","Parlophone (France)",0.454,0.418,4,-6.942,0,0.0799,0.836,0.0000105,0.292,0.632,177.737,3
spotify:track:7iL6o9tox1zgHpKUfh9vuC,"In Da Club","Get Rich Or Die Tryin'","50 Cent",2003-02-06,193466,84,true,,2024-01-05T13:44:57Z,"old school hip hop,east coast hip hop","Shady Records",0.899,0.713,6,-2.752,0,0.366,0.255,0,0.0708,0.777,90.051,4
spotify:track:5phRQFJo5kBndQ7ahZBm3S,"Gangsta Track","Gangsta Track","Dark Boy",2023-09-11,192208,0,false,,2024-01-04T14:18:29Z,"","Rasta Media",0.764,0.79,1,-8.249,0,0.421,0.12,0,0.234,0.586,89.951,4
spotify:track:2kTKlEtnGx5z8oi4O06yqC,"Discord","1st Single Album 'Harmony from Discord'","QWER",2023-10-18,167800,52,false,,2023-12-30T20:30:03Z,"k-rock,k-pop","TAMAGO PRODUCTION",0.722,0.943,9,-2.285,0,0.224,0.188,0,0.306,0.696,132.01,4
spotify:track:3VtGh8xE9qRsFyY2Uj1WG3,"Hoe (feat. Sfera Ebbasta)","La Divina Commedia","Tedua;Sfera Ebbasta",2023-06-02,137098,59,false,,2023-12-30T02:54:38Z,"italian trap,concerto,trap","Epic",0.924,0.754,2,-6.537,1,0.136,0.113,0,0.15,0.531,114.027,4
spotify:track:1nsFPTltzIVUJMWynPddpO,"I Want It All","I Want It All","Cameron Grey",2014-08-06,199791,2,true,,2023-12-24T18:22:24Z,"","Cameron Grey",0.535,0.393,2,-12.57,1,0.105,0.143,0.00175,0.136,0.0767,132.287,4
spotify:track:2g1KggY9PKvsoEAOaiz4xx,"Daisy","DEMIDEVIL","Ashnikko",2021-01-15,146523,66,true,,2023-12-23T17:02:03Z,"","Parlophone UK",0.834,0.663,8,-6.143,1,0.133,0.235,0,0.372,0.774,121.876,4
spotify:track:3wSrE3ueTt2rTE7kYfWkMH,"I'll Hurt Yo","I'll Hurt Yo","Shommy Telby",2023-10-04,257069,0,true,,2023-12-22T17:06:56Z,"","Shommy Telby",0.527,0.43,9,-17.613,1,0.6,0.668,0,0.12,0.828,87.223,4
spotify:track:2X2O65qVPm3n1TeH2dLeJL,"3. Alla Turca (Allegretto)","Sonatas & Etudes","Wolfgang Amadeus Mozart;Arcadi Volodos;Yuja Wang",2009-01-01,171320,0,false,,2023-12-18T23:21:35Z,"classical,opera,classical piano,chamber music,concerto,impressionism","Universal Music Group",0.444,0.258,9,-20.156,1,0.0321,0.979,0.842,0.0832,0.732,125.083,4
spotify:track:6O20JhBJPePEkBdrB5sqRx,"Diamonds","Unapologetic (Deluxe)","Rihanna",2012-12-11,225146,76,false,,2023-12-07T22:41:34Z,"","Def Jam Recordings",0.562,0.709,11,-4.92,0,0.0424,0.00124,0,0.109,0.401,91.958,4
spotify:track:53CJANUxooaqGOtdsBTh7O,"Old Town Road","Old Town Road","Lil Nas X",2019-03-14,113013,23,false,,2023-12-04T22:50:46Z,"","Columbia",0.908,0.517,1,-6.063,1,0.129,0.0361,0.00000173,0.0949,0.471,136.019,4
spotify:track:6X3USrc1Ob1WFKv9ZsPkst,"Speechless (Full) - From ""Aladdin""/Soundtrack Version/Mixed","DJ KAORI DISNEY MIX","Naomi Scott",2020-11-04,207880,35,false,,2023-12-04T22:50:44Z,"","Walt Disney Records",0.436,0.53,6,-6.766,0,0.0344,0.42,0,0.104,0.199,124.557,4
spotify:track:46MUbxLye12SKBN7xHg3CF,"Control","Control","Unknown Brain;Jex;Rival",2018-10-19,166800,59,false,,2023-12-02T00:08:35Z,"","NCS",0.544,0.771,5,-4.097,0,0.0644,0.00339,0.0000212,0.173,0.301,99.743,4
spotify:track:1t9WgS8FN0534tLBRwbaxO,"Whoopty","Loyalty Over Royalty","CJ",2021-02-19,123262,63,true,,2023-12-02T00:07:28Z,"dembow","Warner Records",0.719,0.648,3,-7.6,0,0.125,0.2,0,0.127,0.66,140.201,4
spotify:track:4pw7EuK2WTWGHI51jCKuGJ,"Akuma no Ko","Saiaku Saiai","Ai Higuchi",2022-03-02,229960,62,false,,2023-12-02T00:07:27Z,"anime,j-pop","PONY CANYON INC.",0.567,0.663,6,-6.402,0,0.0503,0.223,0,0.129,0.187,89.961,4
spotify:track:50M2QjfSM82wkJ1d0iV4mh,"Daydreamin' (feat. Jill Scott)","Lupe Fiasco's Food & Liquor","Lupe Fiasco;Jill Scott",2006-09-18,234306,64,true,,2023-12-02T00:07:20Z,"neo soul,quiet storm","Atlantic Records",0.533,0.739,5,-3.573,0,0.0602,0.029,0,0.266,0.617,81.37,4
spotify:track:7wHpjhpBhiabSKRPJgO2im,"Everytime We Touch","Best of Cascada","Cascada",2018-05-18,197124,47,true,,2023-12-02T00:07:14Z,"europop,eurodance","Central Station Records",0.634,0.976,8,-5.339,1,0.0521,0.00291,0.0000131,0.384,0.496,142.037,4
spotify:track:6iaSML1PIYq936g62BDtBq,"Robbery","Death Race For Love (Bonus Track Version)","Juice WRLD",2019-03-08,240050,79,true,,2023-12-02T00:07:10Z,"melodic rap,emo rap","Grade A Productions/Interscope Records",0.623,0.692,2,-5.122,1,0.0504,0.328,0,0.153,0.566,79.899,4
spotify:track:4E2er2nuFkk4pdCQMVwrev,"Nata vota","Omnia","Niko Pandetta",2020-08-14,174193,0,false,,2023-12-02T00:07:06Z,"neomelodico,canzone napoletana,italian trap","N.P. Music",0.835,0.717,10,-6.722,0,0.248,0.531,0.00000143,0.0842,0.949,123.974,4
spotify:track:0mHZ5IoR9iNM7HoZafOwcl,"Ed ero contentissimo","Nessuno è solo","Tiziano Ferro",2006-06-23,252826,50,false,,2023-12-02T00:07:04Z,"italian singer-songwriter,italo dance","Carosello Records",0.627,0.573,4,-4.995,0,0.0327,0.43,0,0.0786,0.278,129.888,4
spotify:track:45JYEmfoWSpCA3Paut7YXE,"MIDDLE OF THE NIGHT","PHOENIX","Elley Duhé",2023-10-27,184453,74,false,,2023-12-02T00:06:58Z,"","Not Fit For Society",0.528,0.659,4,-6.942,0,0.0386,0.0279,0,0.12,0.102,92.823,3
spotify:track:4kfm1uI9QGaoN9qm6CkAMn,"What I've Done","Minutes to Midnight","Linkin Park",2007-05-11,205613,46,false,,2023-12-02T00:06:55Z,"nu metal,rap metal,rock,alternative metal","Warner Records",0.623,0.93,5,-5.285,1,0.0324,0.0141,0.00000164,0.138,0.287,120.117,4
spotify:track:1aWrjGga6Ws67b2CWWTb4u,"BM - London View","BM (London View)","OTP;BM",2021-07-23,164565,65,true,,2023-12-02T00:06:52Z,"uk drill,drill","Rightsy",0.861,0.46,11,-10.105,1,0.362,0.193,0,0.229,0.74,143.008,4
spotify:track:2nLtzopw4rPReszdYBJU6h,"Numb","Meteora","Linkin Park",2003-03-25,187520,88,false,,2023-12-02T00:06:30Z,"nu metal,rap metal,rock,alternative metal","Warner Records",0.488,0.87,6,-4.185,0,0.0421,0.00353,0,0.484,0.211,110.072,4
spotify:track:2LBqCSwhJGcFQeTHMVGwy3,"Die For You","Starboy","The Weeknd",2016-11-24,260253,86,false,,2023-12-02T00:06:28Z,"","Universal Republic Records",0.586,0.525,1,-7.163,0,0.0615,0.111,0,0.134,0.508,133.629,4
spotify:track:1r9xUipOqoNwggBpENDsvJ,"Enemy (with JID) - from the series Arcane League of Legends","Enemy (with JID) [from the series Arcane League of Legends]","Imagine Dragons;JID;Arcane;League of Legends",2021-10-28,173381,75,false,,2023-11-25T09:22:20Z,"score","KIDinaKORNER/Interscope Records",0.728,0.783,11,-4.424,0,0.266,0.237,0,0.434,0.555,77.011,4
spotify:track:3StzACYDEYmfOOWNU83iRs,"Cavallini (feat. Sfera Ebbasta)","Crack Musica","Dark Polo Gang;Sfera Ebbasta",2016-03-10,251653,57,true,,2023-11-20T17:37:40Z,"italian trap,trap,concerto","Universal Music Italia srL.",0.764,0.657,1,-8.481,0,0.122,0.13,0,0.16,0.408,123.948,4
spotify:track:6f3Slt0GbA2bPZlz0aIFXN,"The Business","The Business","Tiësto",2020-09-16,164000,74,false,,2023-11-13T16:14:45Z,"edm,trance,big room,house","Atlantic Records",0.798,0.62,8,-7.079,0,0.232,0.414,0.0192,0.112,0.235,120.031,4
spotify:track:6kl3BgBeYYAUtuxDi5aKQX,"Royalty - Wiguez & Alltair Remix","Royalty (Wiguez & Alltair Remix)","Egzod;Wiguez;Maestro Chives;Alltair",2021-07-29,212859,55,false,,2023-11-07T12:21:31Z,"","NCS",0.286,0.898,5,-3.191,0,0.0769,0.0994,0.00218,0.0324,0.318,172.078,4
spotify:track:6zvHwijlnwqjS6d46yAffi,"Paro","Paro","Nej",2021-05-21,204695,62,false,,2023-11-05T20:14:11Z,"french r&b,moroccan pop","Miel Noir",0.592,0.605,0,-6.159,0,0.0432,0.342,0.00012,0.103,0.419,81.98,4
spotify:track:0byPyCPX9mfGMiAGVZxasq,"Carol Of The Bells","Warmer In The Winter (Deluxe Edition)","Lindsey Stirling",2018-10-19,166093,72,false,,2023-11-01T20:31:05Z,"classical crossover,christmas","Concord Records",0.227,0.66,4,-5.993,0,0.0759,0.0274,0.000538,0.0787,0.27,167.956,3
spotify:track:210JJAa9nJOgNa0YNrsT5g,"GODS","GODS","League of Legends;NewJeans",2023-10-04,220878,37,false,,2023-10-30T16:35:53Z,"k-pop","Riot Games",0.588,0.765,3,-5.914,0,0.0518,0.00685,0.0000323,0.2,0.492,145.988,4
spotify:track:31nfdEooLEq7dn3UMcIeB5,"Vois sur ton chemin - Techno Mix","Vois sur ton chemin (Techno Mix)","BENNETT",2023-08-04,178156,79,false,,2023-10-25T15:22:33Z,"hypertechno,techno","Warner Music Central Europe",0.634,0.824,2,-3.394,0,0.047,0.0908,0.0711,0.119,0.371,137.959,4
spotify:track:6UOvD0wLv7pJaDfT9YvVJ3,"念念不忘","念念不忘","杨硕",2023-03-12,250471,0,false,,2023-10-13T20:34:16Z,"","Renaissance Entertainment",0.584,0.553,4,-13.478,0,0.0655,0.0313,0.0000412,0.405,0.644,158.579,4
spotify:track:2IGMVunIBsBLtEQyoI1Mu7,"Paint The Town Red","Paint The Town Red","Doja Cat",2023-08-04,231750,78,true,,2023-10-11T10:06:27Z,"","Kemosabe Records/RCA Records",0.868,0.538,5,-8.603,1,0.174,0.269,0.00000334,0.0901,0.732,99.968,4
spotify:track:2iX9ypIqATnLCbSOEjk8Ka,"Tocame - Krunk! Remix","Tocame (Remixes)","Sak Noel;Salvi;Franklin Dam;Krunk!",2020-10-23,161308,28,false,,2023-10-11T09:29:38Z,"moombahton,latin house,melbourne bounce,big room","Mad Decent",0.815,0.808,9,-8.967,0,0.0857,0.307,0.837,0.124,0.384,128.058,4
spotify:track:503OTo2dSqe7qk76rgsbep,"Still D.R.E.","2001","Dr. Dre;Snoop Dogg",1999-11-16,270586,83,true,,2023-10-10T20:44:12Z,"old school hip hop,g-funk,gangster rap,west coast hip hop,hip hop,rap","Aftermath",0.816,0.775,11,-3.323,1,0.234,0.16,0.00031,0.0543,0.527,93.431,4
spotify:track:210JCw2LbYD4YIs8GiZ9iP,"Demons","Cover Sessions, Vol. 3","Boyce Avenue;Jennel Garcia",2015-04-28,174174,56,false,,2023-10-10T20:42:45Z,"acoustic pop","3 Peace Records",0.678,0.351,0,-8.654,1,0.0266,0.747,0,0.355,0.569,90.032,4
spotify:track:3BYyBzKGPOCHeginhe0F77,"Never Be Alone","Handwritten","Shawn Mendes",2015-04-14,215813,0,false,,2023-10-10T20:42:42Z,"","Island Records",0.377,0.466,10,-6.927,1,0.0353,0.514,0.0000563,0.0781,0.276,199.853,4
spotify:track:2RSHsoi04658QL5xgQVov3,"Bad Liar","Origins (Deluxe)","Imagine Dragons",2018-11-09,260773,81,false,,2023-10-10T20:42:38Z,"","Kid Ina Korner / Interscope",0.307,0.637,3,-6.993,1,0.0569,0.0732,0,0.368,0.0805,88.693,4
spotify:track:0sjSgTluUJIdqfyRe4EQ4U,"L'amore esiste","di20are","Francesca Michielin",2016-02-19,212680,48,false,,2023-10-08T10:21:27Z,"","RCA Records Label",0.368,0.752,7,-3.797,1,0.0479,0.011,0.00212,0.117,0.266,115.697,4
spotify:track:2T1BCT4JhKVPgAsEgwa4du,"Don Raffaè","Le Nuvole","Fabrizio De André",1990-05-02,248653,52,false,,2023-10-08T02:02:30Z,"italian singer-songwriter,singer-songwriter","Ricordi",0.804,0.599,4,-11.04,0,0.0515,0.658,0.00000854,0.0645,0.509,128.163,4
spotify:track:1ZK8WJqkD1XhEYI1AlkMHG,"La mer","Disque D'or","Charles Trenet",1992,201840,54,false,,2023-10-06T00:04:44Z,"chanson,french jazz,variété française","Parlophone (France)",0.241,0.168,0,-16.267,1,0.0442,0.965,0.114,0.373,0.556,84.749,3
spotify:track:0XPsOSYzDJZJArevQNm2AR,"Speechless (Full)","Aladdin (Original Motion Picture Soundtrack)","Naomi Scott",2019-05-22,208800,68,false,,2023-10-02T01:18:17Z,"","Walt Disney Records",0.474,0.489,6,-7.625,0,0.0342,0.467,0,0.119,0.23,124.844,4
spotify:track:4SF6S1UUsTes8qQfpnnOWB,"Control","Control","Unknown Brain;Rival;Jex",2018-10-19,166800,0,false,,2023-09-23T21:31:32Z,"","NCS",0.548,0.767,5,-4.092,0,0.0609,0.00337,0.0000176,0.181,0.302,99.976,4
spotify:track:2Ch7LmS7r2Gy2kc64wv3Bz,"Die For You","Starboy","The Weeknd",2016-11-25,260252,80,false,,2023-09-23T09:46:41Z,"","Universal Republic Records",0.586,0.525,1,-7.163,0,0.0616,0.111,0,0.134,0.507,133.63,4
spotify:track:3U4isOIWM3VvDubwSI3y7a,"All of Me","Love In The Future (Expanded Edition)","John Legend",2013-08-30,269556,86,false,,2023-09-17T02:39:25Z,"soft pop,neo soul","G.O.O.D. Music/Columbia",0.422,0.264,8,-7.064,1,0.0322,0.922,0,0.132,0.331,119.93,4
spotify:track:4ibUxNAjSdg19dYEMlisTy,"Mambo (feat. Sick Luke)","Mambo (feat. Sick Luke)","Nicola Siciliano;Sick Luke",2019-11-22,147741,29,false,,2023-09-15T20:12:06Z,"canzone napoletana,neomelodico,italian trap","RCA Records Label",0.687,0.743,8,-5.922,0,0.0829,0.163,0.0000189,0.0813,0.5,92.998,4
spotify:track:346buiC0Zc9PLovul6Grzs,"ARETUSA","KUNTA","IDDA",2023-07-14,146000,12,false,,2023-09-09T14:35:00Z,"mizrahi","Platinum Label",0.573,0.808,10,-5.782,0,0.0877,0.409,0.0159,0.119,0.463,179.971,4
spotify:track:0mc9y7m2lpmZSENtQ6G0Xo,"Disturbato","Gipsy Prince","L'Elfo;Funkyman",2018-11-16,157147,38,true,,2023-09-02T01:07:59Z,"neomelodico,italian trap,canzone napoletana","Shut Up",0.761,0.6,1,-6.516,1,0.0539,0.824,0,0.215,0.888,126.083,4
spotify:track:2vKRKqPl8YhyWzFFKn3NaA,"Rise Up","Rise Up","Egzod;Veronica Bravo;M.I.M.E",2019-05-17,188311,45,false,,2023-09-01T13:05:27Z,"deep house,edm trap","NCS",0.58,0.844,7,-3.68,1,0.097,0.0461,0.000153,0.301,0.506,76.979,4
spotify:track:2FDTHlrBguDzQkp7PVj16Q,"Sprinter","Sprinter","Dave;Central Cee",2023-06-01,229133,76,true,,2023-08-29T15:07:22Z,"grime,uk grime,uk drill,drill","Neighbourhood / Live Yours",0.918,0.681,1,-4.705,1,0.201,0.263,0,0.0615,0.706,139.057,4
spotify:track:3AjSfp5FDvwtMU9XBsbS8j,"Push Up - Main Edit","Push Up (Main Edit)","Creeds",2023-03-31,139300,76,false,,2023-08-29T14:33:36Z,"techno,hypertechno,hard techno,tekno","Columbia/B1 Recordings",0.767,0.83,7,-8.78,1,0.206,0.209,0.836,0.0582,0.187,75.023,4
spotify:track:23RoR84KodL5HWvUTneQ1w,"(It Goes Like) Nanana - Edit","(It Goes Like) Nanana [Edit]","Peggy Gou",2023-06-15,231545,75,false,,2023-08-25T18:33:23Z,"","XL Recordings",0.671,0.876,7,-5.681,0,0.0352,0.12,0.188,0.0823,0.964,129.998,4
spotify:track:04ncLLty47OG96jHtZ8N1h,"Secrets feat. Pablo:Rita - Dennis Cruz Remix","Secrets","James Organ;Pablo:Rita;Dennis Cruz",2020-10-23,392196,0,false,,2023-08-19T10:50:50Z,"tech house,latin house,tribal house","Crosstown Rebels",0.801,0.504,7,-12.69,1,0.0669,0.000764,0.78,0.0668,0.231,123.021,4
spotify:track:3KM0NKaZ5vBOEAX5xCbqWZ,"Brainless","The Marshall Mathers LP2","Eminem",2013-01-01,286525,0,true,,2023-08-09T18:04:29Z,"rap,hip hop","Aftermath",0.7,0.935,9,-1.449,1,0.385,0.186,0,0.323,0.589,172.092,4
spotify:track:0Fm5sa4bKPzQAe8AWbKwAM,"BallaRe","BallaRe","GrenBaud",2022-07-29,148524,24,false,,2023-08-02T14:53:04Z,"","Universal Music Italia srL.",0.596,0.459,1,-8.966,1,0.0349,0.525,0,0.0948,0.135,93.074,4
spotify:track:1xUnvxp9DFrpwXnO0RHKUp,"Cookies N' Cream (feat. ANNA & Sfera Ebbasta)","Madreperla","Guè;ANNA;Sfera Ebbasta",2023-01-13,201845,60,true,,2023-08-02T10:52:49Z,"italian trap,concerto,trap","Universal Music Italia srL.",0.569,0.653,9,-5.316,1,0.213,0.36,0,0.342,0.601,123.36,5
spotify:track:1Ser4X0TKttOvo8bgdytTP,"Come Get Her","SremmLife","Rae Sremmurd",2015-01-06,212946,72,true,,2023-07-31T12:46:43Z,"","Mike WiLL Made-It",0.689,0.564,2,-6.226,1,0.14,0.19,0,0.0721,0.122,185.03,4
spotify:track:3bp0Zuc7LMxgjqsQ6q3E8y,"Evil Deeds","Encore (Deluxe Version)","Eminem",2004-11-12,259573,54,true,,2023-07-31T12:15:21Z,"rap,hip hop","Eminem Catalog PS",0.731,0.686,11,-5.002,0,0.33,0.0915,0,0.415,0.29,75.54,4
spotify:track:27mgDrExPa3obPAYXd3yQg,"Square Dance","The Eminem Show","Eminem",2002-05-26,323720,62,true,,2023-07-28T23:12:30Z,"rap,hip hop","Eminem Catalog PS",0.763,0.675,5,-1.797,0,0.223,0.0307,0,0.0876,0.724,82,4
spotify:track:3xpTHrC1b6dmiLEeM5jO0z,"Tragic Endings (feat. Skylar Grey)","Revival","Eminem;Skylar Grey",2017-12-15,252026,50,true,,2023-07-28T23:03:59Z,"rap,hip hop","Eminem Catalog PS",0.665,0.769,4,-5.04,0,0.249,0.4,0,0.709,0.512,80.971,4
spotify:track:04w57GO5p1763E44KQ8AKB,"My Name (feat. Eminem & Nate Dogg)","Man VS Machine","Xzibit;Eminem;Nate Dogg",2002-08-13,272506,57,true,,2023-07-28T22:57:13Z,"west coast hip hop,gangster rap,g-funk,old school hip hop,hardcore hip hop,hip hop,rap","LOUD/Columbia",0.842,0.738,11,-5.114,0,0.219,0.159,0.0000571,0.0917,0.597,85.873,4
spotify:track:66ezChUOWvgzRQAi3Ay1wt,"Go To Sleep","Cradle 2 The Grave","Eminem;DMX;Obie Trice",2003-01-01,282026,66,true,,2023-07-28T22:47:52Z,"rap,hip hop,east coast hip hop,old school hip hop,hardcore hip hop","Bloodline Records",0.571,0.861,7,-2.696,1,0.383,0.00172,0,0.317,0.372,179.815,4
spotify:track:4dK00wCxlqWEeN8BoM1BHT,"Crack A Bottle","Relapse: Refill","Eminem;Dr. Dre;50 Cent",2009-05-15,297520,69,true,,2023-07-28T20:40:57Z,"rap,hip hop,old school hip hop,g-funk,gangster rap,west coast hip hop,east coast hip hop","Eminem Catalog PS",0.516,0.874,9,-2.571,1,0.186,0.0864,0,0.173,0.391,169.561,3
spotify:track:0C6TGlpffTuUdJfjB0U9mI,"Welcome 2 Hell","Hell: The Sequel (Deluxe)","Bad Meets Evil",2011-01-01,177720,57,true,,2023-07-28T20:35:16Z,"","Shady Records",0.797,0.922,1,-2.397,1,0.346,0.167,0,0.348,0.83,141.966,4
spotify:track:5QWjrWckcPcSVqQNfbD4Bc,"Goodbye (from the series Arcane League of Legends)","Goodbye (from the series Arcane League of Legends)","Ramsey;Arcane;League of Legends",2021-11-05,230985,0,false,,2023-07-16T08:00:49Z,"score","Riot Games",0.37,0.322,10,-11.764,0,0.0361,0.675,0.000557,0.101,0.0492,164.812,4
spotify:track:2LxAeJ9KUj1GRS9oeHgQ3i,"Mundian To Bach Ke","The Album","Panjabi MC",2003-05-05,245560,68,false,,2023-07-08T10:21:59Z,"bhangra","Altra Moda Music",0.777,0.852,11,-6.625,1,0.0362,0.303,0.657,0.136,0.907,98.073,4
spotify:track:2dHHgzDwk4BJdRwy9uXhTO,"Creepin' (with The Weeknd & 21 Savage)","HEROES & VILLAINS","Metro Boomin;The Weeknd;21 Savage",2022-12-02,221520,82,true,,2023-07-08T02:12:23Z,"","Republic Records",0.716,0.613,1,-6.018,0,0.0522,0.391,0,0.0813,0.157,97.914,4
spotify:track:3mJyZXpI7SKiOA4l0pSm0v,"Rizzla","Rizzla","The Martinez Brothers;Gordo;Rema",2022-05-13,217749,27,true,,2023-07-08T02:12:02Z,"tech house,latin house,techengue,afro house,afrobeats,afrobeat,afropop,afropiano","Independent",0.763,0.806,0,-6.204,1,0.0498,0.0043,0,0.0776,0.791,129.043,4
spotify:track:4ztdjZ2t7BVo5DLIFQBdJh,"Jericho","Jericho","Iniko",2023-04-15,158133,66,false,,2023-07-01T20:52:29Z,"","Columbia",0.721,0.541,2,-8.924,0,0.12,0.528,0,0.13,0.616,153.919,4
spotify:track:2VVHjRD5JApwd1GR7myZvd,"Cu ti lu dissi","Rosa canta e cunta - Rari e Inediti","Rosa Balistreri",2007,130253,41,false,,2023-06-27T19:03:15Z,"traditional music,italian singer-songwriter","Teatro del Sole",0.566,0.274,9,-10.463,0,0.232,0.804,0,0.11,0.441,185.346,4
spotify:track:1Tr5FhvxC4IlRXYJHCXJdZ,"Creepin'","Creepin' (Remix)","Metro Boomin;The Weeknd;21 Savage",2023-03-17,221520,49,true,,2023-06-22T14:12:04Z,"","Republic Records",0.716,0.613,1,-6.018,0,0.0522,0.391,0,0.0813,0.157,97.914,4
spotify:track:4PKytVnx8LONWfWXt2ru40,"Unholy","Unholy","Shayne Orok;Curserino;Ali Orok",2023-01-31,155038,44,false,,2023-06-18T13:25:53Z,"anime","Shayne Orok",0.687,0.497,2,-6.109,1,0.0372,0.0581,0,0.472,0.285,131.038,4
spotify:track:3nqQXoyQOWXiESFLlDF1hG,"Unholy (feat. Kim Petras)","Unholy (feat. Kim Petras)","Sam Smith;Kim Petras",2022-09-22,156943,77,false,,2023-06-15T06:03:26Z,"soft pop","Capitol Records UK / EMI",0.719,0.454,2,-7.384,1,0.0707,0.0138,0.00000483,0.318,0.224,131.007,4
spotify:track:4Orw2k8nrqVJ6lP6pHY4j3,"Naruto Shippuden (Ninja Beatbox)","Naruto Shippuden (Ninja Beatbox)","Super Pipo",2022-12-28,78908,31,false,,2023-06-05T16:52:27Z,"","BMWmusic",0.782,0.706,5,-8.945,1,0.497,0.771,0.252,0.0878,0.816,113.865,4
spotify:track:0jWgAnTrNZmOGmqgvHhZEm,"What's Up?","Bigger, Better, Faster, More !","4 Non Blondes",1992-01-01,295533,86,false,,2023-06-03T07:45:16Z,"","Interscope",0.565,0.564,2,-10.044,1,0.0292,0.161,0,0.114,0.454,134.358,4
spotify:track:4oVjEZ8WwGt67ZhoNchF1q,"Le radici ca tieni","Lontano","Sud Sound System",2003-05-05,323760,47,false,,2023-06-03T07:45:03Z,"","Salento Sound System",0.81,0.792,11,-5.634,1,0.398,0.232,0,0.112,0.903,91.956,4
spotify:track:663Karu2rvKLdnY0eo1n3M,"Call Me When You're Sober","The Open Door","Evanescence",2006-01-01,214706,72,false,,2023-05-31T11:11:53Z,"alternative metal","The Bicycle Music Company",0.45,0.883,7,-4.094,1,0.0524,0.00193,0,0.293,0.328,93.41,4
spotify:track:2bCQHF9gdG5BNDVuEIEnNk,"Smooth Criminal - 2012 Remaster","Bad 25th Anniversary","Michael Jackson",2012-09-18,257766,75,false,,2023-05-30T03:22:11Z,"","Epic/Legacy",0.853,0.981,8,-3.947,1,0.0751,0.247,0.468,0.306,0.595,118.193,4
spotify:track:09gysnJpfQ3ublBmJDfcEC,"SAD GIRLZ LUV MONEY Remix (feat. Kali Uchis and Moliy)","SAD GIRLZ LUV MONEY Remix (feat. Kali Uchis and Moliy)","Amaarae;Kali Uchis;MOLIY",2021-09-16,204763,76,true,,2023-05-27T09:58:15Z,"alté,afrobeats,afro r&b","0207 Def Jam",0.87,0.523,1,-8.052,0,0.0602,0.433,0.0000207,0.113,0.319,110.02,4
spotify:track:0F7FA14euOIX8KcbEturGH,"Old Town Road","7","Lil Nas X",2019-06-21,113000,73,false,,2023-05-26T15:42:38Z,"","Columbia",0.907,0.53,1,-6.112,1,0.127,0.0578,0.00000223,0.101,0.507,135.998,4
spotify:track:3ZMi7tdKql5iOWgqDRq1YR,"Smoke","Smoke","Maria Hiya",2022-11-11,317695,29,false,,2023-05-26T11:56:38Z,"","Octiive",0.773,0.845,1,-5.832,0,0.0329,0.00465,0.00197,0.404,0.154,112.562,4
spotify:track:3U4yZniE7s9tDA037nUG2r,"Maledetta primavera","I Grandi Successi: Loretta Goggi","Loretta Goggi",2008-09-05,253160,55,false,,2023-05-23T18:50:12Z,"italo dance,italian singer-songwriter","Fonit Cetra WMI",0.473,0.603,8,-6.242,1,0.0291,0.185,0.0000924,0.566,0.352,136.104,3
spotify:track:3x10zFX8UKR1MXAwjOM8Y1,"La Mia Tipa","Doppelganger","MadMan",2015-09-11,175085,35,true,,2023-05-21T10:14:39Z,"italian trap","Universal Music Italia srL.",0.856,0.504,8,-7.645,1,0.376,0.0404,0,0.0793,0.481,133.195,4
spotify:track:7jvwORp293fGCP6KfmE8aQ,"Orange","Orange","Sfera Ebbasta;Luciano",2023-04-06,200357,51,true,,2023-05-20T14:58:29Z,"italian trap,concerto,trap,german hip hop","Universal Music Italia srL.",0.667,0.82,8,-5.224,1,0.128,0.149,0,0.375,0.451,139.861,4
spotify:track:5knuzwU65gJK7IF5yJsuaW,"Rockabye (feat. Sean Paul & Anne-Marie)","Rockabye (feat. Sean Paul & Anne-Marie)","Clean Bandit;Anne-Marie;Sean Paul",2016-10-21,251088,71,false,,2023-05-14T20:16:31Z,"dancehall","Atlantic Records UK",0.72,0.763,9,-4.068,0,0.0523,0.406,0,0.18,0.742,101.965,4
spotify:track:3uE7yOoSsgE942ooGsKJz1,"Tu me piace","Adesso non è un sogno","Pino Franzese",2020-09-24,194765,43,false,,2023-05-13T15:15:13Z,"neomelodico,canzone napoletana","Zeus Record",0.8,0.746,0,-7.195,1,0.0353,0.364,0,0.12,0.828,104.047,4
spotify:track:3V8UKqhEK5zBkBb6d6ub8i,"Te Boté - Remix","Te Boté (Remix)","Nio Garcia;Casper Magico;Bad Bunny;Darell;Ozuna;Nicky Jam",2018-04-13,417920,75,true,,2023-05-13T14:35:59Z,"reggaeton,trap latino,urbano latino,latin,dembow","Flow La Movie, Inc.",0.903,0.675,11,-3.445,0,0.214,0.542,0.0000128,0.0595,0.442,96.507,4
spotify:track:0PvFJmanyNQMseIFrU708S,"For The Night (feat. Lil Baby & DaBaby)","Shoot For The Stars Aim For The Moon","Pop Smoke;Lil Baby;DaBaby",2020-07-03,190476,75,true,,2023-05-10T13:43:09Z,"brooklyn drill,new york drill,drill","Victor Victor Worldwide",0.823,0.586,6,-6.606,0,0.2,0.114,0,0.193,0.347,125.971,4
spotify:track:3k1mvO2jf4xwgKcry134Os,"Las Calles De Oro","Las Calles De Oro","Daviles de Novelda",2018-01-01,211835,0,false,,2023-05-08T07:25:13Z,"flamenco,flamenco urbano,flamenco pop","Minos Productions",0.441,0.606,5,-10.014,0,0.325,0.596,0,0.374,0.505,85.705,4
spotify:track:7rl7TNsfJiJJ3BY47peVSm,"A un passo da te","Le migliori","MINACELENTANO",2016-11-11,271360,56,false,,2023-05-06T11:23:39Z,"italian singer-songwriter","CLAN Celentano Srl - PDU Music&Production SA",0.64,0.862,5,-2.796,0,0.356,0.239,0,0.0891,0.459,181.711,4
spotify:track:7nIv5duHqyKn4n38LfjyDA,"Alzate i colori","Salsedine (sea shanties)","Lerenard Etlours",2021-05-20,321854,12,false,,2023-05-02T14:38:07Z,"sea shanties","Lerenard Etlours",0.191,0.474,0,-11.356,1,0.0778,0.801,0,0.0972,0.143,83.03,4
spotify:track:2H0RTZvOwdFcpf8GWattYH,"Hoist the Colours","Hoist the Colours","Colm R. McGuinness",2021-07-10,122700,0,false,,2023-05-01T13:34:37Z,"sea shanties,celtic","1423832 Records DK",0.257,0.317,0,-12.187,1,0.0362,0.805,0,0.165,0.25,89.673,5
spotify:track:2yMz6SS46oKoffXRCf6alC,"Hoist the Colours - Epic Version","Hoist the Colours - Epic Version","Samuel Kim",2020-08-01,278706,0,false,,2023-05-01T13:32:21Z,"anime","© Samuel Kim Music",0.208,0.634,4,-8.372,0,0.0529,0.0636,0.098,0.318,0.348,98.209,3
spotify:track:4u8IPU322yG7mNrqv89GGL,"Hey Sexy Lady","Lucky Day","Shaggy;Brian & Tony Gold",2002-10-29,199893,72,false,,2023-04-30T16:05:50Z,"reggae,dancehall,lovers rock","Geffen",0.957,0.554,3,-6.618,0,0.0669,0.00529,0.00179,0.249,0.642,101.784,4
spotify:track:5htUUUBlgHZ9fztWTTDEFm,"Due Vite","Due Vite","Marco Mengoni",2023-02-08,225652,57,false,,2023-04-24T23:08:32Z,"concerto,italo dance","Epic",0.635,0.541,2,-6.157,1,0.0314,0.4,0,0.0879,0.133,116.938,4
spotify:track:1Xm2e1vDwOMeJJioWuG1s7,"Soldi in Nero - feat. Sfera Ebbasta","Soldi in Nero (feat. Sfera Ebbasta)","Shiva;Sfera Ebbasta",2019-11-28,183797,64,false,,2023-04-24T17:16:48Z,"italian trap,concerto,trap","Jive",0.748,0.662,6,-4.832,0,0.285,0.149,0,0.17,0.346,157.918,4
spotify:track:55Soh2lcLeN0ysLou2P7XP,"Blue Bandana","Blue Bandana","Skinny",2020-06-11,166818,0,true,,2023-04-24T17:16:33Z,"italian trap,neomelodico,canzone napoletana","Skinny Music",0.883,0.566,2,-6.358,1,0.105,0.262,0.0000179,0.147,0.268,93.999,4
spotify:track:7LHAKF7pBqHch8o6Yo0ad5,"Suzume (feat. Toaka)","Suzume (feat. Toaka)","RADWIMPS;Toaka",2022-09-30,236390,63,false,,2023-04-24T16:35:30Z,"anime,j-pop,j-rock","voque ting co.,ltd.",0.571,0.415,2,-6.572,0,0.0305,0.615,0,0.187,0.342,78.025,4
spotify:track:1AEyHpz65puwxE8e5O32dB,"La promessa dell’alba","La Geografia Del Buio","Michele Bravi",2021-01-28,197572,16,false,,2023-04-24T10:45:05Z,"","Universal Music Italia srL.",0.566,0.305,5,-12.126,0,0.166,0.755,0,0.312,0.272,134.223,4
spotify:track:2zMJN9JvDlvGP4jB03l1Bz,"Hot Stuff","Bad Girls","Donna Summer",1979-04-25,314760,70,false,,2023-04-23T14:37:26Z,"disco,hi-nrg","Mercury Records",0.823,0.744,0,-13.98,1,0.0316,0.0055,0.033,0.0707,0.966,120.471,4
spotify:track:2DlHlPMa4M17kufBvI2lEN,"Chop Suey!","Toxicity","System Of A Down",2001-09-04,210240,86,false,,2023-04-20T15:20:07Z,"nu metal,metal,alternative metal,rap metal,rock","American/Columbia",0.417,0.934,7,-3.908,0,0.119,0.000278,0.0015,0.132,0.287,127.066,4
spotify:track:1EzrEOXmMH3G43AXT1y7pA,"I'm Yours","We Sing. We Dance. We Steal Things.","Jason Mraz",2008-05-12,242946,77,false,,2023-04-14T12:59:54Z,"soft pop,acoustic pop","Atlantic Records/ATG",0.703,0.444,11,-9.331,1,0.0417,0.559,0,0.0973,0.712,150.96,4
spotify:track:2gsNpSn7VvvJuSrIDfRoYy,"Kamikaze","Kamikaze","Eminem",2018-08-31,216029,58,true,,2023-04-13T07:03:21Z,"rap,hip hop","Eminem Catalog PS",0.78,0.808,2,-5.175,1,0.484,0.112,0,0.329,0.642,79.982,4
spotify:track:1uVYY21CyxAImaTMZ3JWQc,"What U Know","Whoo's Afraid of Fiddy","DJ Whoo Kid;50 Cent;Young Buck;Spider Loc",2017-03-12,193680,22,true,,2023-04-11T00:56:58Z,"old school hip hop,east coast hip hop,southern hip hop,crunk,west coast hip hop","MODO LLC",0.779,0.733,6,-7.126,0,0.415,0.0629,0,0.135,0.712,143.543,4
spotify:track:6npsu5SIhFqfPMSiwwI4GM,"oh fuck im drunk","singles","guccihighwaters",2017-10-15,161897,0,true,,2023-04-08T19:57:29Z,"emo rap","Repost Network",0.71,0.394,3,-9.959,0,0.0367,0.846,0.00000235,0.11,0.198,120.145,4
spotify:track:1VutwUjHPwEELxHkwdhMkz,"Clandestina (feat. Emma Peters) - JVSTIN Remix","Clandestina (feat. Emma Peters) [JVSTIN Remix]","FILV;Edmofo;Jvstin;Emma Peters",2023-01-06,145160,60,true,,2023-04-06T13:10:13Z,"french pop,french house","b1",0.788,0.402,10,-12.022,1,0.289,0.489,0.000514,0.624,0.805,104.983,4
spotify:track:6OiRh4kttAs1YWglvTcYkB,"Alrighty Aphrodite","Being So Normal","Peach Pit",2018-06-28,207813,67,false,,2023-04-05T14:14:52Z,"","Columbia",0.534,0.724,6,-4.675,0,0.0495,0.00605,0.0929,0.108,0.503,81.846,4
spotify:track:3JOVTQ5h8HGFnDdp4VT3MP,"Mad World","Trading Snakeoil for Wolftickets","Gary Jules;Michael Andrews",2001-01-01,189506,68,false,,2023-04-05T14:09:12Z,"","Down Up Down Music",0.344,0.0585,3,-17.212,1,0.0373,0.976,0.000362,0.103,0.323,174.149,4
spotify:track:2aH4Ec7vu87IeXFrtjtR17,"Top (feat. MadMan)","Eclissi","Gemitaiz;MadMan",2022-05-12,191202,47,true,,2023-03-26T13:15:32Z,"italian trap","Universal Music Italia srL.",0.87,0.622,4,-6.124,0,0.0616,0.228,0.00000327,0.399,0.319,118.048,4
spotify:track:2iirCgjgJbh6eQseJ1yqTI,"Diamonds","Diamonds","Willie Spence",2022-07-23,168940,0,false,,2023-03-22T11:50:12Z,"","Geepas Record",0.496,0.679,11,-8.011,1,0.231,0.81,0.000398,0.753,0.545,118.497,5
spotify:track:5x9LonDyHxGUO2VzfHJHLE,"COME VUOI","IL CORAGGIO DEI BAMBINI","Geolier",2023-01-06,172615,62,true,,2023-03-15T12:46:41Z,"canzone napoletana,concerto,italian trap,neomelodico","Columbia",0.756,0.631,8,-5.297,0,0.0502,0.13,0,0.0649,0.896,130.052,4
spotify:track:7nun62BmPg3IU5lAk3Zpwq,"Game Over","Game Over","Egzod;EMM",2021-05-20,248166,45,false,,2023-03-08T11:39:03Z,"","NCS",0.512,0.8,10,-5.205,0,0.0459,0.0126,0.0000195,0.125,0.451,89.952,4
spotify:track:7F2PwtLaqcH987WjjHHfJ6,"Another Night","Kissing Street","Cody High",2014-10-31,107976,37,false,,2023-03-02T20:33:42Z,"","Epidemic Sound",0.642,0.428,2,-14.937,0,0.15,0.727,0.81,0.0864,0.439,90.016,4
spotify:track:1Gkxhw3pozHZNEi3KvBAsa,"Dentro Alla Scatola","Solo Un Uomo","Mondo Marcio",2006-01-01,264266,50,true,,2023-02-16T21:09:26Z,"italian trap","Virgin",0.757,0.656,11,-6.942,1,0.338,0.125,0.00000725,0.0959,0.585,94.01,4
spotify:track:1BxV7LsZRPfABnDucumoyw,"Я разбиваюсь","Я разбиваюсь","SCIRENA",2021-10-25,130000,29,false,,2023-02-16T13:41:34Z,"","GOLDEN SOUND",0.7,0.499,8,-5.776,1,0.172,0.626,0,0.121,0.411,120.035,4
spotify:track:6HqCArM4eFL37hoGA0k3GB,"СЛЁЗЫ НА АСФАЛЬТЕ","СЛЁЗЫ НА АСФАЛЬТЕ","Polontayn",2021-11-19,165128,20,false,,2023-02-10T07:28:46Z,"","Goost Music",0.545,0.481,9,-8.548,0,0.039,0.0457,0.00000202,0.852,0.271,116.998,4
spotify:track:5xu6k82qkQVxbN85H1aCOk,"Una Ragazza Un Giorno Mi Ha Spezzato Il Cuore","IPERMETROMONDO","Lil Busso;Mr. Monkey",2020-02-07,122033,29,true,,2023-02-03T02:10:24Z,"italian trap","Universal Music Italia srL.",0.972,0.505,9,-6.918,1,0.32,0.154,0.0000446,0.26,0.498,117.977,4
spotify:track:2tnVG71enUj33Ic2nFN6kZ,"Ride It","Ride It","Regard",2019-07-26,157605,76,false,,2023-01-27T11:28:39Z,"","Ministry of Sound Recordings",0.88,0.751,7,-4.258,0,0.0874,0.177,0.0000643,0.106,0.884,117.948,4
spotify:track:0AUvWawuP0ibk4SQ3sIZjk,"Daisy","Daisy","Ashnikko",2020-07-09,146523,62,true,,2023-01-25T11:16:21Z,"","Parlophone UK",0.834,0.663,8,-6.143,1,0.133,0.235,0,0.372,0.774,121.876,4
spotify:track:1d36tpKpByF5Wcndsqr4Bq,"Farò di Te un Uomo","Mulan (Colonna Sonora Originale)","S Pozzoli;V Matteucci;V Giannetti;G Giannolla;M Cataldi;E Papi",1998-01-01,201626,54,false,,2023-01-15T20:42:08Z,"","Walt Disney Records",0.682,0.544,7,-8.674,1,0.0324,0.151,0,0.0849,0.515,113.947,4
spotify:track:5snCfoQbJ7S4cYB0K8XuJ4,"Детство","Я люблю тебя","Rauf & Faik",2018-09-28,188362,68,false,,2023-01-08T17:38:45Z,"","Atlantic Records Russia (Distribution)",0.719,0.607,10,-7.323,0,0.0398,0.636,0.00000791,0.111,0.48,149.967,4
spotify:track:18lR4BzEs7e3qzc0KVkTpU,"What I've Done","Minutes to Midnight","Linkin Park",2007-05-14,205226,85,false,,2023-01-03T14:15:57Z,"nu metal,rap metal,rock,alternative metal","Warner Records",0.627,0.935,5,-4.882,1,0.0324,0.0092,0,0.147,0.287,120.092,4
spotify:track:69IbND6UtxQ3Uhjn7wnWVD,"Ciuri, Ciuri","Roberto Alagna - The Sicilian","Traditional;Roberto Alagna;Yvan Cassar;Paris Symphony Orchestra",2008-01-01,151133,21,false,,2022-12-28T08:07:42Z,"bhajan,early music,gregorian chant,devotional,opera","Universal Music Division Decca Records France",0.699,0.619,10,-3.871,1,0.0353,0.653,0,0.234,0.181,127.708,4
spotify:track:0wapFNL8Njs8ILQkAUTIqs,"Abballati","Roberto Alagna - The Sicilian","Traditional;Roberto Alagna;Yvan Cassar;Paris Symphony Orchestra",2008-01-01,120693,40,false,,2022-12-28T07:48:38Z,"bhajan,early music,gregorian chant,devotional,opera","Universal Music Division Decca Records France",0.741,0.826,6,-3.017,0,0.0333,0.491,0.0000197,0.256,0.939,141.709,4
spotify:track:3sMtzFNKXornZJ15d0szT4,"The Nutcracker - Drill Remix","The Nutcracker (Drill Remix)","ReQuiemm Beatz",2021-09-07,231555,32,false,,2022-12-20T20:53:50Z,"","Independent",0.605,0.604,11,-8.25,0,0.0307,0.00356,0.931,0.117,0.232,135.015,4
spotify:track:4mJSno3haOxQkySIbSUUbf,"Dream","Souldier","Jain",2018-08-24,184984,38,false,,2022-12-19T23:33:46Z,"french pop","Columbia",0.763,0.277,11,-9.531,0,0.0369,0.408,0.000285,0.118,0.324,117.166,4
spotify:track:2mvP5OEZXWL0QefQSq7z6b,"Стеклянная","Стеклянная","GUMA",2021-08-05,166153,47,false,,2022-12-10T10:09:10Z,"","Warner Music Russia",0.774,0.565,9,-6.407,0,0.066,0.44,0.00102,0.109,0.496,130.041,4
spotify:track:5odlY52u43F5BjByhxg7wg,"golden hour","this is what ____ feels like (Vol. 1-4)","JVKE",2022-09-23,209259,80,false,,2022-11-22T12:33:44Z,"","JVKE",0.515,0.593,4,-4.801,1,0.0322,0.653,0.162,0.25,0.153,94.467,3
spotify:track:3QSjVPObHxuAJc3E5nrjRn,"VILLAIN","ALL OUT","K/DA;Madison Beer;Kim Petras;League of Legends",2020-11-06,199125,36,false,,2022-11-13T20:22:28Z,"k-pop","Riot Games",0.653,0.634,5,-5.875,0,0.0391,0.0232,0,0.0908,0.306,160.013,4
spotify:track:3rbZ6KbFAozrZBzYZHkxuA,"Falling","Falling","Rival;CRVN",2022-04-08,215510,33,false,,2022-11-07T17:20:31Z,"","NCS",0.28,0.653,2,-5.155,0,0.0432,0.366,0,0.207,0.158,145.246,4
spotify:track:6Lg1GvSIe1Tr1EHsM76aEj,"Meet Her At The Loveparade - Radio Edit","Meet Her at the Loveparade","Da Hool",2001-08-20,213440,1,false,,2022-10-31T13:21:51Z,"","Kosmo Records",0.794,0.645,7,-7.926,1,0.0981,0.00079,0.903,0.0487,0.141,131.973,4
spotify:track:2SL6oP2YAEQbqsrkOzRGO4,"Venom - Music From The Motion Picture","Kamikaze","Eminem",2018-08-31,269554,71,true,,2022-10-30T02:07:00Z,"rap,hip hop","Eminem Catalog PS",0.749,0.794,0,-5.063,1,0.064,0.0193,0,0.543,0.46,135.959,4
spotify:track:75IN3CtuZwTHTnZvYM4qnJ,"My Name Is","The Slim Shady LP","Eminem",1999-02-23,268400,74,true,,2022-10-30T02:06:34Z,"rap,hip hop","Aftermath",0.869,0.68,1,-6.233,1,0.318,0.0416,0.00000112,0.0914,0.815,85.519,4
spotify:track:69S8NyQq9soD9bDuLyNvwj,"Maneggiami con cura","La Geografia Del Buio","Michele Bravi",2021-01-28,223304,39,false,,2022-10-26T00:19:07Z,"","Universal Music Italia srL.",0.691,0.418,7,-10.194,1,0.12,0.762,0,0.115,0.345,109.935,4
spotify:track:38T0tPVZHcPZyhtOcCP7pF,"STAR WALKIN' (League of Legends Worlds Anthem)","STAR WALKIN' (League of Legends Worlds Anthem)","Lil Nas X",2022-09-22,210575,71,true,,2022-10-12T06:01:04Z,"","Columbia",0.637,0.715,2,-4.971,0,0.0455,0.148,0,0.0892,0.308,141.872,4
spotify:track:5YJtMNWKe55yr49cyJgxva,"Everytime We Touch","Everytime We Touch (Premium Edition)","Cascada",2010-02-12,197124,75,false,,2022-10-08T14:03:21Z,"europop,eurodance","Zoo Digital",0.633,0.976,8,-5.362,1,0.0519,0.00281,0.0000129,0.382,0.493,142.027,4
spotify:track:5XTFYL9hWYByBLe71pjoZ6,"I'll Make a Man Out of You","I'll Make a Man Out of You","Peyton Parrish",2021-08-27,188869,52,false,,2022-10-08T09:20:06Z,"sea shanties,mediaeval metal","Noise Machine",0.478,0.932,7,-3.386,1,0.0748,0.000352,0,0.0584,0.365,114.968,4
spotify:track:0COqiPhxzoWICwFCS4eZcp,"Bring Me To Life","Fallen","Evanescence",2003-03-04,235893,89,false,,2022-10-05T10:05:58Z,"alternative metal","The Bicycle Music Company",0.331,0.943,4,-3.188,0,0.0698,0.00721,0.00000206,0.242,0.296,94.612,4
spotify:track:5A0u3u09y7aSRgkoQ3YkkI,"All'alba Sorgerò - di ""Frozen: Il Regno di Ghiaccio""/Colonna Sonora Originale","Frozen: Il Regno di Ghiaccio (Colonna Sonora Originale/Deluxe Edition)","Serena Autieri",2013-01-01,224040,50,false,,2022-10-01T19:06:16Z,"","Walt Disney Records",0.528,0.445,8,-7.398,1,0.0329,0.759,0,0.136,0.338,137.205,4
spotify:track:5IgjP7X4th6nMNDh4akUHb,"Under The Influence","Indigo (Extended)","Chris Brown",2019-10-04,184203,84,true,,2022-10-01T11:59:58Z,"r&b","Chris Brown Entertainment/RCA Records",0.755,0.562,9,-8.947,0,0.0355,0.0186,0.000231,0.18,0.368,116.931,4
spotify:track:6g0YiEetLFMZeuWjMXHQD4,"Under x I Was Never - Remix","Under x I Was Never","DJ Fronteo;Xanemusic",2022-09-14,199552,1,false,,2022-09-30T00:23:34Z,"","DJ Fronteo",0.296,0.685,9,-7.126,1,0.0951,0.0285,0.000466,0.337,0.272,143.141,4
spotify:track:3fSDgroRdztJ7YSC8SLHAL,"La siminzina","La Sicilia di Rosa Balistreri","Rosa Balistreri",2017-02-08,143400,11,false,,2022-09-24T18:55:42Z,"traditional music,italian singer-songwriter","Recording Arts",0.581,0.218,2,-14.15,0,0.0346,0.678,0,0.359,0.439,82.462,3
spotify:track:1rqqCSm0Qe4I9rUvWncaom,"High Hopes","Pray for the Wicked","Panic! At The Disco",2018-06-22,190946,81,false,,2022-09-23T18:00:03Z,"emo","DCD2 / Fueled By Ramen",0.579,0.904,5,-2.729,1,0.0618,0.193,0,0.064,0.681,82.014,4
spotify:track:2swRdG3vAk5bYBR3oSf1cg,"BM (London View)","BM (London View)","OTP",2021-07-23,164623,0,true,,2022-09-14T20:50:26Z,"uk drill,drill","Touch Paper Records",0.868,0.522,11,-8.601,1,0.355,0.24,0,0.235,0.8,143.01,4
spotify:track:6GD1eomgaGT1Epto6Q5eAo,"golden hour","golden hour","JVKE",2022-07-15,209259,1,false,,2022-09-11T17:30:46Z,"","JVKE",0.511,0.594,1,-4.799,0,0.0316,0.651,0.177,0.249,0.143,94.473,3
spotify:track:3uHVhjDeFz9wF4Sf7wX6iU,"No Insta - feat. Lazza","17","Emis Killa;Jake La Furia;Lazza",2020-09-18,179759,49,true,,2022-09-10T14:49:09Z,"italian trap,concerto","Epic",0.774,0.648,0,-5.147,0,0.312,0.405,0,0.322,0.586,170.005,4
spotify:track:5WlLpWkH1TcJbe2THCtW9X,"Time on Our Side","A Thousand Years","Ten Towers",2018-09-07,205308,35,false,,2022-09-08T17:29:45Z,"","Epidemic Sound",0.621,0.467,5,-8.325,1,0.0296,0.763,0,0.0986,0.515,82.946,4
spotify:track:42C9YmmOF7PkiHWpulxzcq,"Young Shahrukh","Young Shahrukh","Tesher",2020-05-22,159447,56,false,,2022-09-06T13:13:27Z,"","Sony Music Entertainment India Pvt. Ltd.",0.909,0.449,8,-9.912,0,0.263,0.0323,0,0.087,0.685,95.001,4
spotify:track:6SBZlH2J2S5QVeFrUxyL5J,"Suite bergamasque, L. 82: III. Clair de lune","Classical Music for Studying","Alexandre Tharaud",2020-11-14,258474,14,false,,2022-09-02T01:29:07Z,"classical piano,classical,impressionism","Warner Music Group - X5 Music Group",0.387,0.0503,1,-21.725,1,0.0456,0.994,0.903,0.0915,0.061,69.149,5
spotify:track:70LcF31zb1H0PyJoS1Sx1r,"Creep","Pablo Honey","Radiohead",1993-02-22,238640,92,true,,2022-09-02T01:22:13Z,"art rock,alternative rock","XL Recordings",0.515,0.43,7,-9.935,1,0.0372,0.0097,0.000133,0.129,0.104,91.844,4
spotify:track:0DM9ZUS2cgoOsqIR3EEsxB,"Dat Melody - Original Mix","Dat Melody EP","Doub",2014-03-31,299986,19,false,,2022-09-01T21:46:35Z,"minimal techno","Hungry Koala Records",0.843,0.805,6,-7.768,1,0.0761,0.0877,0.907,0.099,0.271,128.016,4
spotify:track:1Ic75bJnvNE3zpE7qZg7aA,"Free Tibet - Vini Vici Remix","Free Tibet (Vini Vici Remix)","Hilight Tribe;Vini Vici",2016-02-01,474782,0,false,,2022-09-01T19:08:04Z,"psytrance,trance","Iboga Records",0.383,0.947,1,-5.93,1,0.0654,0.0131,0.697,0.143,0.0741,103.512,3
spotify:track:2nW54dqr6liCGstp71S4pB,"Il Conforto","Il Mestiere Della Vita","Tiziano Ferro;Carmen Consoli",2016-12-02,236253,55,false,,2022-08-31T13:57:01Z,"italian singer-songwriter,italo dance,singer-songwriter","Universal Music Italia srL.",0.548,0.689,0,-5.792,0,0.0683,0.0175,0,0.181,0.366,81.845,4
spotify:track:5fwSHlTEWpluwOM0Sxnh5k,"Pepas","Pepas","Farruko",2021-06-24,287120,78,true,,2022-08-31T02:34:14Z,"reggaeton,trap latino","Sony Music Latin",0.762,0.766,7,-3.955,1,0.0343,0.00776,0.0000698,0.128,0.442,130.001,4
spotify:track:1vCBk33l9HaWp5FOnhSGxk,"I Feel Love","I Remember Yesterday","Donna Summer",1977-05-13,355173,62,false,,2022-08-30T15:27:25Z,"disco,hi-nrg","Island Mercury",0.674,0.711,0,-15.581,1,0.0423,0.031,0.691,0.0925,0.961,126.696,4
spotify:track:5Hyr47BBGpvOfcykSCcaw9,"Holding Out for a Hero - From ""Footloose"" Soundtrack","Secret Dreams and Forbidden Fire","Bonnie Tyler",1986-05-05,348333,75,false,,2022-08-30T15:04:35Z,"","Sony Music CG",0.616,0.685,9,-15.289,0,0.04,0.0245,0.0000113,0.0491,0.895,150.055,4
spotify:track:0VchlIrOnEuyfOWJeMGIP6,"Luv T'day","We Can All Be Free","God Made Me Funky",2007-05-09,223373,16,false,,2022-08-29T22:04:23Z,"synthwave","New Empire Entertainment",0.869,0.906,10,-5.677,0,0.138,0.0261,0.0000526,0.0498,0.926,115.008,4
spotify:track:2ajUl8lBLAXOXNpG4NEPMz,"Sway","Michael Bublé","Michael Bublé",2003,188066,76,false,,2022-08-29T21:49:27Z,"christmas","143/Reprise",0.713,0.639,2,-5.529,0,0.0313,0.753,0,0.0878,0.737,125.959,4
spotify:track:1JpHODSwP0POyWOG16D8WI,"Fantaisie-Impromptu in C-Sharp Minor, Op. 66","Chopin Evocations","Frédéric Chopin;Daniil Trifonov",2017-10-06,336093,23,false,,2022-08-29T09:33:09Z,"classical piano,classical","Deutsche Grammophon (DG)",0.155,0.0522,1,-25.087,1,0.0413,0.993,0.894,0.105,0.0585,70.473,3
spotify:track:6BX5puwm9fEYLmk40Upk5X,"Waltz in A Minor, KK IVb No. 11","Chopin: Complete Waltzes","Frédéric Chopin;Alice Sara Ott",2010-01-01,119360,36,false,,2022-08-29T09:33:08Z,"classical piano,classical","Deutsche Grammophon (DG)",0.363,0.00948,9,-32.954,0,0.0442,0.99,0.927,0.0565,0.0742,62.303,4
spotify:track:2gQPv5jvVPqU2a9HhMNO1v,"Toxic","Toxic","BoyWithUke",2021-10-29,168020,63,false,,2022-08-23T02:58:01Z,"","Republic Records",0.594,0.612,8,-6.627,0,0.363,0.835,0,0.461,0.687,179.629,4
spotify:track:7JJtJIOmoo230VPdXNQZFg,"Indelebile","Indelebile","Drena",2021-07-08,156330,27,false,,2022-08-19T04:23:18Z,"","iMD-Drena",0.642,0.494,1,-5.714,1,0.032,0.48,0.000143,0.152,0.464,124.919,4
spotify:track:29z1JCsMAx5ahaP3HV6Ful,"Inverno dei fiori","Inverno dei fiori","Michele Bravi",2022-02-02,176251,40,false,,2022-08-19T03:14:44Z,"","Universal Music Italia srL.",0.544,0.549,5,-9.006,1,0.045,0.107,0.00000113,0.286,0.563,98.985,4
spotify:track:5OJipAfK9KmaIBDoGqMBMv,"Cu'mme'","Amici di face... E non solo (Disco a favore di Child to Child for Africa di padre Fantacci)","Mia Martini;Enzo Gragnianiello",2009-01-01,281546,1,false,,2022-08-19T00:50:50Z,"italian singer-songwriter,singer-songwriter,canzone napoletana,neomelodico","Farita S.r.l.",0.587,0.748,7,-5.18,1,0.0346,0.533,0.000235,0.653,0.618,100.995,4
spotify:track:3TqzZppMeb9YmbkbuUqfxa,"Ti Penso E Cambia Il Mondo","Adrian","Adriano Celentano",2019-01-25,261594,41,false,,2022-08-18T00:23:39Z,"italo dance,italian singer-songwriter","Universal Music Italia srL.",0.533,0.738,10,-3.743,0,0.0399,0.142,0,0.145,0.384,139.921,4
spotify:track:2GCyk5Sd1Ej09gLYVMuKwS,"Eclissi del cuore (feat. Nek)","Sei Come Me Special Edition","L'Aura;Nek",2011-12-05,241733,44,false,,2022-08-17T13:41:35Z,"italo dance,rock en español,latin pop","RCA Records Label",0.529,0.694,8,-3.939,1,0.0317,0.69,0,0.107,0.212,135.837,4
spotify:track:7wuJGgpTNzbUyn26IOY6rj,"Total Eclipse of the Heart","The Very Best of Bonnie Tyler","Bonnie Tyler",2009-03-26,267360,81,false,,2022-08-17T02:38:02Z,"","Sony Music UK",0.431,0.723,8,-5.887,1,0.0568,0.145,0,0.374,0.19,130.141,4
spotify:track:5Aw0QmDZJZID69ZcTvEzXI,"m8nstar","m8nstar","thasup",2019-05-03,164825,37,false,,2022-08-16T14:53:34Z,"italian trap","Epic",0.58,0.758,4,-6.448,0,0.044,0.0548,0,0.114,0.437,164.924,4
spotify:track:1X1MpXPKAaqH0VAr2N18xR,"Petrunko","Petrunko","EGOPIUM",2022-07-19,177612,46,false,,2022-08-16T14:53:22Z,"","Distribution by Klever Label",0.733,0.691,2,-8.198,1,0.0374,0.00328,0.123,0.232,0.179,99.997,4
spotify:track:6naxalmIoLFWR0siv8dnQQ,"Oops!...I Did It Again","Oops!... I Did It Again","Britney Spears",2000-05-16,211160,82,false,,2022-08-14T16:20:03Z,"pop","Jive",0.751,0.834,1,-5.444,0,0.0437,0.3,0.0000177,0.355,0.894,95.053,4
spotify:track:6MMXEPWeWu9z3YaT4MOXy5,"Il tempo delle cattedrali","Notre-Dame de Paris (Italian Platinum Edition)","Richard Cocciante",2002-01-04,199973,33,false,,2022-08-06T12:30:37Z,"","Onze-Pomme Music",0.314,0.393,0,-7.599,0,0.0316,0.701,0,0.0971,0.193,70.887,4
spotify:track:58HvfVOeJY7lUuCqF0m3ly,"MIDDLE OF THE NIGHT","MIDDLE OF THE NIGHT","Elley Duhé",2020-01-10,184447,75,false,,2022-07-28T03:32:35Z,"","Not Fit For Society/RCA Records",0.41,0.611,4,-8.271,0,0.0467,0.0228,0,0.116,0.0899,185.727,3
spotify:track:5CQ30WqJwcep0pYcV4AMNc,"Stairway to Heaven - Remaster","Led Zeppelin IV (Deluxe Edition)","Led Zeppelin",1971-11-08,482830,80,false,,2022-07-26T05:50:19Z,"classic rock,rock,hard rock,rock and roll","Atlantic Records",0.338,0.34,9,-12.049,0,0.0339,0.58,0.0032,0.116,0.197,82.433,4
spotify:track:1yJzoX4xPsACzVxUarXRKa,"Misty Mountains","The Hobbit: An Unexpected Journey Original Motion Picture Soundtrack (International Version)","Richard Armitage;The Dwarf Cast",2012-01-01,99680,0,false,,2022-07-18T11:17:52Z,"","Decca (UMO)",0.229,0.0144,2,-30.935,0,0.032,0.855,0.000332,0.114,0.247,87.474,1
spotify:track:39LJCSHy7nB1akjmhMQ7Y7,"Pain","Fearless","Josh A",2019-01-12,188041,61,true,,2022-07-13T23:14:32Z,"emo rap","Josh A",0.789,0.509,6,-8.629,0,0.277,0.525,0.00000755,0.0936,0.61,75.009,4
spotify:track:1tmxGSXmeKk5NjZh3hIG7v,"Strappati Lungo i Bordi","Strappati Lungo i Bordi (Music from the Original TV Series “Strappare lungo i bordi”)","Giancane",2021-11-17,199384,42,false,,2022-07-11T22:50:54Z,"","Universal Music Italia srL.",0.421,0.863,11,-5.36,1,0.112,0.111,0,0.093,0.342,149.152,4
spotify:track:3CMVjlbvNJMHDfYPX7xCpi,"It's Oh So Quiet","Post","Björk",1995-06-13,218733,0,false,,2022-06-27T12:18:30Z,"art pop,trip hop","One Little Independent Records",0.461,0.129,3,-14.189,1,0.0565,0.652,0,0.07,0.246,129.19,4
spotify:track:100wbVOhDwNryu9ck6uUnC,"Ma cherie - Dj Antoine Vs Mad Mark 2K12 Radio Edit","Welcome To DJ Antoine","DJ Antoine;The Beatshakers;DJ Antoine vs. Mad Mark",2012-06-12,191164,0,false,,2022-06-26T11:56:59Z,"","X-Energy",0.757,0.584,5,-5.036,0,0.211,0.0255,0.0002,0.0465,0.856,127.929,4
spotify:track:5aJ64abNg8qNd4N636tZWD,"Odi et Amo","Odi et Amo","Blake el Diablo",2020-02-03,239142,0,true,,2022-06-22T00:02:08Z,"","Platinum Label",0.766,0.482,9,-8.431,0,0.284,0.417,0,0.0852,0.576,139.97,4
spotify:track:291ozGPjR0HnVyKZOgkPGG,"Mantieni il bacio","La Geografia Del Buio","Michele Bravi",2021-01-28,217317,48,false,,2022-06-13T02:05:31Z,"","Universal Music Italia srL.",0.49,0.482,8,-6.381,1,0.0609,0.638,0,0.151,0.386,140.12,4
spotify:track:2MSgFefjK0T7Iwjvr3OKqV,"Chopin: Nocturne No. 20 in C-Sharp Minor, Op. Posth.","Chopin: Piano Sonata No. 2, Nocturnes, Barcarolle & Scherzo","Frédéric Chopin;Mikhail Pletnev",2000-01-01,266200,68,false,,2022-06-08T21:59:34Z,"classical piano,classical","Warner Classics",0.225,0.0047,1,-30.928,0,0.0509,0.992,0.881,0.0722,0.186,163.665,4
spotify:track:2k0fRctyB6v6qpIP7vfi6f,"Just Dance (TikTok Drill Remix)","Just Dance (TikTok Drill Remix)","TBeatz",2021-02-02,186300,26,false,,2022-05-28T18:17:01Z,"","TBeatz",0.867,0.586,1,-6.16,0,0.167,0.222,0.0000312,0.24,0.547,140.065,4
spotify:track:65uoaqX5qcjXZRheAj1qQT,"Dernière danse","Mini World","Indila",2014-01-01,213493,81,false,,2022-05-27T12:24:27Z,"french pop","Universal Music Division Island Def Jam",0.669,0.449,0,-7.658,0,0.049,0.184,0,0.0729,0.327,114.924,4
spotify:track:2tjvj6LfczeqLhZLYMVDOx,"Ed Ero Contentissimo","TZN -The Best Of Tiziano Ferro (Deluxe)","Tiziano Ferro",2014-01-01,250826,29,false,,2022-05-24T01:19:30Z,"italian singer-songwriter,italo dance","Universal Music B.V. The Netherlands",0.622,0.552,4,-5.115,0,0.0343,0.346,0,0.132,0.353,129.851,4
spotify:track:3PL29vUwIzWvv7n1OS7em5,"Mudda March","Astrvl's Farewell: The Trilogy Edition","Fr33 Astrvl",2022-04-20,94563,5,true,,2022-05-18T08:33:19Z,"","2577335 Records DK2",0.577,0.688,2,-9.957,0,0.528,0.399,0,0.0582,0.696,71.866,4
spotify:track:46k6vPzXj1JYKFqJNghNHA,"Vita sbagliata","Salvatore","Paky",2022-03-11,193960,0,true,,2022-05-16T17:39:27Z,"italian trap","Universal Music Italia srL.",0.75,0.532,3,-6.421,1,0.197,0.228,0,0.102,0.428,143.039,4
spotify:track:1BwrMGGhPA6GarWIYaFrW8,"La Vida Es Un Carnaval","Para La Eternidad","Celia Cruz",2016-05-27,278866,65,false,,2022-05-14T21:09:39Z,"salsa,son cubano,bolero,cha cha cha,merengue,mambo,latin,latin dance","UMLE - Machete",0.813,0.701,0,-6.508,0,0.0701,0.489,0.00116,0.294,0.855,104.019,4
spotify:track:0kO3njY9N1Rxgv27Ha1lLh,"Numb","Meteora (Bonus Edition)","Linkin Park",2003-03-25,187520,58,false,,2022-05-14T20:00:31Z,"nu metal,rap metal,rock,alternative metal","Warner Records",0.488,0.87,6,-4.185,0,0.0421,0.00353,0,0.484,0.211,110.072,4
spotify:track:2kQuhkFX7uSVepCD3h29g5,"Smack That","Konvicted","Akon;Eminem",2006-01-01,212360,86,true,,2022-05-10T23:37:48Z,"rap,hip hop","Konvict/Upfront/SRC/Universal Records",0.939,0.741,5,-5.171,0,0.0471,0.323,0,0.107,0.925,118.978,4
spotify:track:4TRV1GJuTP8bUs3lhe50r2,"Hikaru Nara (Shigatsu Wa Kimi No Uso) [feat. Animelmack]","Hikaru Nara (Shigatsu Wa Kimi No Uso) [feat. Animelmack]","Berioska;Animelmack",2019-01-30,251821,41,false,,2022-05-10T06:10:18Z,"anime","Groove Manager",0.512,0.738,6,-9.004,0,0.0356,0.576,0.0418,0.238,0.791,159.95,4
spotify:track:1iOQmZULzzkDN1hQZNoDii,"オレンジ","セツナエモーション","7!!",2017-02-08,350106,44,false,,2022-05-10T06:06:26Z,"anime,j-pop","Sony Music Labels Inc.",0.4,0.563,7,-4.023,1,0.0319,0.194,0,0.162,0.311,172.027,4
spotify:track:3MnAsEBBsEj86d03RgO4EM,"Fairytale","Fairytale","Alexander Rybak",2009-01-12,182600,73,false,,2022-05-03T17:20:57Z,"","Alexander Rybak",0.573,0.784,2,-5.359,0,0.0293,0.61,0.0000389,0.278,0.655,107.991,4
spotify:track:3Wrjm47oTz2sjIgck11l5e,"Beggin'","Chosen","Måneskin",2017-12-08,211560,85,false,,2022-05-01T01:28:22Z,"","RCA Records Label",0.714,0.8,11,-4.808,0,0.0504,0.127,0,0.359,0.589,134.002,4
spotify:track:2qxmye6gAegTMjLKEBoR3d,"Let Me Down Slowly","Narrated For You","Alec Benjamin",2018-11-16,169353,82,false,,2022-04-30T18:05:15Z,"","2018",0.652,0.557,1,-5.714,0,0.0318,0.74,0,0.124,0.483,150.073,4
spotify:track:1MmajR1mnAvswYv0YH27Xn,"Up in the Sky","Up in the Sky","77 Bombay Street",2011-02-11,228173,47,false,,2022-04-25T14:04:48Z,"","Gadget Records AG",0.625,0.802,6,-4.716,0,0.0299,0.193,0,0.063,0.681,109.995,4
spotify:track:3vEEkb5YDQSqRfZGGs3PiV,"Let Her Go","Let Her Go","Jasmine Thompson",2013-08-08,172149,0,false,,2022-04-24T10:39:53Z,"","Jasmine Thompson",0.543,0.408,3,-6.874,1,0.0341,0.951,0.00000113,0.226,0.239,132.883,3
spotify:track:7hU3IHwjX150XLoTVmjD0q,"MONEY","LALISA","LISA",2021-09-10,168227,73,true,,2022-04-21T14:07:08Z,"k-pop","YG Entertainment/Interscope Records",0.831,0.554,1,-9.998,0,0.218,0.161,0.0000612,0.152,0.396,140.026,4
spotify:track:3Hb9kUdm4yf839Fle4RIdT,"Parado no Bailão","Parado no Bailão","MC L da Vinte;MC Gury",2018-07-23,171692,74,false,,2022-04-18T02:09:37Z,"brazilian funk,funk de bh,funk carioca","Funk Explode",0.828,0.599,11,-1.624,1,0.149,0.381,0,0.0775,0.478,86.533,5
spotify:track:5iqrbO0fhuLMiy9tYGanv6,"C'est La Vie","C'est La Vie","Khaled",2012-05-17,225751,65,false,,2022-04-17T19:03:52Z,"raï","Cz Sounds Rec.",0.616,0.933,0,-3.762,0,0.0513,0.0259,0,0.359,0.806,129.952,4
spotify:track:0I3mz6v33aJrVHbqDHI4Pl,"Vaseme","Vaseme","Niko Pandetta",2019-12-15,201665,0,false,,2022-04-10T19:18:34Z,"neomelodico,canzone napoletana,italian trap","KING MUSIC",0.843,0.834,7,-5.33,0,0.223,0.0834,0,0.155,0.687,127.925,4
spotify:track:7nmgo9rItZ5OHer0VFVhqU,"Nata vota","Nata vota","Niko Pandetta",2019-10-17,174193,0,false,,2022-04-10T18:03:48Z,"neomelodico,canzone napoletana,italian trap","KING MUSIC",0.835,0.717,10,-6.722,0,0.249,0.529,0.00000152,0.0842,0.949,123.972,4
spotify:track:1DFFUsN49AUonUcTiQNnjI,"Dolcenera","Anime Salve","Fabrizio De André",1996-10-17,297786,46,false,,2022-04-06T06:46:48Z,"italian singer-songwriter,singer-songwriter","Ricordi",0.68,0.492,11,-8.359,0,0.0436,0.177,0.0000563,0.201,0.595,125.827,4
spotify:track:5HU5zuyBMUYqIC2wPV3aq7,"La canzone di Marinella","Volume 3","Fabrizio De André",1968,198013,48,false,,2022-04-05T17:17:18Z,"italian singer-songwriter,singer-songwriter","Ricordi",0.439,0.351,9,-10.04,0,0.032,0.811,0.00000485,0.115,0.503,82.192,4
spotify:track:1lNop22I4dLz5MYuc60fUX,"La guerra di Piero","Fabrizio De André Opere Complete","Fabrizio De André",1999-12-03,181893,46,false,,2022-04-05T15:09:29Z,"italian singer-songwriter,singer-songwriter","Ricordi",0.666,0.355,1,-14.055,0,0.217,0.909,0.00000168,0.0944,0.781,107.032,4
spotify:track:6k0X05danQOXSBTVek5DU1,"The Rumbling","The Rumbling","SiM",2022-02-07,220799,69,false,,2022-04-04T08:44:20Z,"anime,j-rock","PONY CANYON INC.",0.459,0.878,5,-1.399,0,0.0688,0.0000562,0.000307,0.371,0.494,144.852,4
spotify:track:5W8HXMOMLtXLz0RGKUtnlZ,"Last One Standing (feat. Polo G, Mozzy & Eminem) - From Venom: Let There Be Carnage","Last One Standing (feat. Polo G, Mozzy & Eminem) [From Venom: Let There Be Carnage]","Skylar Grey;Polo G;Mozzy;Eminem",2021-09-30,257368,63,true,,2022-04-03T15:27:32Z,"rap,hip hop","Shady Records/Interscope Records",0.664,0.692,1,-4.128,0,0.127,0.237,0,0.0798,0.233,154.924,4
spotify:track:2kLeBoh5vTQkCbiQ5QDK8p,"Prima o poi","Prima o poi","GrenBaud",2019-09-13,210612,26,false,,2022-03-19T14:16:52Z,"","GrenBaud",0.731,0.727,2,-4.439,1,0.0379,0.315,0,0.132,0.325,98.038,4
spotify:track:3FhP1N2C05FgCZ1MNb3ad4,"Oggi","La mia voce","Fabrizio Moro",2022-02-04,175171,26,false,,2022-03-09T16:27:21Z,"italian singer-songwriter","WM Italy",0.567,0.705,0,-5.67,1,0.0268,0.0958,0,0.147,0.323,85.983,4
spotify:track:2SvgBb7Wxa9ZfeamgGIGZl,"I'm Shady","The Slim Shady LP (Expanded Edition)","Eminem",1999-02-23,211893,45,true,,2022-03-04T17:02:40Z,"rap,hip hop","Eminem Catalog PS",0.838,0.713,11,-7.062,0,0.254,0.0248,0.00000205,0.121,0.709,92.904,4
spotify:track:15JINEqzVMv3SvJTAXAKED,"Love The Way You Lie","Recovery","Eminem;Rihanna",2010-06-18,263373,87,true,,2022-03-04T17:02:37Z,"rap,hip hop","Eminem Catalog PS",0.749,0.925,10,-5.034,1,0.227,0.241,0,0.52,0.641,86.989,4
spotify:track:4CDIEKHMb2MBgvgHBkhiJD,"When I'm Gone","When I'm Gone","Eminem",2005-01-01,281320,68,true,,2022-03-04T17:02:35Z,"rap,hip hop","Eminem Catalog PS",0.618,0.746,10,-5.476,0,0.352,0.0553,0,0.273,0.75,75.272,4
spotify:track:4iTyf5pLZMOR8YrEZgSopo,"Believe","Revival","Eminem",2017-12-15,315346,50,true,,2022-03-04T17:02:34Z,"rap,hip hop","Eminem Catalog PS",0.884,0.492,1,-5.343,0,0.112,0.16,0,0.359,0.11,130.072,4
spotify:track:099MPsZhn5HkEUNlpA89rK,"Brain Damage","The Slim Shady LP","Eminem",1999-02-23,226733,57,true,,2022-03-04T17:02:32Z,"rap,hip hop","Aftermath",0.866,0.599,2,-7.903,1,0.163,0.00917,0,0.0655,0.831,94.982,4
spotify:track:0x60P5taxdI5pcGbqbap6S,"Business","The Eminem Show","Eminem",2002-05-26,251720,72,true,,2022-03-04T17:02:29Z,"rap,hip hop","Eminem Catalog PS",0.901,0.813,7,-4.509,1,0.199,0.0325,0.0000109,0.144,0.502,96.442,4
spotify:track:0uAkm1iQLrzweZ4U1iXy6w,"Alfred’s Theme","Music To Be Murdered By - Side B (Deluxe Edition)","Eminem",2020-12-18,339345,51,true,,2022-03-04T17:02:26Z,"rap,hip hop","Shady/Aftermath/Interscope Records",0.721,0.903,1,-2.968,1,0.386,0.114,0,0.337,0.701,97.113,4
spotify:track:4woTEX1wYOTGDqNXuavlRC,"Superman","The Eminem Show","Eminem;Dina Rae",2002-05-26,350320,83,true,,2022-03-04T17:02:20Z,"rap,hip hop","Eminem Catalog PS",0.802,0.755,4,-3.138,0,0.0564,0.0215,0,0.295,0.58,130.027,4
spotify:track:6cS9PmLky2NhLOhpIsUlow,"Gnat","Music To Be Murdered By - Side B (Deluxe Edition)","Eminem",2020-12-18,224656,59,true,,2022-03-04T17:02:16Z,"rap,hip hop","Shady/Aftermath/Interscope Records",0.835,0.869,10,-4.582,0,0.27,0.248,0,0.462,0.82,140.945,4
spotify:track:3yfqSUWxFvZELEM4PmlwIR,"The Real Slim Shady","The Marshall Mathers LP","Eminem",2000-05-23,284200,85,true,,2022-03-04T17:02:12Z,"rap,hip hop","Eminem Catalog PS",0.949,0.661,5,-4.244,0,0.0572,0.0302,0,0.0454,0.76,104.504,4
spotify:track:2c5Isyd07hWsl7AQia2Dig,"Fast Lane","Hell: The Sequel (Deluxe)","Bad Meets Evil",2011-01-01,249560,69,true,,2022-03-04T17:02:09Z,"","Shady Records",0.615,0.871,1,-3.804,1,0.281,0.0388,0,0.246,0.338,119.149,5
spotify:track:3xVtc7PB4V3AqAfq4Iahli,"I'm Back","The Marshall Mathers LP","Eminem",2000-05-23,309760,60,true,,2022-03-04T17:02:07Z,"rap,hip hop","Eminem Catalog PS",0.878,0.595,11,-3.924,0,0.203,0.0146,0.000068,0.328,0.851,89.995,4
spotify:track:60Z57Wdrn0pEVpHI7d7GAX,"Stepping Stone","Kamikaze","Eminem",2018-08-31,309637,53,true,,2022-03-04T17:02:05Z,"rap,hip hop","Eminem Catalog PS",0.616,0.684,7,-6.032,1,0.311,0.0305,0,0.376,0.312,179.503,4
spotify:track:28FGV3ORH14MYORd7s5dlU,"Not Alike (feat. Royce Da 5'9)","Kamikaze","Eminem;Royce Da 5'9""",2018-08-31,288086,60,true,,2022-03-04T17:02:01Z,"rap,hip hop","Eminem Catalog PS",0.904,0.756,10,-3.746,1,0.32,0.0692,0,0.339,0.342,140.005,4
spotify:track:5PVv4YALJruehQKyAlwjfE,"Must Be The Ganja","Relapse: Refill","Eminem",2009-05-15,242906,57,true,,2022-03-04T17:01:59Z,"rap,hip hop","Eminem Catalog PS",0.728,0.801,1,0.161,1,0.297,0.322,0,0.244,0.794,82.657,4
spotify:track:7lQ8MOhq6IN2w8EYcFNSUk,"Without Me","The Eminem Show","Eminem",2002-05-26,290320,88,true,,2022-03-04T17:01:55Z,"rap,hip hop","Eminem Catalog PS",0.908,0.669,7,-2.827,1,0.0738,0.00286,0,0.237,0.662,112.238,4
spotify:track:1jo3TwNGCXfNdB5uba3ZVv,"Killshot","Killshot","Eminem",2018-09-19,253579,70,true,,2022-03-04T17:01:53Z,"rap,hip hop","Eminem Catalog PS",0.893,0.651,0,-8.647,0,0.367,0.0995,0,0.371,0.6,105.835,4
spotify:track:15qrWkkYCfmtu1uRpGf48L,"White America","The Eminem Show","Eminem",2002-05-26,324546,64,true,,2022-03-04T17:01:51Z,"rap,hip hop","Eminem Catalog PS",0.558,0.615,1,-5.641,1,0.229,0.0103,0,0.105,0.16,76.673,4
spotify:track:2MEvYNn2tRvFDAucAtAKVq,"Just Don't Give A Fuck","The Slim Shady LP","Eminem",1999-02-23,242573,59,true,,2022-03-04T17:01:47Z,"rap,hip hop","Aftermath",0.539,0.931,4,-1.803,0,0.262,0.000713,0,0.204,0.685,85.571,4
spotify:track:2cm5JHPVzXyrWPtIZZi1Gh,"Encore/Curtains Down","Encore (Deluxe Version)","Eminem",2004-11-12,348400,51,true,,2022-03-04T17:01:44Z,"rap,hip hop","Eminem Catalog PS",0.605,0.747,5,-5.574,0,0.397,0.0838,0,0.462,0.565,173.951,4
spotify:track:60SdxE8apGAxMiRrpbmLY0,"Lucky You (feat. Joyner Lucas)","Kamikaze","Eminem;Joyner Lucas",2018-08-31,244679,70,true,,2022-03-04T17:01:39Z,"rap,hip hop","Eminem Catalog PS",0.876,0.786,10,-4.884,0,0.306,0.0627,0,0.127,0.575,153.068,4
spotify:track:2d3fdQ6OxmUIsF20eCpcrv,"Stepdad - Intro","Music To Be Murdered By","Eminem",2020-01-17,15160,2,true,,2022-03-04T17:01:35Z,"rap,hip hop","Shady/Aftermath/Interscope Records",0.589,0.459,3,-7.748,1,0.263,0.178,0,0.425,0.619,113.542,1
spotify:track:5SiZJoLXp3WOl3J4C8IK0d,"Darkness","Music To Be Murdered By","Eminem",2020-01-17,337146,57,true,,2022-03-04T17:01:32Z,"rap,hip hop","Shady/Aftermath/Interscope Records",0.671,0.623,2,-7.161,1,0.308,0.00998,0.00000755,0.643,0.195,75.055,4
spotify:track:38iBrrbbXyWaSPkmuDNgjZ,"The Adventures of Moon Man & Slim Shady (with Eminem)","The Adventures of Moon Man & Slim Shady (with Eminem)","Kid Cudi;Eminem",2020-07-10,264833,54,true,,2022-03-04T17:01:27Z,"rap,hip hop","Republic Records",0.88,0.787,8,-5.189,1,0.118,0.226,0,0.12,0.588,113.018,4
spotify:track:1hwJKpe0BPUsq6UUrwBWTw,"Boulevard of Broken Dreams","Boulevard of Broken Dreams","Green Day",2004,261266,73,true,,2022-03-04T12:34:09Z,"punk,pop punk","Reprise",0.49,0.679,8,-3.68,1,0.0309,0.00394,0.0000154,0.0383,0.506,167.046,4
spotify:track:6Mp7YpHLtFGmmPxygBN9VG,"Sogni al cielo","Sogni al cielo","Alex Wyse",2021-10-04,180967,0,false,,2022-03-01T09:28:40Z,"","Amici 21",0.331,0.557,3,-4.619,1,0.0395,0.349,0,0.0683,0.194,185.959,3
spotify:track:4M6eMu2CMR9MxO2c3MQgaI,"Logico #1","Logico","Cesare Cremonini",2014-01-01,282606,63,false,,2022-02-27T11:28:03Z,"concerto,italian singer-songwriter","Universal Music Italia srL.",0.37,0.723,0,-6.11,0,0.0298,0.015,0.0000356,0.13,0.189,159.904,4
spotify:track:26XaOsDMbl0e1cVKYfkz6w,"Falling","Falling","Trevor Daniel",2018-10-05,159381,70,false,,2022-02-24T12:20:49Z,"","Alamo",0.785,0.431,10,-8.756,0,0.0364,0.123,0,0.0887,0.236,127.085,4
spotify:track:5JCHB4NqgrYaL2G9HrcYwD,"BEGINNING","Beginning","Berywam",2021-07-15,132600,24,false,,2022-02-21T18:19:21Z,"","Universal Music Division Label Panthéon",0.655,0.625,6,-6.981,0,0.0434,0.0512,0.317,0.738,0.127,149.997,4
spotify:track:6HwFh0ENQwt5nj0q8SaJ3S,"Pra Nao Dizer Que Nao Falei das Flores - Federico Scavo 2012 Break Set Remix","Pra Nao Dizer Que Nao Falei das Flores (2012 Mixes)","Federico Scavo;Simone",2012-07-06,462240,0,false,,2022-02-20T13:07:02Z,"latin house,tribal house,funky house,vocal jazz","Tiger Records",0.772,0.944,7,-5.103,1,0.0742,0.00627,0.0898,0.232,0.623,125.036,4
spotify:track:3eSb7jFPYyWBzZwzIoo5AA,"Who Can Explain","Why Do Fools Fall In Love","Frankie Lymon & The Teenagers",2018-11-09,133693,5,false,,2022-02-12T13:54:37Z,"doo-wop","Warner Music Group - X5 Music Group",0.423,0.42,7,-9.237,1,0.103,0.393,0.000695,0.315,0.526,182.056,4
spotify:track:3Lp3nA3GZ9kgLg3yoqJ4NX,"Titanium","The Covers, Vol. 2","Madilyn Bailey",2012-05-06,210008,0,false,,2022-02-11T01:47:54Z,"","Keep Your Soul Records",0.501,0.219,3,-8.226,1,0.0357,0.812,0,0.125,0.264,120.931,4
spotify:track:4cktbXiXOapiLBMprHFErI,"Memories","JORDI (Deluxe)","Maroon 5",2021-06-11,189486,83,false,,2022-02-11T01:41:36Z,"pop","Interscope Records*",0.775,0.327,11,-7.241,1,0.0557,0.841,0,0.0821,0.595,91.05,4
spotify:track:6skGMlljk0s5yeBKZ7sN5n,"Impossible","James Arthur","James Arthur",2013-10-29,209440,65,false,,2022-02-11T01:33:09Z,"soft pop","Syco Music",0.376,0.695,0,-4.782,0,0.0933,0.135,0,0.11,0.302,169.533,4
spotify:track:7DFNE7NO0raLIUbgzY2rzm,"Let Her Go","All The Little Lights","Passenger",2012-11-05,252866,3,false,,2022-02-11T01:25:09Z,"folk pop","Sony Music Entertainment",0.509,0.538,7,-7.335,1,0.0572,0.385,0,0.104,0.244,75.089,4
spotify:track:5YKGHpXZUPSnChwYxbZHW9,"L's Theme (From ""Death Note"") - Instrumental","L's Themes (The Greatest Instrumental Themes from Death Note)","Anime Kei",2014-12-08,180671,0,false,,2022-02-10T11:25:32Z,"anime","Iterate Music",0.587,0.389,4,-24.327,0,0.0435,0.932,0.863,0.185,0.929,134,4
spotify:track:6b8VuRQmxLjUM4KvqpuYOP,"Babel","Babel","Gustavo Bravetti",2021-11-26,172125,62,false,,2022-02-09T16:45:47Z,"tech house","Intercord",0.549,0.694,7,-3.703,0,0.042,0.488,0.155,0.152,0.175,180.184,3
spotify:track:05sCp83gcMm1iecYydKJS3,"Let's Hurt Tonight","Oh My My","OneRepublic",2016-12-02,194520,60,false,,2022-02-08T21:43:21Z,"soft pop","Mosley / Interscope",0.359,0.713,5,-4.526,1,0.0366,0.33,0,0.324,0.272,61.519,4
spotify:track:2CvOqDpQIMw69cCzWqr5yr,"Halo","I AM...SASHA FIERCE - Platinum Edition","Beyoncé",2008,261160,75,false,,2022-02-07T01:49:55Z,"","Music World Music/Columbia",0.422,0.712,11,-5.907,0,0.1,0.273,0,0.051,0.471,78.454,4
spotify:track:2eRIPs97SPtDC4LnaRS0nO,"Mantieni il bacio","Mantieni il bacio","Michele Bravi",2021-01-21,217317,43,false,,2022-02-06T21:34:28Z,"","Universal Music Italia srL.",0.49,0.482,8,-6.381,1,0.0609,0.638,0,0.151,0.386,140.12,4
spotify:track:1QRoXgMLqDkLQCBcaVTWOn,"SAINT LAURENT MEN'S SPRING SUMMER 21","SAINT LAURENT MEN'S SPRING SUMMER 21","SebastiAn",2020-09-10,370869,19,false,,2022-02-05T05:15:05Z,"french house,electroclash,new rave","Ed Banger Records",0.29,0.248,4,-11.879,0,0.0358,0.975,0.95,0.0966,0.0842,125.169,3
spotify:track:3EPXxR3ImUwfayaurPi3cm,"Be Alright","Be Alright","Dean Lewis",2018-06-29,196373,75,true,,2022-02-05T04:58:41Z,"","Universal Music Australia Pty. Ltd.",0.553,0.586,11,-6.319,1,0.0362,0.697,0,0.0813,0.443,126.684,4
spotify:track:46Fz7hVeEXSxSc95h2NDnV,"Mostrati","Frozen 2: Il segreto di Arendelle (Colonna Sonora Originale/Deluxe Edition)","Serena Autieri;Claudia Paganelli",2019-11-14,260946,42,false,,2022-02-03T12:05:34Z,"","Walt Disney Records",0.382,0.437,6,-6.456,1,0.0314,0.758,0.00000203,0.0872,0.233,124.953,4
spotify:track:09TaitRRTpff4RptRt1JLH,"Ti prometto che un giorno partiremo","Moriresti per vivere con me?","Fasma;GG",2018-11-02,129680,33,false,,2022-02-03T09:04:56Z,"","WFK EMPIRE",0.425,0.389,7,-7.291,0,0.0879,0.672,0.000198,0.131,0.154,172.277,4
spotify:track:72UhZ7N66PcdSU5Y1Cm8ZJ,"Time Back","Time Back","Joongle",2021-10-11,121347,0,false,,2022-02-02T17:28:02Z,"lo-fi","Joongle",0.557,0.407,5,-12.148,0,0.0378,0.938,0.879,0.109,0.197,89.955,4
spotify:track:4f2U9kdZTIDJttTgdIz7rD,"Time Back","Time Back","Nikolai Paralov",1998,165500,0,true,,2022-02-02T17:23:18Z,"","Dopelyx",0.554,0.857,1,-6.661,1,0.0667,0.00633,0.0000794,0.235,0.297,120.034,4
spotify:track:5cRKj1kynNFqiliT2ndZ3y,"Akuma no Ko","Akuma no Ko","Ai Higuchi",2022-01-10,227679,63,false,,2022-02-02T13:16:09Z,"anime,j-pop","PONY CANYON INC.",0.561,0.686,6,-6.273,0,0.0473,0.267,0,0.137,0.22,89.97,4
spotify:track:0XYs0MG3jGanpeMw7UI1Ib,"Bella - Dal notre dame de Paris","Melodie","Graziano Galatone;Giò Di Tonno;Vittorio Matteucci",2016-09-30,286528,35,false,,2022-01-31T20:41:47Z,"","Grangala Events",0.469,0.621,3,-8.15,1,0.0344,0.344,0,0.0833,0.459,81.956,4
spotify:track:2W0MEKDEFGf1efLD7Fgy0K,"Circus","Circus","Isolated",2022-01-25,196000,0,false,,2022-01-29T21:07:16Z,"chillstep","NCS",0.657,0.586,8,-6.877,1,0.0607,0.513,0.0288,0.0982,0.182,179.969,3
spotify:track:3b95085PI7P3X3oC16Z3Wd,"Snowman","Snowman","Sia",2020-11-27,165906,61,false,,2022-01-28T20:02:25Z,"","Warner Music Group - X5 Music Group",0.716,0.511,1,-6.257,1,0.0332,0.483,0,0.0928,0.324,104.964,3
spotify:track:7qEHsqek33rTcFNT9PFqLf,"Someone You Loved","Divinely Uninspired To A Hellish Extent","Lewis Capaldi",2019-05-17,182160,87,false,,2022-01-28T04:10:48Z,"soft pop","Vertigo Berlin",0.501,0.405,1,-5.679,1,0.0319,0.751,0,0.105,0.446,109.891,4
spotify:track:5MJBnCrr0uqsQR70HiKpbB,"kill myself","kill myself","mysticphonk;Death+",2018-06-25,95344,30,true,,2022-01-26T00:54:24Z,"emo rap","mysticphonk, Death+",0.769,0.577,3,-9.516,0,0.0793,0.271,0.00000326,0.137,0.388,121.666,4
spotify:track:00QN58Gx571pB1MEuBAcmL,"Parlami","Parlami","Fasma;GG",2021-03-03,169181,50,false,,2022-01-26T00:39:57Z,"","RCA Records Label",0.548,0.919,9,-5.348,1,0.19,0.255,0,0.0984,0.385,165.942,4
spotify:track:7uu3YZytpYW15VIfa7ynJk,"Niente Canzoni D'Amore - Inedito","Status (Inediti, Rarità & Live)","Marracash;Federica Abbate",2016-01-22,226808,67,false,,2022-01-25T23:28:05Z,"concerto,italian trap","Universal Music Italia srL.",0.621,0.728,3,-4.667,0,0.0446,0.0434,0.00000232,0.101,0.178,83.021,4
spotify:track:4fouWK6XVHhzl78KzQ1UjL,"abcdefu","abcdefu","GAYLE",2021-08-13,168601,73,true,,2022-01-22T22:05:32Z,"","Atlantic/Arthouse Records",0.695,0.54,4,-5.692,1,0.0493,0.299,0,0.367,0.415,121.932,4
spotify:track:70ATm56tH7OrQ1zurYssz0,"I Need A Doctor","I Need A Doctor","Dr. Dre;Eminem;Skylar Grey",2011-02-01,283733,69,true,,2022-01-22T09:55:23Z,"old school hip hop,g-funk,gangster rap,west coast hip hop,hip hop,rap","Aftermath",0.594,0.946,3,-4.521,1,0.452,0.0869,0,0.306,0.397,155.826,4
spotify:track:3UmaczJpikHgJFyBTAJVoz,"Stan","The Marshall Mathers LP","Eminem;Dido",2000-05-23,404106,82,true,,2022-01-22T02:38:10Z,"rap,hip hop","Eminem Catalog PS",0.78,0.768,6,-4.325,0,0.238,0.0371,0.00000234,0.518,0.507,80.063,4
spotify:track:40riOy7x9W7GXjyGp4pjAv,"Hotel California - 2013 Remaster","Hotel California (2013 Remaster)","Eagles",1976-12-08,391376,85,false,,2022-01-18T08:11:23Z,"classic rock,yacht rock,soft rock","Rhino/Elektra",0.579,0.508,2,-9.484,1,0.027,0.00574,0.000494,0.0575,0.609,147.125,4
spotify:track:0OYcEfskah1egYHjYRvbg1,"Shadow of the Day","Minutes to Midnight","Linkin Park",2007-05-14,289906,70,false,,2022-01-14T01:39:57Z,"nu metal,rap metal,rock,alternative metal","Warner Records",0.529,0.376,11,-7.913,1,0.0288,0.00539,0.0195,0.107,0.0581,110.026,4
spotify:track:34SOfslENAafejI55Y17yB,"OPSS (feat. Gemitaiz & Mattak)","DOOM","nayt;3D;Gemitaiz;Mattak",2021-10-29,223226,44,true,,2022-01-12T02:00:43Z,"italian trap,concerto","Columbia",0.804,0.901,7,-4.656,0,0.24,0.524,0,0.14,0.851,159.841,4
spotify:track:1DIXPcTDzTj8ZMHt3PDt8p,"Gangsta's Paradise","Gangsta's Paradise","Coolio;L.V.",1995-11-07,240693,87,false,,2022-01-12T02:00:37Z,"west coast hip hop,g-funk","Tommy Boy Music, LLC",0.647,0.514,8,-10.05,1,0.0593,0.0655,0,0.398,0.386,79.975,4
spotify:track:3kpYJjvM8Ja6btr5hEJLWc,"Venom - Music From The Motion Picture","Venom (Music From The Motion Picture)","Eminem",2018-09-21,269573,67,true,,2022-01-12T02:00:32Z,"rap,hip hop","Eminem Catalog PS",0.75,0.789,0,-5.058,1,0.0647,0.0148,0,0.501,0.467,135.954,4
spotify:track:5rb9QrpfcKFHM1EUbSIurX,"Yeah! (feat. Lil Jon & Ludacris)","Confessions (Expanded Edition)","USHER;Lil Jon;Ludacris",2004-03-23,250373,86,false,,2022-01-12T02:00:28Z,"r&b,crunk,southern hip hop","LaFace Records",0.894,0.791,2,-4.699,1,0.112,0.0183,0,0.0388,0.583,105.018,4
spotify:track:0W6I02J9xcqK8MtSeosEXb,"Get Into It (Yuh)","Planet Her","Doja Cat",2021-06-25,138293,71,true,,2022-01-12T02:00:22Z,"","Kemosabe Records/RCA Records",0.912,0.655,8,-6.029,0,0.162,0.315,0.0000339,0.0894,0.793,91.942,4
spotify:track:3uulVrxiI7iLTjOBZsaiF8,"Donald Trump","Donald Trump - Single","Mac Miller",2011-05-17,165908,1,true,,2022-01-12T02:00:18Z,"","Rostrum Records",0.636,0.901,1,-7.094,0,0.118,0.119,0,0.391,0.836,162.994,4
spotify:track:00SmB7n85SKROGjybsyq5i,"Bongo Bong","Clandestino","Manu Chao",1998-10-06,158426,72,false,,2022-01-12T02:00:13Z,"latin alternative","Radio Bemba",0.755,0.545,9,-10.027,0,0.0646,0.944,0.000118,0.144,0.964,149.807,4
spotify:track:5wANPM4fQCJwkGd4rN57mH,"drivers license","SOUR","Olivia Rodrigo",2021-05-21,242013,86,true,,2022-01-12T02:00:07Z,"","Olivia Rodrigo PS",0.561,0.431,10,-8.81,1,0.0578,0.768,0.0000142,0.106,0.137,143.875,4
spotify:track:5YqocPhAmCJSQ13ObSp9JX,"Quatteri freestyle","Quatteri freestyle","Skinny",2020-07-01,90225,0,true,,2022-01-12T01:59:59Z,"italian trap,neomelodico,canzone napoletana","Skinny Music",0.73,0.742,0,-8.459,0,0.0667,0.686,0.0000233,0.109,0.419,132.943,4
spotify:track:1ofhfV90EnYhEr7Un2fWiv,"Changes","Greatest Hits","2Pac;Talent",1998-01-01,268826,77,true,,2022-01-12T01:59:55Z,"old school hip hop,gangster rap,west coast hip hop,g-funk,hip hop,comedy","2Pac Greatest Hits",0.865,0.665,7,-6.289,1,0.073,0.0453,0,0.224,0.331,111.113,4
spotify:track:0nkzZrydRrnT7yhjtxRVvS,"404.1 Wipe Everything","Mr. Robot, Vol. 7 (Original Television Series Soundtrack)","Mac Quayle",2019-12-13,79548,14,false,,2022-01-10T00:32:32Z,"soundtrack,score","Lakeshore Records",0.329,0.445,8,-20.431,1,0.0379,0.69,0.957,0.114,0.0354,80.015,4
spotify:track:1FpVJ7HpZInE2GvhVE2TwT,"Legends Never Die","Legends Never Die","League of Legends;Against The Current",2017-09-15,235000,40,false,,2022-01-08T21:19:37Z,"pop punk","Riot Games",0.498,0.598,4,-6.638,0,0.0377,0.00786,0,0.111,0.0573,140.078,4
spotify:track:5BfYMZUqH60CizAC6zgx7s,"La Moldau","Dvorak : Symphonie du nouveau monde smetana : La moldau","Bedřich Smetana;Slovak Philharmonic;Kurt Redel",1994,809452,36,false,,2022-01-08T19:58:02Z,"classical,orchestral,baroque","Pierre Verany",0.109,0.146,7,-16.413,1,0.0327,0.876,0.779,0.08,0.037,80.727,4
spotify:track:1z5C37r4fkOliQ70aEh9fF,"OMG","PLAZA (Deluxe Edition)","Capo Plaza",2021-06-18,196969,32,true,,2022-01-07T15:28:18Z,"italian trap,trap","WM Italy",0.669,0.685,1,-7.469,0,0.262,0.181,0,0.0458,0.467,98.66,4
spotify:track:2lNdc3jjPV4aWEfKH0gvH2,"Him & I","The Beautiful & Damned (Deluxe Edition)","G-Eazy;Halsey",2020-12-18,268859,68,true,,2022-01-07T11:59:33Z,"","BPG/RVG/RCA Records",0.576,0.731,2,-6.343,1,0.0883,0.0534,0,0.308,0.19,87.865,4
spotify:track:6r7FXNO57mlZCBY6PXcZZT,"Five Hours","Five Hours","Deorro",2014-10-14,326887,64,false,,2022-01-06T22:31:38Z,"melbourne bounce,electro house","Ultra Records, LLC",0.88,0.821,5,-2.545,0,0.118,0.0197,0.661,0.234,0.575,127.907,4
spotify:track:4q2tFbhSlXw8pPKY7fwhZZ,"Daydreamin' (feat. Jill Scott)","Daydreamin' (feat. Jill Scott)","Lupe Fiasco;Jill Scott",2006-07-25,235066,35,true,,2022-01-06T18:35:13Z,"neo soul,quiet storm","Atlantic Records",0.534,0.739,5,-3.594,0,0.0529,0.0298,0,0.149,0.597,81.056,4
spotify:track:4xkOaSrkexMciUUogZKVTS,"Till I Collapse","The Eminem Show","Eminem;Nate Dogg",2002-05-26,297786,84,true,,2022-01-05T19:38:01Z,"rap,hip hop,g-funk,west coast hip hop,old school hip hop","Eminem Catalog PS",0.548,0.847,1,-3.237,1,0.186,0.0622,0,0.0816,0.1,171.447,4
spotify:track:1Xi84slp6FryDSCbzq4UCD,"Arcade","Arcade","Duncan Laurence",2019-03-07,183624,76,false,,2022-01-04T07:32:04Z,"","Universal Music, a division of Universal International Music BV",0.459,0.331,9,-12.603,0,0.0421,0.817,0.00104,0.135,0.271,72.023,3
spotify:track:2iRniYXjMHKmwXqA2jYXP7,"Think About Things","Think About Things","Daði Freyr",2020-04-09,173385,1,false,,2022-01-03T12:54:32Z,"","Samlist",0.871,0.341,3,-8.932,0,0.0576,0.0311,0.000124,0.0838,0.612,127.001,4
spotify:track:3BMcrqAXwQi6EnnAonfXF0,"OMG","PLAZA","Capo Plaza",2021-01-22,196969,52,true,,2022-01-03T02:28:52Z,"italian trap,trap","WM Italy",0.669,0.685,1,-7.469,0,0.262,0.181,0,0.0458,0.467,98.66,4
spotify:track:0aJglfKKlSuhwws0EU6Q5v,"Impossible","Impossible","I Am King",2018-02-27,225883,58,false,,2021-12-26T14:32:28Z,"post-hardcore","King Studios",0.455,0.758,8,-6.349,1,0.0415,0.0067,0.0000167,0.127,0.378,89.966,4
spotify:track:4DERbz1e89YD9VZt7or9GB,"2019","2019","Bazanji",2019-01-04,112244,49,false,,2021-12-26T03:36:34Z,"","Bazanji LLC",0.596,0.881,11,-5.228,0,0.119,0.153,0,0.16,0.302,147.038,4
spotify:track:4LwU4Vp6od3Sb08CsP99GC,"The Next Episode","2001","Dr. Dre;Snoop Dogg",1999-11-16,161506,80,true,,2021-12-26T03:33:38Z,"old school hip hop,g-funk,gangster rap,west coast hip hop,hip hop,rap","Aftermath",0.922,0.909,10,-2.429,0,0.27,0.0281,0,0.0856,0.309,95.295,4
spotify:track:3Fg5uhtWBlW0es8GSqQ6Ff,"Mortals","Mortals","Warriyo",2016-12-15,228340,1,false,,2021-11-20T21:42:15Z,"","NCS",0.323,0.657,2,-6.097,0,0.0458,0.0249,0.0691,0.157,0.0744,90.075,4
spotify:track:1qwMkkRiD5jqLeUUjfgblh,"Lock It Up (feat. Anderson .Paak)","Music To Be Murdered By","Eminem;Anderson .Paak",2020-01-17,170226,58,true,,2021-11-02T20:18:46Z,"rap,hip hop","Shady/Aftermath/Interscope Records",0.848,0.745,6,-3.052,0,0.221,0.0949,0,0.0796,0.516,137.024,4
spotify:track:7Ie9W94M7OjPoZVV216Xus,"Not Afraid","Recovery","Eminem",2010-06-18,248133,80,true,,2021-11-02T15:44:57Z,"rap,hip hop","Eminem Catalog PS",0.855,0.954,0,-1.19,0,0.264,0.529,0,0.205,0.668,114.635,5
spotify:track:1cEUi8QulMj1xgrPwwGC2p,"Tone Deaf","Music To Be Murdered By - Side B (Deluxe Edition)","Eminem",2020-12-18,290136,53,true,,2021-10-27T18:43:33Z,"rap,hip hop","Shady/Aftermath/Interscope Records",0.906,0.742,9,-4.855,1,0.11,0.107,0.00757,0.0743,0.618,120.018,4
spotify:track:32Ky5QCRtwYJJXuLwoGufj,"Monsoon","Scream","Tokio Hotel",2007-01-01,241426,19,false,,2021-10-21T19:48:42Z,"","Island Records",0.58,0.731,3,-5.299,0,0.0293,0.0204,0,0.21,0.164,111.982,4
spotify:track:1wsZ0cp5He4Wm4yohNjwIs,"idfc - Tarro Remix","idfc (Tarro Remix)","blackbear;Tarro",2016-10-17,248633,58,true,,2021-10-10T12:07:37Z,"","Santa Anna",0.58,0.694,1,-5.45,0,0.221,0.481,0.00000118,0.109,0.389,139.751,4
spotify:track:05v6w9fcXfhRjdcV3MxHFG,"Girls","Devils Night","D12",2001-01-01,334600,52,true,,2021-09-21T19:45:55Z,"","Shady Records",0.73,0.496,9,-6.538,1,0.308,0.131,0,0.0982,0.225,82.418,4
spotify:track:6L9c3eo0Mcfmom3QqsGN0j,"Fiori Del Male (feat.Sfera Ebbasta)","The Dark Album","Dark Polo Gang;Sfera Ebbasta",2016-10-31,188145,54,true,,2021-09-21T10:20:36Z,"italian trap,trap,concerto","Universal Music Italia srL.",0.452,0.811,4,-4.409,0,0.11,0.0787,0,0.271,0.179,122.395,4
spotify:track:4YQKm0p2s7vEYzOJTmqz6h,"Coco Classico","Balloons","Masomenos",2010-10-25,234666,1,false,,2021-09-20T19:35:14Z,"minimal techno","Welcome To Masomenos",0.866,0.621,11,-10.767,1,0.0615,0.00332,0.837,0.1,0.56,124.014,4
spotify:track:7M2tXmeS15NAzEn7ABFeBg,"Homicide (feat. Eminem)","Confessions of a Dangerous Mind","Logic;Eminem",2019-05-10,245386,67,true,,2021-09-15T13:35:28Z,"rap,hip hop","Def Jam Recordings",0.695,0.758,10,-5.667,0,0.398,0.137,0,0.167,0.769,140.056,4
spotify:track:0UuqwLM3UFmwcXSJgfFHvr,"oh 9od","oh 9od","thasup;nayt",2018-11-30,205594,40,true,,2021-09-15T13:25:11Z,"italian trap,concerto","Epic",0.786,0.483,0,-11.302,0,0.216,0.15,0.0000432,0.0903,0.671,143.06,4
spotify:track:6HGoVbCUr63SgU3TjxEVj6,"Satisfya","Satisfya","Imran Khan",2013-05-09,180056,53,false,,2021-09-15T10:01:30Z,"bhangra,desi,punjabi pop,desi hip hop,punjabi hip hop","Ik Records",0.726,0.652,1,-7.764,0,0.11,0.00451,0.0000332,0.226,0.803,163.879,4
spotify:track:5QD28FqaM3jTfsqWwvRZwv,"Soldier","The Eminem Show","Eminem",2002-05-26,226213,65,true,,2021-09-12T22:33:13Z,"rap,hip hop","Eminem Catalog PS",0.851,0.92,8,-2.989,1,0.201,0.0319,0.000525,0.128,0.545,94.516,4
spotify:track:6Hj9jySrnFppAI0sEMCZpJ,"Robbery","Death Race For Love","Juice WRLD",2019-03-08,240050,4,true,,2021-09-01T09:37:34Z,"melodic rap,emo rap","Grade A Productions/Interscope Records",0.685,0.692,2,-5.122,1,0.0457,0.328,0,0.153,0.578,159.966,5
spotify:track:4XHQyvbrBsQaaBUW1VvmsL,"My Band","D-12 World","D12",2004-01-01,298773,71,true,,2021-08-30T22:08:21Z,"","Polydor Associated Labels",0.851,0.849,1,-3.383,0,0.0828,0.497,0.00000205,0.116,0.844,120.014,4
spotify:track:6Xk7PnitV9jCRorWt2LiVZ,"Berzerk","The Marshall Mathers LP2 (Deluxe)","Eminem",2013-11-05,238746,64,true,,2021-08-29T18:45:08Z,"rap,hip hop","Eminem Catalog PS",0.739,0.872,2,-4.059,1,0.332,0.0216,0,0.26,0.674,95.081,4
spotify:track:27NovPIUIRrOZoCHxABJwK,"INDUSTRY BABY (feat. Jack Harlow)","INDUSTRY BABY (feat. Jack Harlow)","Lil Nas X;Jack Harlow",2021-07-23,212000,74,true,,2021-08-25T15:34:16Z,"","Columbia",0.736,0.704,3,-7.409,0,0.0615,0.0203,0,0.0501,0.894,149.995,4
spotify:track:6BxhzevDe4Mzrabj9Pa1eZ,"nightmares","life's a beach","hard life",2021-05-28,207326,53,true,,2021-08-23T15:47:04Z,"","Universal-Island Records Ltd.",0.65,0.667,7,-6.227,0,0.0857,0.18,0,0.477,0.667,88.98,4
spotify:track:2BTSWfjaTMYWCxhmVRhqLK,"Mr. Saxobeat","Sundown (Original Motion Picture Soundtrack)","Alexandra Stan",2016-05-06,195105,1,false,,2021-08-19T13:09:44Z,"europop","Ultra Records",0.72,0.925,4,-4.165,0,0.0511,0.0276,0.000238,0.14,0.781,127.004,4
spotify:track:5EvF8OdvwB2CQy9Un7eiiI,"The Real Slim Shady","The Marshall Mathers LP","Eminem",2001-08-20,284200,46,true,,2021-08-19T02:38:03Z,"rap,hip hop","Eminem Catalog PS",0.949,0.661,5,-4.244,0,0.0572,0.0302,0,0.0454,0.76,104.504,4
spotify:track:2aibwv5hGXSgw7Yru8IYTO,"Snow (Hey Oh)","Stadium Arcadium","Red Hot Chili Peppers",2006-05-09,334666,82,false,,2021-08-11T03:07:59Z,"funk rock,alternative rock,rock","Warner Records",0.427,0.9,11,-3.674,1,0.0499,0.116,0.0000175,0.119,0.599,104.655,4
spotify:track:50le2HSqQAIqB4BGD4cE9e,"Black Magic (feat. Skylar Grey)","Music To Be Murdered By - Side B (Deluxe Edition)","Eminem;Skylar Grey",2020-12-18,174863,53,true,,2021-08-09T13:27:31Z,"rap,hip hop","Shady/Aftermath/Interscope Records",0.674,0.807,1,-3.961,1,0.224,0.0151,0.0000039,0.584,0.163,140.056,4
spotify:track:3WpHqtFUwzIQBsV9YC5iNc,"Guns Blazing (feat. Dr. Dre & Sly Pyper)","Music To Be Murdered By - Side B (Deluxe Edition)","Eminem;Dr. Dre;Sly Pyper",2020-12-18,196180,51,true,,2021-08-08T16:47:26Z,"rap,hip hop,old school hip hop,g-funk,gangster rap,west coast hip hop","Shady/Aftermath/Interscope Records",0.782,0.874,8,-4.611,1,0.276,0.0178,0.00000165,0.444,0.655,119.959,4
spotify:track:7EZC6E7UjZe63f1jRmkWxt,"Zombie","No Need To Argue (The Complete Sessions 1994-1995)","The Cranberries",1994-10-03,306440,38,false,,2021-07-27T13:20:15Z,"","Island Records",0.309,0.649,7,-8.994,1,0.035,0.0158,0.00591,0.367,0.312,166.915,4
spotify:track:6CeCOC2zx1qS8mQNYHe6IM,"Prologue","Harry Potter and The Sorcerer's Stone Original Motion Picture Soundtrack","John Williams",2001-10-30,130293,62,false,,2021-07-14T23:16:27Z,"soundtrack,score","Atlantic Records",0.177,0.0188,2,-29.484,0,0.0367,0.957,0.446,0.635,0.0819,146.472,3
spotify:track:5EGvQ2F39E35UtAQIZcFS7,"Bad Liar","Bad Liar","J.Fla",2020-05-29,189518,0,false,,2021-07-10T18:19:19Z,"","Ostereo Limited",0.624,0.454,10,-8.137,1,0.0373,0.217,0.0000134,0.0971,0.173,89.018,4
spotify:track:1v7L65Lzy0j0vdpRjJewt1,"Lose Yourself","Just Lose It","Eminem",2004-01-01,322226,81,true,,2021-07-05T23:16:44Z,"rap,hip hop","Eminem Catalog PS",0.686,0.735,2,-4.616,1,0.264,0.00921,0.00066,0.342,0.0596,171.355,4
spotify:track:6ziQdexOHyC2gkZ1iNoi1w,"PAID MY DUES","CLOUDS (THE MIXTAPE)","NF",2021-03-26,211643,60,false,,2021-07-05T17:16:55Z,"christian hip hop","NF Real Music",0.812,0.784,2,-4.208,1,0.249,0.136,0,0.109,0.381,145.995,4
spotify:track:1H7KnK26kc1YyellpbINEn,"The Woo (feat. 50 Cent & Roddy Ricch)","Shoot For The Stars Aim For The Moon","Pop Smoke;50 Cent;Roddy Ricch",2020-07-03,201600,69,true,,2021-07-04T19:56:15Z,"brooklyn drill,new york drill,drill,old school hip hop,east coast hip hop,melodic rap","Victor Victor Worldwide",0.49,0.618,1,-5.655,1,0.104,0.0221,0.00000377,0.259,0.286,99.7,4
spotify:track:5rIjbX7rQMj8Gh9Oxd4Vrc,"Light It Up (feat. Pop Smoke)","Culture III","Migos;Pop Smoke",2021-06-11,269248,48,true,,2021-07-04T19:50:09Z,"trap,brooklyn drill,new york drill,drill","Quality Control Music/Motown Records",0.793,0.639,7,-6.476,0,0.226,0.414,0,0.132,0.596,142.988,4
spotify:track:57BGVV6wcyhbn3hsjlqEZB,"Element","Meet The Woo 2","Pop Smoke",2020-02-07,135746,71,true,,2021-07-04T19:45:31Z,"brooklyn drill,new york drill,drill","Victor Victor Worldwide",0.772,0.879,2,-4.22,1,0.323,0.0307,0.00000188,0.25,0.304,61.311,5
spotify:track:54OBgO0Xwu20Jak9TMXbR7,"Wellerman - Sea Shanty","Wellerman (Sea Shanty)","Nathan Evans",2021-01-21,155333,71,false,,2021-07-03T18:21:30Z,"sea shanties","Polydor Records",0.675,0.359,3,-5.157,1,0.108,0.614,0,0.137,0.792,191.903,4
spotify:track:792HwhrdO3ErRKL5yRe4Ge,"Invincible","Meet The Woo 2","Pop Smoke",2020-02-07,127546,72,true,,2021-06-25T17:49:42Z,"brooklyn drill,new york drill,drill","Victor Victor Worldwide",0.548,0.732,11,-5.652,0,0.336,0.125,0,0.269,0.612,142.791,4
spotify:track:75lcPkAkUsKWHGBlGM476R,"1400 / 999 Freestyle","A Love Letter To You 3","Trippie Redd;Juice WRLD",2018-11-09,175954,2,true,,2021-06-21T13:11:26Z,"melodic rap,emo rap","TenThousand Projects, LLC",0.823,0.572,6,-6.067,0,0.0865,0.0079,0,0.113,0.568,141.996,4
spotify:track:0i4mLwfyxnSSgF6hwIkU2L,"Il pescatore","Fabrizio De André Opere Complete","Fabrizio De André",1999-12-03,140173,56,false,,2021-06-20T00:10:26Z,"italian singer-songwriter,singer-songwriter","Ricordi",0.405,0.411,10,-11.029,1,0.0485,0.773,0,0.0773,0.864,73.658,3
spotify:track:0u2P5u6lvoDfwTYjAADbn4,"lovely (with Khalid)","lovely (with Khalid)","Billie Eilish;Khalid",2018-04-19,200185,88,false,,2021-06-19T16:40:35Z,"","Darkroom",0.351,0.296,4,-10.109,0,0.0333,0.934,0,0.095,0.12,115.284,4
spotify:track:3DNRdudZ2SstnDCVKFdXxG,"Sonata No. 14 in C-Sharp Minor, Op. 27 No. 2 - ""Moonlight Sonata"": I. Adagio sostenuto","Beethoven: Piano Sonatas, Vol. 3","Ludwig van Beethoven;Paul Lewis",2007,315426,5,false,,2021-06-18T15:38:12Z,"classical,classical piano,chamber music","harmonia mundi",0.184,0.00527,1,-37.264,0,0.0432,0.995,0.887,0.173,0.151,170.612,3
spotify:track:3dYD57lRAUcMHufyqn9GcI,"Take Me To Church","Hozier","Hozier",2014-09-19,241688,84,false,,2021-06-18T10:15:17Z,"","Universal-Island Records Ltd.",0.575,0.664,4,-5.303,0,0.0481,0.637,0,0.116,0.437,129.071,4
spotify:track:0lks2Kt9veMOFEAPN0fsqN,"Lily","Different World","Alan Walker;K-391;Emelie Hollow",2018-12-14,195840,73,false,,2021-06-13T15:18:01Z,"norwegian pop","Kreatell Music",0.423,0.634,6,-5.877,0,0.0578,0.196,0,0.189,0.467,150.978,4
spotify:track:4RrQWA8KUgb1CfcYOVB2Zz,"BRNBQ","Sfera Ebbasta","Sfera Ebbasta",2016-09-09,224120,61,false,,2021-06-12T18:01:56Z,"italian trap,concerto,trap","Universal Music Italia srL.",0.409,0.777,0,-6.117,0,0.0969,0.0383,0,0.109,0.444,114.992,4
spotify:track:7kck8Amf3NpSGASoFuKIcl,"Mercedes Nero","XDVR Reloaded","Sfera Ebbasta;Tedua;Izi",2015-11-23,232000,54,true,,2021-06-12T17:47:34Z,"italian trap,concerto,trap","Universal Music Italia srL.",0.443,0.826,6,-5.596,0,0.0615,0.103,0,0.133,0.284,112.41,4
spotify:track:0OqqUb8qENZbaltLdr124K,"Brutti Sogni","XDVR Reloaded","Sfera Ebbasta",2015-11-23,195121,50,true,,2021-06-12T14:29:36Z,"italian trap,concerto,trap","Universal Music Italia srL.",0.605,0.64,5,-6.171,0,0.11,0.0682,0,0.0946,0.403,122.863,4
spotify:track:2zfwKbMoOS3GeUbQapRCcS,"Più Forte","XDVR Reloaded","Sfera Ebbasta",2015-11-23,231043,48,true,,2021-06-11T11:30:58Z,"italian trap,concerto,trap","Universal Music Italia srL.",0.65,0.564,5,-8.476,0,0.0535,0.00421,0.00000389,0.218,0.491,134.016,4
spotify:track:7dYgzrhdIIjTQTvUjlrWxa,"Occhi Lucidi","Occhi Lucidi","Leon Faun;Duffy",2020-12-10,144838,36,false,,2021-06-08T20:47:01Z,"italian trap","Universal Music Italia srL.",0.701,0.541,2,-6.403,0,0.21,0.264,0,0.118,0.834,185.511,3
spotify:track:3QVHSV8YKYq4L8tI5rnFgj,"Stepdad","Music To Be Murdered By","Eminem",2020-01-17,213413,50,true,,2021-06-07T22:11:30Z,"rap,hip hop","Shady/Aftermath/Interscope Records",0.779,0.805,1,-3.121,1,0.178,0.018,0,0.321,0.557,145.68,4
spotify:track:0gbxTVPxBeUVL9pNkrhcR5,"Nocturne No. 21 in C Minor, Op. Posth.","Chopin: The Nocturnes","Frédéric Chopin;Maria João Pires",1996-01-01,168000,32,false,,2021-06-03T12:01:35Z,"classical piano,classical,chamber music","Deutsche Grammophon (DG)",0.31,0.0362,0,-25.617,0,0.0528,0.993,0.947,0.0814,0.0711,78.544,4
spotify:track:0ecC8p17cDNlxHXkuYqeR6,"Surrender","Surrender","Natalie Taylor",2019-10-29,183103,68,false,,2021-05-31T16:08:57Z,"","Columbia",0.39,0.448,5,-8.57,0,0.0276,0.8,0.182,0.107,0.077,144.89,5
spotify:track:17i5jLpzndlQhbS4SrTd0B,"Cello Suite No. 1 in G Major, BWV 1007: I. Prélude","Bach: Cello Suites Nos. 1, 5 & 6","Johann Sebastian Bach;Yo-Yo Ma",1983,152280,70,false,,2021-05-28T05:29:30Z,"classical,baroque,classical piano,concerto,chamber music","Sony Classical",0.275,0.157,7,-18.752,1,0.0636,0.89,0.842,0.186,0.304,73.289,4
spotify:track:1VNvsvEsUpuUCbHpVop1vo,"Nocturne No. 2 in E-Flat Major, Op. 9 No. 2","Chopin: Nocturnes","Frédéric Chopin;Daniel Barenboim",1982-01-01,273666,66,false,,2021-05-27T20:40:36Z,"classical piano,classical,impressionism,opera,chamber music","Deutsche Grammophon (DG)",0.44,0.00925,3,-32.452,1,0.0468,0.984,0.936,0.0873,0.0908,129.129,4
spotify:track:32JpzAxaRAnhyEqJ0l3HTY,"Nocturne No. 1 in B-Flat Minor, Op. 9 No. 1","Chopin: The Nocturnes","Frédéric Chopin;Maria João Pires",1996-01-01,336000,40,false,,2021-05-27T19:30:13Z,"classical piano,classical,chamber music","Deutsche Grammophon (DG)",0.206,0.0347,1,-25.351,1,0.0431,0.994,0.828,0.131,0.0373,67.585,4
spotify:track:0pjCsB0XNSyqM9UazlTODC,"Jazz Suite No. 2: VI. Waltz 2","Shostakovich: Jazz Suites Nos. 1 - 2 / The Bolt / Tahiti Trot","Dmitri Shostakovich;Russian State Symphony Orchestra;Dmitry Yablonsky",2002-04-15,193600,69,false,,2021-05-27T19:25:55Z,"classical,chamber music,orchestral,ballet,japanese classical,concerto","Naxos",0.322,0.184,0,-18.312,0,0.0338,0.984,0.902,0.0813,0.356,107.847,4
spotify:track:4JehYebiI9JE8sR8MisGVb,"Halo","I AM...SASHA FIERCE","Beyoncé",2008-11-17,261640,74,false,,2021-05-25T20:54:59Z,"","Music World Music/Columbia",0.508,0.72,11,-5.908,0,0.0628,0.272,0,0.0563,0.472,79.983,4
spotify:track:1BncfTJAWxrsxyT9culBrj,"Experience","In A Time Lapse","Ludovico Einaudi;Daniel Hope;I Virtuosi Italiani",2013-01-01,315426,78,false,,2021-05-21T15:40:37Z,"neoclassical,classical,contemporary classical","Decca (UMO) (Classics)",0.447,0.449,2,-10.634,1,0.0376,0.934,0.961,0.0697,0.036,92.468,4
spotify:track:0fGh0trRN1xz3s41r7V5ce,"Shake That","Curtain Call: The Hits (Deluxe Edition)","Eminem;Nate Dogg",2005-12-06,274440,74,true,,2021-05-20T12:18:07Z,"rap,hip hop,g-funk,west coast hip hop,old school hip hop","Eminem Catalog PS",0.963,0.643,1,-5.785,0,0.117,0.0507,0.0000494,0.157,0.534,107.005,4
spotify:track:0vXf5zT0nkAvul9bG4CDAY,"Nuvole bianche","Una mattina","Ludovico Einaudi",2004,357706,0,false,,2021-05-19T19:37:07Z,"neoclassical,classical,contemporary classical","Ponderosa Music & Art",0.192,0.0553,8,-25.36,1,0.0591,0.958,0.865,0.0942,0.0441,136.463,4
spotify:track:5oEgPvhTZ4CFjeuuLfmMsI,"Above The Law","Hell: The Sequel (Deluxe)","Bad Meets Evil",2011-01-01,209613,60,true,,2021-05-17T15:32:56Z,"","Shady Records",0.443,0.895,11,-3.377,1,0.469,0.092,0,0.239,0.52,183.602,4
spotify:track:0lc70Jh2s1iOMuv9XIEhFy,"Castle","Revival","Eminem",2017-12-15,254760,49,true,,2021-05-16T18:50:50Z,"rap,hip hop","Eminem Catalog PS",0.612,0.819,7,-4.592,1,0.321,0.0274,0.000646,0.0938,0.279,84.977,4
spotify:track:4D0GT8zWuA7Z2em6dpajAn,"Loading","Loading","Central Cee",2020-10-22,173333,54,true,,2021-05-13T13:02:27Z,"uk drill,drill,uk grime,grime","Central Cee",0.85,0.68,3,-6.18,0,0.338,0.732,0,0.0964,0.694,144.006,1
spotify:track:0pqnGHJpmpxLKifKRmU6WP,"Believer","Evolve","Imagine Dragons",2017-06-23,204346,87,false,,2021-05-12T19:24:11Z,"","Kid Ina Korner / Interscope",0.776,0.78,10,-4.374,0,0.128,0.0622,0,0.081,0.666,124.949,4
spotify:track:15ZNcgzsiiSrLQAGzl3le9,"One Shot 2 Shot","Encore (Deluxe Version)","Eminem;D12",2004-11-12,266573,58,true,,2021-05-09T21:37:22Z,"rap,hip hop","Eminem Catalog PS",0.885,0.61,1,-6.266,1,0.225,0.194,0,0.278,0.822,98.974,4
spotify:track:23wfXwnsPZYe5A1xXRHb3J,"The Way I Am","The Marshall Mathers LP","Eminem",2000-05-23,290426,75,true,,2021-05-09T21:37:19Z,"rap,hip hop","Eminem Catalog PS",0.785,0.871,4,-2.692,0,0.265,0.144,0,0.309,0.315,87.248,4
spotify:track:1fM9vs4R4X3dl5A05bHsim,"Pity Love","Tortured Thoughts","Silent Child",2021-04-02,164000,18,false,,2021-05-09T12:48:37Z,"","CloudKid",0.561,0.63,6,-5.431,1,0.0584,0.107,0,0.094,0.455,119.366,4
spotify:track:3ZLRR6v26rHCfjsoK6Fn5m,"Just Be","Polymath EP","Nate Rose",2016-09-22,175200,29,true,,2021-04-30T09:19:57Z,"","Nate Rose LLC",0.64,0.723,9,-5.513,1,0.369,0.0646,0.00000739,0.0863,0.361,100.183,4
spotify:track:4uT1QJXoGPRaVRh6qQFk4S,"Fell Too Far","Fell Too Far","Nick Bonin",2019-05-02,225197,44,true,,2021-04-29T15:59:25Z,"","Warner Records",0.761,0.654,5,-7.326,0,0.214,0.0908,0,0.0709,0.469,145.063,4
spotify:track:0AUyNF6iFxMNQsNx2nhtrw,"Blood // Water","Blood // Water","grandson",2018-05-04,216720,71,false,,2021-04-29T13:29:35Z,"","Atlantic Records",0.51,0.882,8,-5.659,0,0.159,0.00158,0.00206,0.0764,0.653,154.029,4
spotify:track:5rAUZy2eDdegBxUVYxePK2,"In The End - Mellen Gi Remix","In The End","Tommee Profitt;Fleurie;Mellen Gi",2019-03-22,218188,70,false,,2021-04-15T18:04:57Z,"","Tommee Profitt Studios (GSMF)",0.618,0.611,7,-6.654,0,0.11,0.477,0.0333,0.162,0.224,88.07,4
spotify:track:14YjOD4J7N1FGZMt5N4eIs,"Ратата","Ратата","Konfuz",2021-01-29,137076,0,false,,2021-04-12T13:27:38Z,"","Legacy Music",0.921,0.524,8,-7.074,0,0.0569,0.172,0,0.138,0.895,129.995,4
spotify:track:4DTyaDA9ZwWUUqGUh1JOlj,"Nuovi Amici No","Nuovi Amici No","Skinny",2020-11-11,130800,39,true,,2021-04-02T21:25:37Z,"italian trap,neomelodico,canzone napoletana","SKINNY",0.834,0.5,10,-8.791,0,0.206,0.473,0,0.135,0.234,100.038,4
spotify:track:2gD0OPTqOwwygqH5uaJZt8,"2.0_6-madame3xecutioner.oga","Mr. Robot, Vol. 3 (Original Television Series Soundtrack)","Mac Quayle",2017-06-09,248430,28,false,,2021-04-01T21:40:27Z,"soundtrack,score","Lakeshore Records",0.158,0.0293,11,-25.607,0,0.048,0.976,0.922,0.112,0.0419,70.599,3
spotify:track:6ck97LOwSjoVjqzIbwchUd,"1.8_1-imcrazy.aiff","Mr. Robot, Vol. 2 (Original Television Series Soundtrack)","Mac Quayle",2016-06-03,314648,21,false,,2021-04-01T21:36:42Z,"soundtrack,score","Lakeshore Records",0.13,0.103,6,-24.04,0,0.0375,0.989,0.947,0.103,0.04,69.419,4
spotify:track:2lJmvslf8xMCbAAEPYgOIM,"1.0_6-leavem3here.flac","Mr. Robot, Vol. 1 (Original Television Series Soundtrack)","Mac Quayle",2016-06-03,80152,30,false,,2021-04-01T21:31:42Z,"soundtrack,score","Lakeshore Records",0.696,0.426,8,-17.547,1,0.143,0.976,0.955,0.104,0.0754,108.03,4
spotify:track:3uqFFmxrCv4nzkKFSNbXHv,"No Cap (feat. Geolier)","17 - Dark Edition","Emis Killa;Jake La Furia;Geolier",2021-02-26,193432,47,true,,2021-03-27T18:08:01Z,"italian trap,canzone napoletana,concerto,neomelodico","Epic",0.769,0.764,0,-4.187,0,0.0636,0.0579,0,0.252,0.741,134.107,4
spotify:track:1y4jsQt7MjnZhiD1L6qFBC,"Cradles","Cradles","Sub Urban",2019-01-04,209829,1,false,,2021-03-26T13:19:55Z,"","NCS",0.534,0.589,1,-1.865,1,0.325,0.256,0.0000602,0.176,0.632,78.616,4
spotify:track:3CJbxqRQ0JNCqboWDNUUeX,"I Will (feat. KXNG Crooked, Royce Da 5'9"" & Joell Ortiz)","Music To Be Murdered By","Eminem;KXNG Crooked;Royce Da 5'9"";Joell Ortiz",2020-01-17,303000,49,true,,2021-03-21T16:49:39Z,"rap,hip hop,west coast hip hop,east coast hip hop","Shady/Aftermath/Interscope Records",0.635,0.543,8,-5.941,1,0.067,0.0454,0.000678,0.272,0.036,98.743,4
spotify:track:0q2vG0UVuy6ajjcpkQHdZM,"Unaccommodating (feat. Young M.A)","Music To Be Murdered By","Eminem;Young M.A",2020-01-17,216600,57,true,,2021-03-20T11:42:15Z,"rap,hip hop","Shady/Aftermath/Interscope Records",0.852,0.752,1,-5.793,1,0.0597,0.0169,0,0.394,0.389,89.95,4
spotify:track:7ccTcabbJlCJiIqtrSSwBk,"Premonition - Intro","Music To Be Murdered By","Eminem",2020-01-17,173893,48,true,,2021-03-16T13:53:54Z,"rap,hip hop","Shady/Aftermath/Interscope Records",0.847,0.637,1,-5.193,1,0.367,0.0258,0.000648,0.382,0.511,165.979,4
spotify:track:46eK1kembooWblMi7M7yLM,"Look at Me Now","Look at Me Now","Brennan Savage",2017-07-01,150000,63,true,,2021-03-12T17:51:14Z,"emo rap,cloud rap","Brennan Savage",0.649,0.538,0,-9.793,0,0.0918,0.0483,0.401,0.0928,0.355,160.075,4
spotify:track:79s5XnCN4TJKTVMSmOx8Ep,"Dior","Meet The Woo","Pop Smoke",2019-07-26,216386,77,true,,2021-03-11T23:40:17Z,"brooklyn drill,new york drill,drill","Victor Victor Worldwide/Republic Records",0.548,0.805,7,-5.732,1,0.351,0.212,0.000405,0.408,0.649,142.096,4
spotify:track:3Ofmpyhv5UAQ70mENzB277,"Astronaut In The Ocean","Astronaut In The Ocean","Masked Wolf",2021-01-06,132780,71,true,,2021-02-25T16:35:01Z,"","Elektra (NEK)",0.778,0.695,4,-6.865,0,0.0913,0.175,0,0.15,0.472,149.996,4
spotify:track:4F6bP95ULviRgg17IPaox6,"Tuyo","Narcos: Season 2 (A Netflix Original Series Soundtrack)","Rodrigo Amarante",2016-12-22,91973,49,false,,2021-02-12T12:52:42Z,"nova mpb","Gaumont Télévision",0.716,0.489,1,-9.953,0,0.0621,0.454,0.00778,0.119,0.582,112.283,4
spotify:track:7fzaDe7qR6IX2w275uX4Th,"Louboutin","Louboutin","Vale Pain;Rondodasosa",2020-06-25,240000,45,true,,2021-01-28T13:43:10Z,"italian trap,drill,uk drill","Real Music 4e",0.771,0.611,10,-6.433,0,0.203,0.0317,0.00000103,0.112,0.479,144.057,4
spotify:track:4Px9P902I1fMQEu7FN3eUS,"Revenge","Revenge","Josh A",2020-03-07,127425,31,false,,2021-01-27T16:40:38Z,"emo rap","Josh A",0.77,0.617,1,-7.279,1,0.326,0.276,0,0.0775,0.459,142.048,4
spotify:track:5vGLcdRuSbUhD8ScwsGSdA,"Whoopty","Whoopty","CJ",2020-08-20,123262,63,true,,2021-01-22T12:54:08Z,"dembow","CJ Music Group/T-Series",0.719,0.648,3,-7.6,0,0.125,0.2,0,0.127,0.66,140.201,4
spotify:track:7FIWs0pqAYbP91WWM0vlTQ,"Godzilla (feat. Juice WRLD)","Music To Be Murdered By","Eminem;Juice WRLD",2020-01-17,210800,81,true,,2021-01-19T18:40:12Z,"rap,hip hop,melodic rap,emo rap","Shady/Aftermath/Interscope Records",0.808,0.745,10,-5.26,0,0.342,0.145,0,0.292,0.829,165.995,4
spotify:track:0T5gVBFFjjnC8i8CTkUg4s,"Tu che vuoi","Tu che vuoi","LyKAN;Valerio Nazo",2017-09-18,173538,0,false,,2021-01-19T18:22:46Z,"canzone napoletana,neomelodico","AR.MS. Empire",0.715,0.393,10,-14.581,0,0.243,0.647,0.0000029,0.109,0.355,130.088,4
spotify:track:0HkoTr9t0f6MeqGoUS3E3e,"JOKER","JOKER","Dax",2020-05-07,247177,0,true,,2021-01-15T23:57:00Z,"","BMG Rights Management (US) LLC",0.762,0.703,10,-7.951,0,0.306,0.206,0,0.0912,0.519,151.329,4
spotify:track:1zBNp50x9EjrckT47oH2VU,"Rapper Gamberetti","Rapper Gamberetti","Boro;LGND",2017-11-24,197999,32,true,,2021-01-15T14:25:14Z,"italian trap","Sounds Good",0.833,0.712,6,-7.113,0,0.113,0.27,0,0.214,0.715,110.033,4
spotify:track:0maCwhZTO3PybhSiQcsjAf,"G.O.A.T.","New Levels New Devils","Polyphia",2018-10-12,215998,48,false,,2021-01-13T06:50:55Z,"math rock,djent,progressive metal,progressive rock","Rude Records Equal Vision",0.66,0.76,11,-5.488,0,0.0332,0.000601,0.312,0.0949,0.359,107.028,4
spotify:track:0GQ5bFTVFFKpwNPc7KwQnB,"You Gon’ Learn (feat. Royce Da 5'9"" & White Gold)","Music To Be Murdered By","Eminem;Royce Da 5'9"";White Gold",2020-01-17,234653,58,true,,2020-12-30T10:25:49Z,"rap,hip hop","Shady/Aftermath/Interscope Records",0.68,0.82,4,-4.197,0,0.151,0.0614,0,0.597,0.243,140.033,4
spotify:track:58QhkbaAkLFnn7JwAnAato,"Fall","Kamikaze","Eminem",2018-08-31,262493,62,true,,2020-12-25T01:48:10Z,"rap,hip hop","Eminem Catalog PS",0.83,0.546,1,-5.716,1,0.295,0.227,0,0.112,0.535,182.973,4
spotify:track:34d7sGX6WUqq8f04e7CSNF,"Marsh","Music To Be Murdered By","Eminem",2020-01-17,200573,51,true,,2020-12-23T20:30:17Z,"rap,hip hop","Shady/Aftermath/Interscope Records",0.871,0.493,1,-6.356,1,0.205,0.0134,0.000241,0.385,0.0495,144.989,4
spotify:track:1YvhcTM8aIRTg03AavA2HJ,"SLATT (feat. Capo Plaza)","GIOVANE RONDO","Rondodasosa;Capo Plaza",2020-10-16,217443,62,true,,2020-11-26T16:38:05Z,"italian trap,drill,uk drill,trap","WM Italy",0.778,0.488,1,-5.361,1,0.0489,0.0719,0,0.0935,0.457,133.052,4
spotify:track:561jH07mF1jHuk7KlaeF0s,"Mockingbird","Encore (Deluxe Version)","Eminem",2004-11-12,250760,87,true,,2020-11-24T11:00:51Z,"rap,hip hop","Eminem Catalog PS",0.637,0.678,0,-3.798,1,0.266,0.209,0,0.156,0.254,84.039,4
spotify:track:0pSBuHjILhNEo55xK1zrRt,"Rolex","Rolex","Ayo & Teo",2017-03-15,238586,68,false,,2020-11-19T01:31:01Z,"","Columbia",0.804,0.886,1,-2.512,1,0.04,0.0837,0,0.266,0.789,144.946,4
spotify:track:7xQAfvXzm3AkraOtGPWIZg,"Wow.","Hollywood's Bleeding","Post Malone",2019-09-06,149546,78,true,,2020-11-12T14:42:26Z,"","Republic Records",0.829,0.538,11,-7.359,0,0.212,0.137,0.00000188,0.103,0.389,99.952,4
spotify:track:3kW4z2pIj5VY5fLjBrMRL5,"P2","Eternal Atake","Lil Uzi Vert",2020-03-06,234626,64,true,,2020-11-12T14:05:51Z,"melodic rap","Generation Now/Atlantic",0.775,0.72,11,-5.353,0,0.193,0.0236,0,0.114,0.49,155.086,4
spotify:track:5eGEc27nnhtmcOh6RC890a,"Kill You","The Marshall Mathers LP","Eminem",2000-05-23,264400,69,true,,2020-11-10T13:37:03Z,"rap,hip hop","Eminem Catalog PS",0.897,0.559,11,-8.268,1,0.379,0.155,0.000127,0.296,0.677,106.991,4
spotify:track:17nnCANhSoMS6AHGpF2UnE,"Kush","Kush","J2LASTEU",2019-06-14,135053,51,false,,2020-11-10T09:14:17Z,"drill","J2Lasteu",0.931,0.216,1,-17.272,1,0.749,0.713,0.00261,0.145,0.158,96.484,4
spotify:track:1VNARx6Sm6ZYAsDMCGiU1B,"LUNEDI'","Playlist","Salmo",2018-11-09,205266,58,true,,2020-11-01T21:28:16Z,"italian trap,concerto","Epic",0.571,0.762,10,-8.225,1,0.46,0.425,0.00000755,0.114,0.467,124.382,4
spotify:track:6vJ6FR4WtlKSxe8lmh3F1C,"Baby You're Worth It","Baby You're Worth It","Kina",2018-06-13,130925,0,false,,2020-11-01T20:53:58Z,"","Kinamood",0.695,0.253,2,-15.884,1,0.0461,0.685,0.14,0.105,0.264,120.033,4
spotify:track:2cxnnqxgLhpqwMtbe39zeu,"Big Dawgs","Big Dawgs","Curly J",2020-05-08,136666,33,true,,2020-11-01T17:55:49Z,"jersey club","The Blueprint Group/Warner Records",0.497,0.726,1,-5.936,1,0.221,0.44,0,0.138,0.829,143.684,4
spotify:track:6rdAeP52MWJeyYD2B481mq,"H2O","You Will Regret (Reloaded)","Ski Mask The Slump God;XXXTENTACION",2018-02-02,139346,52,true,,2020-11-01T17:55:40Z,"emo rap","Victor VM",0.74,0.762,0,-1.313,1,0.33,0.189,0,0.4,0.892,139.943,4
spotify:track:3WHMA4nEF1TqnuJWZvky5F,"Al Pacino (feat. IDK)","RIOT","Izi;IDK",2020-10-30,162853,40,true,,2020-11-01T15:05:37Z,"italian trap","Universal Music Italia srL.",0.756,0.613,6,-7.118,0,0.0519,0.0261,0,0.235,0.491,110.037,4
spotify:track:5YLHLxoZsodDWjqSgjhBf3,"Myself","COSMIC","Bazzi",2018-04-12,167552,66,false,,2020-10-30T13:03:43Z,"","iamcosmic",0.745,0.561,9,-5.513,0,0.072,0.465,0.00000112,0.0338,0.902,195.918,4
spotify:track:6irREbr84dkZagDPSZbaZg,"Panette","XDVR Reloaded","Sfera Ebbasta;Charlie Charles",2015-11-23,195691,0,true,,2020-10-29T10:17:54Z,"italian trap,concerto,trap","Universal Music Group",0.874,0.622,8,-7.212,1,0.0566,0.526,0,0.161,0.329,130.015,4
spotify:track:4ZLzoOkj0MPWrTLvooIuaa,"Get You The Moon (feat. Snøw)","Get You The Moon (feat. Snøw)","Kina;Snøw",2018-10-08,179080,75,false,,2020-10-20T19:43:43Z,"","Columbia",0.498,0.235,1,-16.541,0,0.188,0.72,0,0.144,0.0895,118.917,4
spotify:track:3bvhInK2eg3XdDEE1sD1ot,"Orchestral Intro","Chaos","Josh A;iamjakehill",2018-02-18,66501,17,true,,2020-10-16T22:13:27Z,"emo rap","Josh A & Iamjakehill",0.242,0.158,0,-15.85,0,0.0354,0.906,0.822,0.238,0.233,87.479,4
spotify:track:5xVoh2cUjYz6XVwfiZbdXA,"Für Elise, Bagatelle in A Minor, WoO 59","The Best Beethoven","Ludwig van Beethoven;Lang Lang",2020-05-22,206373,36,false,,2020-10-11T12:32:33Z,"classical,classical piano,chamber music","UME - Global Clearing House",0.238,0.0491,9,-27.704,0,0.0418,0.985,0.948,0.108,0.105,132.829,5
spotify:track:3jZDWsoxRHzzp3DYV8qeXE,"You Broke My Heart Again","You Broke My Heart Again","Teqkoi;Aiko",2018-10-13,103400,0,false,,2020-10-02T05:44:09Z,"","Teqkoi",0.55,0.143,3,-15.685,1,0.241,0.956,0,0.195,0.224,74.918,4
spotify:track:4doYiFq02UG8981J9q0qhz,"Bella Vita","Piano B","Silent Bob;Sick Budd",2020-01-10,202105,36,true,,2020-10-01T13:09:13Z,"italian trap","Bullz Records",0.481,0.536,9,-8.593,1,0.227,0.182,0,0.106,0.606,150.506,4
spotify:track:6m37YblnnlJ1x7DfTc3Vj0,"Floor Seats (Text Back)","Floor Seats (Text Back)","Moxas",2019-11-08,138157,0,true,,2020-09-28T11:22:13Z,"","Sludge Records",0.74,0.453,3,-7.828,1,0.121,0.656,0.00008,0.111,0.178,75.992,4
spotify:track:6hXBZVMyCp2VRmDLT3leqv,"Blood Brothers","Blood Brothers","JiggyJerms",2020-03-06,159680,14,true,,2020-09-24T20:57:15Z,"","JiggyJerms",0.706,0.695,10,-8.379,0,0.223,0.209,0,0.1,0.867,160.109,4
spotify:track:7gVwgc8b3XnO87TpmXXFA5,"Diva (feat. Lil Tecca)","Diva (feat. Lil Tecca)","The Kid LAROI;Lil Tecca",2020-01-31,172004,65,true,,2020-09-24T20:51:59Z,"melodic rap,rap","Columbia",0.686,0.703,6,-6.141,0,0.0606,0.00728,0,0.0946,0.457,144.902,4
spotify:track:27E4psA6L8EPkArzqOwT0j,"Stoner Thoughts","Stoner Thoughts","Billy Bueffer",2019-04-20,188813,42,true,,2020-09-18T16:36:30Z,"emo rap","Billy Bueffer",0.789,0.527,5,-5.72,1,0.0972,0.123,0,0.0445,0.689,81.508,4
spotify:track:0RzAihLqsEg9Qcm4pfPbG2,"Rip X","Rip X","iamjakehill",2018-06-21,159326,0,true,,2020-09-18T05:53:42Z,"emo rap","629243 Records DK",0.693,0.434,1,-9.366,1,0.193,0.418,0,0.338,0.685,63.033,4
spotify:track:1Jl21sidRpEdlVBvYbssLx,"Sin (feat. Jaden Smith)","On the Run","Young Thug;Jaden",2018-09-24,202533,53,true,,2020-09-14T07:03:21Z,"rap,trap,melodic rap","300 Entertainment/Atl",0.889,0.385,11,-11.767,0,0.165,0.00544,0,0.274,0.235,125.995,4
spotify:track:26syRvYWflzaIlzKhsK9q6,"You're Not Alone","You're Not Alone","Josh A",2020-07-25,236417,29,false,,2020-09-13T20:46:22Z,"emo rap","Josh A",0.736,0.444,2,-11.072,1,0.113,0.344,0,0.173,0.053,134.007,4
spotify:track:6QvyfLvUcofPUutW04Vcc1,"Picture I Paint","Picture I Paint","Badda TD",2019-06-23,168724,0,true,,2020-09-08T02:38:04Z,"","Badda TD",0.714,0.592,1,-8.709,1,0.332,0.116,0,0.11,0.691,148.158,4
spotify:track:0c6SqvH32BMgbEFvpHc2gs,"Let Her Go","Let Her Go","The Kid LAROI",2019-12-06,122112,58,true,,2020-09-07T20:08:48Z,"","Columbia",0.763,0.542,3,-6.753,0,0.148,0.639,0,0.113,0.504,142.031,4
spotify:track:7sO5G9EABYOXQKNPNiE9NR,"Ric Flair Drip (with Metro Boomin)","Without Warning","Offset;Metro Boomin",2017-10-30,172800,81,true,,2020-09-07T19:46:20Z,"","Slaughter Gang, LLC/Epic/Quality Control Music/Motown/Capitol/Boominati Worldwide/Republic",0.88,0.428,9,-8.28,1,0.206,0.149,0.0000505,0.114,0.333,100.007,4
spotify:track:2U5WueTLIK5WJLD7mvDODv,"Wishing Well","Legends Never Die","Juice WRLD",2020-07-10,194621,77,true,,2020-09-07T14:51:02Z,"melodic rap,emo rap","Grade A Productions/Interscope Records",0.65,0.613,9,-6.13,0,0.128,0.00336,0,0.267,0.0804,149.972,4
spotify:track:0snQkGI5qnAmohLE7jTsTn,"Toxicity","Toxicity","System Of A Down",2001-09-04,218933,84,false,,2020-09-03T20:25:11Z,"nu metal,metal,alternative metal,rap metal,rock","American/Columbia",0.413,0.873,8,-4.151,1,0.0536,0.000264,0.00249,0.204,0.48,116.68,3
spotify:track:5SybvK90NYbGkvpfsL5QU1,"Tutta Colpa Mia","Tutta Colpa Mia","Elodie",2017-02-17,198973,63,false,,2020-09-03T19:24:28Z,"concerto","Universal Music Italia srL.",0.484,0.66,11,-6.044,0,0.0358,0.443,0,0.214,0.588,89.975,4
spotify:track:6lNiBEQRCx2I8AaC7EZMDY,"Pazzo E Cattivo","Piano B","Silent Bob;Sick Budd;Dium",2020-01-10,213191,34,true,,2020-08-30T19:50:45Z,"italian trap","Bullz Records",0.485,0.752,2,-7.313,1,0.144,0.15,0,0.357,0.205,125.087,5
spotify:track:6h5LNowECHs3EGZ2RoSgwk,"Paranoia Lover","Piano B","Silent Bob;Sick Budd",2020-01-10,201054,45,false,,2020-08-30T12:40:50Z,"italian trap","Bullz Records",0.679,0.498,3,-9.482,0,0.0599,0.557,0,0.114,0.859,73.998,4
spotify:track:2UX7E8wwvgieGSS6ljIFEY,"Hooligans","Piano B","Silent Bob;Sick Budd",2020-01-10,162461,38,true,,2020-08-30T03:07:37Z,"italian trap","Bullz Records",0.594,0.639,4,-6.914,0,0.128,0.401,0,0.109,0.773,129.946,4
spotify:track:74PiE5StUpFY4c9AKqRWYf,"Prada Coffin","Spectrum","iamjakehill",2017-10-26,138418,30,true,,2020-08-27T20:30:01Z,"emo rap","629243 Records DK",0.786,0.495,10,-8.903,0,0.0506,0.0588,0.00000369,0.169,0.299,120.034,4
spotify:track:66O55TRyanKuDSHh5J82vG,"Come No","Come No","Shiva",2018-11-21,134800,47,true,,2020-08-27T16:22:18Z,"italian trap,concerto","Jive",0.687,0.583,11,-8.783,1,0.42,0.217,0,0.12,0.734,150.011,4
spotify:track:7CQwJNaHvxUPye0X7bTh7g,"Chance (feat. Capo Plaza)","Routine EP","Shiva;Capo Plaza",2020-01-31,182400,51,true,,2020-08-27T10:58:37Z,"italian trap,concerto,trap","Jive",0.668,0.681,9,-6.555,1,0.405,0.144,0,0.27,0.3,86.358,4
spotify:track:0RLLvYBopDwooCyvnTwgYu,"F.N","True 2 Myself","Lil Tjay",2019-10-11,224000,76,true,,2020-08-26T14:33:10Z,"brooklyn drill,melodic rap","Columbia",0.567,0.515,6,-10.265,0,0.247,0.354,0,0.078,0.321,120.1,1
spotify:track:1kyk7xknf0ZBbXlcHC8lA6,"Nonostante Tutto","Nonostante Tutto","Gemitaiz",2016-01-22,200684,49,false,,2020-08-20T13:48:48Z,"italian trap","Universal Music Italia srL.",0.825,0.525,0,-7.195,1,0.105,0.057,0.000061,0.0547,0.322,130.014,4
spotify:track:0hWzB4dR1zwcokPvccww0k,"When I Grow Up","When I Grow Up","NF",2019-06-27,196800,54,false,,2020-08-19T05:52:42Z,"christian hip hop","NF Real Music",0.817,0.814,2,-3.985,1,0.185,0.32,0,0.152,0.247,109.994,4
spotify:track:0ytvsZOerGzUWfHXVT2Sgy,"Eternal Youth","Eternal Youth","RŮDE",2017-08-07,205766,61,false,,2020-08-17T21:54:37Z,"lo-fi","Chill Squad",0.655,0.487,6,-7.988,1,0.033,0.0347,0.897,0.271,0.0454,139.914,4
spotify:track:3CPfiv5HfoQxtpHyPzJmu3,"Ammore Senza Core","Blu","Franco Ricciardi",2017-04-28,177360,49,false,,2020-08-14T15:25:33Z,"neomelodico,canzone napoletana","Universal Music Italia srL.",0.507,0.594,4,-7.077,0,0.0326,0.00102,0.0000488,0.0746,0.0938,134.921,4
spotify:track:286i6Yq99ALCLHXDofuTVL,"Purple Rain (feat. Gemitaiz, Frenetik&Orang3)","Pour l'amour","Achille Lauro;Boss Doms;Gemitaiz;Frenetik&Orang3",2018-06-22,159240,45,false,,2020-08-12T15:06:02Z,"italian trap","WM Italy",0.727,0.656,11,-6.228,0,0.121,0.142,0,0.175,0.485,104.023,4
spotify:track:6uJONCdr2rC65BNmCnTBWK,"GANG GANG","JACKBOYS","JACKBOYS;Sheck Wes",2019-12-27,244760,64,true,,2020-08-12T12:42:53Z,"","Cactus Jack/Epic",0.859,0.6,7,-4.63,0,0.301,0.071,0,0.353,0.568,123.017,4
spotify:track:0ewVBrixOv1jfhv7VYXOfx,"Una Bomba Addosso","Piano B","Silent Bob;Sick Budd",2020-01-10,171764,43,true,,2020-08-11T21:30:47Z,"italian trap","Bullz Records",0.676,0.602,3,-7.672,0,0.091,0.0383,0,0.0887,0.328,102.035,4
spotify:track:5DeniHAnUjRo4KqTa9Ulsh,"Fast and Furious","Fast and Furious","Yung Craka",2019-03-22,85250,30,true,,2020-08-10T12:46:33Z,"","1299571 Records DK2",0.79,0.28,2,-15.56,1,0.298,0.253,0,0.0583,0.662,135.101,4
spotify:track:0ScC1V1yqBXD7eg3VO0GdA,"Autostrada Del Sole","Piano B","Silent Bob;Sick Budd;Massimo Pericolo;Crookers",2020-01-10,229253,52,true,,2020-08-06T01:01:23Z,"italian trap","Bullz Records",0.658,0.706,8,-5.465,0,0.0818,0.267,0,0.124,0.54,134.002,4
spotify:track:1TUAnO9lhKKySN8WT3vvHY,"Vendetta","Vendetta","Skinny",2020-05-22,171395,0,true,,2020-07-28T16:46:00Z,"italian trap,neomelodico,canzone napoletana","Skinny Music",0.72,0.843,6,-5.707,0,0.232,0.239,0,0.111,0.682,80.053,4
spotify:track:2mLobjKH7ZGIawQzyg31yq,"Ce la farò","Ce la farò","Skinny",2019-12-20,205543,0,true,,2020-07-26T19:51:06Z,"italian trap,neomelodico,canzone napoletana","Pulp Records",0.579,0.661,1,-6.206,1,0.0949,0.19,0,0.134,0.196,83.824,4
spotify:track:7MiZjKawmXTsTNePyTfPyL,"Devil Eyes","Providence","Hippie Sabotage",2016-02-05,131271,77,false,,2020-07-20T01:03:19Z,"","iHipHop Distribution",0.391,0.396,1,-8.621,0,0.189,0.702,0.405,0.315,0.199,99.112,5
spotify:track:7A9lnmpkWR2tPkcPWGbMqo,"Capo","Emanuele (Marchio registrato)","Geolier",2020-07-09,150967,52,true,,2020-07-18T20:52:50Z,"canzone napoletana,concerto,italian trap,neomelodico","Universal Music Italia srL.",0.54,0.47,8,-6.364,1,0.39,0.473,0.000228,0.616,0.101,119.025,3
spotify:track:0SHcPBePTpLy22XVvVmYqu,"Forte e chiaro","20","Capo Plaza",2018-04-20,219173,66,false,,2020-07-16T14:36:03Z,"italian trap,trap","WMI Italy",0.557,0.752,1,-4.259,1,0.512,0.0896,0,0.143,0.099,78.449,4
spotify:track:4nYAlsAHXXmITGjjxhWpMM,"Carusi do sud","Gipsy Prince","L'Elfo;Funkyman",2018-11-16,168101,34,true,,2020-07-09T20:58:02Z,"neomelodico,italian trap,canzone napoletana","Shut Up",0.519,0.789,3,-5.154,0,0.293,0.1,0,0.111,0.716,79.899,4
spotify:track:0MLu1cFYL4ikdRTdasCQT9,"M' Manc (con Geolier & Sfera Ebbasta)","M' Manc (con Geolier & Sfera Ebbasta)","Shablo;Geolier;Sfera Ebbasta",2020-06-11,180000,64,false,,2020-07-06T13:52:27Z,"italian trap,concerto,canzone napoletana,neomelodico,trap","Universal Music Italia srL.",0.703,0.704,6,-6.117,0,0.0641,0.048,0,0.41,0.725,139.933,4
spotify:track:6zwo87VpLjssCHo50h7rwH,"I Miei Cio'","Piano B","Silent Bob;Sick Budd",2020-01-10,186428,47,true,,2020-06-30T14:11:53Z,"italian trap","Bullz Records",0.635,0.67,10,-8.175,0,0.152,0.41,0,0.126,0.491,111.66,4
spotify:track:2e4Jiu1cAfFdAG84D05yyJ,"pissed off.","pissed off.","SYKI",2020-06-15,111000,5,true,,2020-06-28T02:20:35Z,"emo rap","ELIX / EMPIRE",0.677,0.394,2,-11.09,1,0.397,0.0194,0,0.0955,0.154,70.036,3
spotify:track:5Jny3m9XarSYHvxCldiYdE,"Fame (feat. Madman)","Raptus 3","nayt;3D;MadMan",2019-03-15,222133,49,true,,2020-06-27T14:09:17Z,"italian trap,concerto","Jive",0.915,0.815,9,-6.745,0,0.0838,0.291,0,0.138,0.796,114.996,4
spotify:track:2Kn1qBkRUYlJEyHK5xXkxL,"Passion","Passion","LG Izz",2019-10-12,129044,5,true,,2020-05-29T10:56:45Z,"","LG Izz",0.511,0.455,1,-11.639,1,0.31,0.0782,0,0.101,0.149,79.73,4
spotify:track:5KN3FPKo2iOJlNp1wE4qZO,"Oh Jesus","Piano B","Silent Bob;Sick Budd",2020-01-10,168114,36,true,,2020-05-21T16:48:18Z,"italian trap","Bullz Records",0.525,0.657,11,-6.16,0,0.246,0.00273,0,0.151,0.0968,99.912,4
spotify:track:5nMnEELMA1BMl0lQrHPtry,"Stato Di Ebbrezza","Piano B","Silent Bob;Sick Budd",2020-01-10,189716,51,true,,2020-05-10T03:02:10Z,"italian trap","Bullz Records",0.598,0.592,7,-6.195,0,0.0502,0.097,0,0.142,0.501,86.008,4
spotify:track:3sM7zb7xO0lGy1JwAkqzjj,"Piatti Caldi","Piano B","Silent Bob;Sick Budd",2020-01-10,130485,38,true,,2020-04-29T08:18:53Z,"italian trap","Bullz Records",0.692,0.747,11,-7.292,1,0.154,0.0332,0,0.136,0.19,103.156,4
spotify:track:0kBhFZl1m457vCZ6vL6geq,"Zitta","Piano B","Silent Bob;Sick Budd",2020-01-10,175583,55,true,,2020-04-23T03:25:17Z,"italian trap","Bullz Records",0.479,0.589,6,-5.929,1,0.298,0.2,0,0.113,0.342,81.19,4
spotify:track:5qf1k7zubHxjR3uinHmIKg,"Autostima","2001","PSICOLOGI",2019-07-19,148205,51,false,,2020-04-17T02:55:19Z,"concerto","Universal Music Italia srL.",0.475,0.618,0,-7.928,1,0.209,0.673,0,0.0826,0.285,71.551,4
spotify:track:4TnjEaWOeW0eKTKIEvJyCa,"Falling","Falling","Trevor Daniel",2018-10-05,159381,2,false,,2020-04-15T03:07:12Z,"","Alamo Records",0.785,0.431,10,-8.756,0,0.0364,0.123,0,0.0887,0.236,127.085,4
spotify:track:60a0Rd6pjrkxjPbaKzXjfq,"In the End","Hybrid Theory (Bonus Edition)","Linkin Park",2000-10-24,216880,89,false,,2020-04-13T19:15:31Z,"nu metal,rap metal,rock,alternative metal","Warner Records",0.556,0.864,3,-5.87,0,0.0584,0.00958,0,0.209,0.4,105.143,4
spotify:track:2tQ7vPjN88wkQl5hSNSbVF,"PAROLA - feat. Lazza, Emis Killa","MULA","Giaime;Lazza;Emis Killa;Andry The Hitmaker",2020-02-14,203414,45,true,,2020-04-05T15:48:10Z,"italian trap,concerto","Jive",0.722,0.747,4,-7.028,0,0.0792,0.311,0.000821,0.112,0.477,164.092,4
spotify:track:0Rsfm3UqHkNzKsb6L0Yz3Y,"Esagono (feat. Salmo)","Scatola Nera","Gemitaiz;MadMan;Salmo",2019-09-19,186426,48,true,,2020-03-25T12:22:17Z,"italian trap,concerto","Universal Music Italia srL.",0.827,0.738,8,-6.403,0,0.207,0.0978,0,0.0257,0.718,137.956,4
spotify:track:1OeIJITrlUR4qss2kywMEn,"CRUDELIA - I nervi","Persona","Marracash",2019-10-31,230922,0,true,,2020-03-25T12:22:13Z,"concerto,italian trap","Universal Music Italia srL.",0.547,0.554,7,-7.563,1,0.102,0.149,0,0.344,0.0702,82.178,3
spotify:track:0tRj4m46GRFrBS7IsbS0Gk,"ch1 5ei te","23 6451","thasup",2019-11-15,183762,56,true,,2020-03-25T12:22:10Z,"italian trap","Epic",0.488,0.784,1,-5.837,1,0.0717,0.0462,0,0.163,0.317,88.046,4
spotify:track:7floNISpH8VF4z4459Qo18,"Look At Me!","Look At Me!","XXXTENTACION",2017-02-20,126345,77,true,,2020-03-25T12:22:02Z,"emo rap","Bad Vibes Forever / EMPIRE",0.763,0.726,1,-6.405,1,0.282,0.259,0,0.0976,0.349,139.059,4
spotify:track:2FpWhUMOPGUVR95DkfKjGH,"Cold","Cold","NEFFEX",2018-04-11,186240,45,false,,2020-03-25T12:21:55Z,"","Burning Boat",0.786,0.643,8,-8.851,1,0.0877,0.0664,0.00000126,0.0985,0.702,125.06,4
spotify:track:6uUpssCxQaQWrlx869314b,"Street Advisor (feat. Noyz Narcos, Marracash & Capo Plaza)","Mattoni","Night Skinny;Noyz Narcos;Marracash;Capo Plaza",2019-09-12,242600,50,true,,2020-03-25T12:21:53Z,"italian trap,concerto,trap","Universal Music Italia srL.",0.727,0.632,7,-9.019,1,0.278,0.0276,0,0.124,0.45,172.104,4
spotify:track:2dTnhghtpN0duPluAQMMUz,"Come Me","Come Me","Jamil;nayt",2020-02-07,199245,36,true,,2020-03-25T12:21:51Z,"italian trap,concerto","Baida Army",0.866,0.577,4,-9.16,0,0.246,0.237,0,0.444,0.521,105.972,4
spotify:track:69d3X2Nv5AWHUeTktfOqpV,"Simba","68","Ernia",2018-09-07,199000,46,false,,2020-03-25T12:21:41Z,"italian trap","Universal Music Italia srL.",0.752,0.5,1,-7.143,1,0.142,0.038,0.00231,0.11,0.43,97.963,4
spotify:track:68Zq7PMcPIQE8ol1x3gAqw,"The Way I Live","Across The Water","Baby Boy Da Prince;Boosie Badazz",2006-01-01,324906,57,true,,2020-03-25T12:21:36Z,"southern hip hop,crunk","Universal Records",0.88,0.438,0,-7.562,1,0.248,0.0147,0,0.0907,0.714,90.02,4
spotify:track:24Yi9hE78yPEbZ4kxyoXAI,"Roses - Imanbek Remix","Roses (Imanbek Remix)","SAINt JHN;Imanbek",2019-10-09,176840,75,true,,2020-03-25T12:21:33Z,"slap house","Columbia/B1 Recordings",0.77,0.724,8,-5.484,1,0.0495,0.0167,0.0107,0.353,0.898,121.975,4
spotify:track:4QM1Y3xrOkZDPc9R2CvaXx,"Taste (Make It Shake) (Remix feat. Shiva)","Taste (Make It Shake) (Remix feat. Shiva)","Aitch;Shiva",2019-12-06,145600,44,true,,2020-03-25T12:21:15Z,"grime,uk grime,uk drill,drill,italian trap,concerto","Since 93",0.75,0.486,0,-11.291,1,0.299,0.198,0,0.183,0.591,98.048,3
spotify:track:5i3KnygQIfHlI8i2K8eRd8,"Totoro - Emodrill version 2019","Scialla Semper (Emodrill Repack)","Massimo Pericolo",2019-09-27,195452,0,true,,2020-03-22T04:30:01Z,"italian trap","Pluggers",0.547,0.628,5,-5.612,0,0.224,0.655,0,0.204,0.541,79.248,4
spotify:track:6Fg6zCGxZ61JL9bc5sV7Ex,"Polo nord - Emodrill version 2019","Scialla Semper (Emodrill Repack)","Massimo Pericolo",2019-09-27,188891,0,true,,2020-03-11T17:55:30Z,"italian trap","Pluggers",0.598,0.674,1,-4.198,1,0.029,0.248,0.000349,0.102,0.192,140.052,4
spotify:track:3E5t5XDzJj3iSVBUq79rjb,"Cocco","Scialla Semper","Massimo Pericolo",2019-04-12,164756,0,true,,2020-03-11T17:54:29Z,"italian trap","Pluggers",0.637,0.702,1,-5.522,1,0.0362,0.0109,0,0.496,0.331,110.877,4
spotify:track:4dDMgEj5GpBTI1lvVlYPu7,"Mon Fre - feat. Emis Killa","Mon Fre (feat. Emis Killa)","Shiva;Emis Killa",2019-07-19,224150,58,true,,2020-03-11T17:54:22Z,"italian trap,concerto","Jive",0.841,0.821,6,-3.802,1,0.234,0.0791,0,0.172,0.545,106.003,4
spotify:track:2TxDcppMX95JQv9WB5rtuB,"NO SPIE","FSK TRAPSHIT","FSK SATELLITE",2019-07-11,141598,39,true,,2020-03-11T17:54:16Z,"italian trap","Universal Music Italia srL.",0.893,0.511,8,-11.209,0,0.268,0.484,0.00201,0.0747,0.443,100.015,4
spotify:track:05mrU7mN3c1822bpY58UBC,"48H (feat. Sfera Ebbasta)","Aletheia","Izi;Sfera Ebbasta",2019-05-10,198125,56,false,,2020-03-11T17:54:08Z,"italian trap,concerto,trap","Universal Music Italia srL.",0.755,0.502,5,-9.08,0,0.0655,0.307,0,0.105,0.6,149.919,4
spotify:track:15hXSWGLcvtUZLtzCY7E0Q,"LOVE BANDANA","KETY","Ketama126;Tedua;Chris Nolan",2019-10-18,212880,0,true,,2020-03-11T17:53:51Z,"italian trap,concerto","Epic",0.623,0.76,8,-6.688,0,0.2,0.341,0,0.119,0.566,155.015,4
spotify:track:6VPcfYrO6oSYbEg6HTncDo,"LA PROVA DEL CUOCO","FSK TRAPSHIT","FSK SATELLITE",2019-07-11,156421,46,true,,2020-03-11T17:53:46Z,"italian trap","Universal Music Italia srL.",0.689,0.458,0,-8.574,1,0.622,0.254,0,0.434,0.719,131.687,4
spotify:track:4feXJ5IC3avXsVW9WNFSag,"Rock N Roll Train","Black Ice","AC/DC",2008-10-20,260124,71,false,,2020-03-11T13:23:48Z,"rock,hard rock,classic rock,rock and roll","Columbia",0.547,0.931,2,-2.356,1,0.0615,0.000998,0.0118,0.278,0.697,118.4,4
spotify:track:0C80GCp0mMuBzLf3EAXqxv,"Shoot to Thrill","Back In Black","AC/DC",1980-07-25,318231,76,false,,2020-03-11T13:23:46Z,"rock,hard rock,classic rock,rock and roll","Columbia",0.457,0.904,2,-5.303,1,0.0747,0.000239,0.0879,0.396,0.48,141.038,4
spotify:track:69QHm3pustz01CJRwdo20z,"Hells Bells","Back In Black","AC/DC",1980-07-25,312815,78,false,,2020-03-11T13:23:43Z,"rock,hard rock,classic rock,rock and roll","Columbia",0.389,0.873,4,-4.768,0,0.0475,0.00532,0.0055,0.273,0.303,106.767,4
spotify:track:7nemcVsXVFZF01iqpIIo2Y,"It's a Long Way to the Top (If You Wanna Rock 'N' Roll)","High Voltage","AC/DC",1976-05-14,302430,74,false,,2020-03-11T13:23:42Z,"rock,hard rock,classic rock,rock and roll","Columbia",0.456,0.863,3,-3.551,1,0.0894,0.133,0.0538,0.0553,0.532,135.962,4
spotify:track:2d4e45fmUnguxh6yqC7gNT,"Dirty Deeds Done Dirt Cheap","Dirty Deeds Done Dirt Cheap","AC/DC",1976-09-20,232265,75,false,,2020-03-11T13:23:42Z,"rock,hard rock,classic rock,rock and roll","Columbia",0.668,0.906,11,-4.881,0,0.17,0.214,0.00245,0.135,0.507,135.653,4
spotify:track:2SiXAy7TuUkycRVbbWDEpo,"You Shook Me All Night Long","Back In Black","AC/DC",1980-07-25,210328,83,false,,2020-03-11T13:23:41Z,"rock,hard rock,classic rock,rock and roll","Columbia",0.532,0.767,7,-5.509,1,0.0574,0.00287,0.000513,0.39,0.755,127.361,4
spotify:track:57bgtoPSgt236HzfBOd8kj,"Thunderstruck","The Razors Edge","AC/DC",1990-09-24,292333,87,false,,2020-03-11T13:23:39Z,"rock,hard rock,classic rock,rock and roll","Columbia",0.502,0.89,4,-5.175,1,0.0364,0.000147,0.0117,0.217,0.259,133.52,4
spotify:track:08mG3Y1vljYA6bvDt4Wqkj,"Back In Black","Back In Black","AC/DC",1980-07-25,256000,85,false,,2020-03-11T13:23:38Z,"rock,hard rock,classic rock,rock and roll","Columbia",0.31,0.7,9,-5.678,1,0.047,0.011,0.00965,0.0828,0.763,188.386,4
spotify:track:2zYzyRzz6pRmhPzyfMEC8s,"Highway to Hell","Highway to Hell","AC/DC",1979-07-27,208110,86,false,,2020-03-11T13:23:37Z,"rock,hard rock,classic rock,rock and roll","Columbia",0.574,0.913,6,-4.793,0,0.133,0.061,0.00158,0.156,0.423,115.728,4
spotify:track:2BK2hVe1Hr488Fp9g0nmBc,"Polly - Live At The Paramount/1991","Live At The Paramount","Nirvana",2019-04-12,183880,35,false,,2020-03-11T13:23:36Z,"grunge,rock","Geffen",0.546,0.549,0,-9.235,1,0.0312,0.244,0,0.381,0.386,128.073,4
spotify:track:50bA0cAFEo3Ep99yj0x2th,"Smells Like Teen Spirit - Live At The Paramount/1991","Live At The Paramount","Nirvana",2019-04-12,285573,42,false,,2020-03-11T13:23:35Z,"grunge,rock","Geffen",0.317,0.948,8,-5.411,1,0.0857,0.000088,0.0178,0.906,0.31,122.952,4
spotify:track:3K0BOY0Kr6fs5m2recdDrR,"School - Live At The Paramount/1991","Live At The Paramount","Nirvana",2019-04-12,171866,39,false,,2020-03-11T13:23:33Z,"grunge,rock","Geffen",0.17,0.963,4,-6.465,1,0.172,0.00081,0.00119,0.836,0.275,167.147,4
spotify:track:7vXQS8EY7gttzdraIKnEwq,"Aneurysm - Live At The Paramount/1991","Live At The Paramount","Nirvana",2019-04-12,289813,41,false,,2020-03-11T13:23:31Z,"grunge,rock","Geffen",0.259,0.96,6,-6.503,0,0.088,0.000599,0.215,0.77,0.14,131.984,4
spotify:track:5Rizj5FLb2AyNKu9esjYY6,"Rape Me","In Utero (Deluxe Edition)","Nirvana",1993-09-21,170000,72,false,,2020-03-11T13:23:27Z,"grunge,rock","Geffen",0.42,0.746,8,-10.628,1,0.0467,0.0141,0,0.0661,0.229,111.886,4
spotify:track:55yvzYuvJYG2RUEnMK78tr,"About A Girl","Nirvana","Nirvana",2002-10-29,166640,60,false,,2020-03-11T13:23:25Z,"grunge,rock","Geffen",0.409,0.932,11,-4.538,0,0.0339,0.0000187,0.0000016,0.31,0.591,131.761,4
spotify:track:26D1PRJjD9Jj1JGRk88KVc,"Lithium","Nevermind (Deluxe Edition)","Nirvana",1991-09-26,257053,3,false,,2020-03-11T13:23:24Z,"grunge,rock","Geffen",0.678,0.656,7,-6.41,1,0.0381,0.00174,0,0.0631,0.485,123.207,4
spotify:track:0MKGH8UMfCnq5w7nG06oM5,"Come As You Are","Nevermind (Deluxe Edition)","Nirvana",1991-09-26,218920,6,false,,2020-03-11T13:23:23Z,"grunge,rock","Geffen",0.5,0.824,4,-5.846,0,0.0388,0.00016,0.00161,0.0916,0.539,120.125,4
spotify:track:11LmqTE2naFULdEP94AUBa,"Heart-Shaped Box","In Utero (Deluxe Edition)","Nirvana",1993-09-21,281160,82,false,,2020-03-11T13:23:23Z,"grunge,rock","Geffen",0.256,0.641,1,-10.283,1,0.0552,0.199,0.0329,0.0853,0.382,203.006,4
spotify:track:1f3yAtsJtY87CTmM8RLnxf,"Smells Like Teen Spirit","Nevermind (Deluxe Edition)","Nirvana",1991-09-26,301920,10,false,,2020-03-11T13:23:22Z,"grunge,rock","Geffen",0.502,0.912,1,-4.556,1,0.0564,0.0000255,0.000173,0.106,0.72,116.761,4
spotify:track:00cxd8JLO6JKUei70H4BY4,"Orion - Live","Metallica Through The Never (Music From The Motion Picture)","Metallica",2013-01-01,506866,39,false,,2020-03-11T13:23:21Z,"metal,thrash metal,rock,heavy metal,hard rock","Blackened Recordings / Universal Music",0.29,0.76,8,-8.37,1,0.0427,0.00124,0.924,0.0544,0.477,166.573,3
spotify:track:28WmNsclKsrVmdv3tDmoYU,"Seek & Destroy - Remastered","Kill 'Em All (Remastered)","Metallica",1983-07-24,414720,73,false,,2020-03-11T13:23:19Z,"metal,thrash metal,rock,heavy metal,hard rock","Blackened Recordings / Universal Music",0.445,0.964,9,-5.493,1,0.282,0.037,0.0132,0.0773,0.448,140.817,4
spotify:track:5nekfiTN45vlxG0eNJQQye,"Fade To Black - Remastered","Ride The Lightning (Deluxe / Remastered)","Metallica",1984-07-26,417226,71,false,,2020-03-11T13:23:18Z,"metal,thrash metal,rock,heavy metal,hard rock","Blackened Recordings / Universal Music",0.256,0.924,7,-6.685,1,0.113,0.00369,0.234,0.114,0.28,113.574,4
spotify:track:2dXsILW8gzkosqleHAvl0v,"For Whom The Bell Tolls - Remastered","Ride The Lightning (Remastered)","Metallica",1984-07-27,309973,69,false,,2020-03-11T13:23:17Z,"metal,thrash metal,rock,heavy metal,hard rock","Blackened Recordings / Universal Music",0.518,0.858,0,-6.147,1,0.0672,0.00563,0.00349,0.0598,0.249,117.897,4
spotify:track:1PhLYngBKbeDtdmDzCg3Pb,"Sad But True","Metallica","Metallica",1991-08-12,323933,8,false,,2020-03-11T13:23:17Z,"metal,thrash metal,rock,heavy metal,hard rock","Blackened Recordings / Universal Music",0.633,0.846,7,-6.347,1,0.0337,0.000819,0.00139,0.0762,0.448,89.23,4
spotify:track:2R6UrJ8uWbSIiHWmvRQvN8,"Whiskey In The Jar","Garage Inc.","Metallica",1998-01-01,304693,75,false,,2020-03-11T13:23:16Z,"metal,thrash metal,rock,heavy metal,hard rock","Blackened Recordings / Universal Music",0.511,0.97,10,-3.72,1,0.0414,0.0000056,0.00136,0.18,0.566,132.986,4
spotify:track:4aYLAF6ckQ5ooGGGM7sWAa,"The Unforgiven","Metallica","Metallica",1991-08-12,386493,10,false,,2020-03-11T13:23:14Z,"metal,thrash metal,rock,heavy metal,hard rock","Blackened Recordings / Universal Music",0.54,0.584,7,-9.579,1,0.0254,0.0108,0.00296,0.253,0.244,139.261,4
spotify:track:5IX4TbIR5mMHGE4wiWwKW0,"One","...And Justice For All","Metallica",1988-08-25,447440,8,false,,2020-03-11T13:23:14Z,"metal,thrash metal,rock,heavy metal,hard rock","Blackened Recordings / Universal Music",0.437,0.695,7,-9.447,1,0.0617,0.00111,0.0857,0.124,0.413,102.178,3
spotify:track:5sICkBXVmaCQk5aISGR3x1,"Enter Sandman","Metallica","Metallica",1991-08-12,331266,17,false,,2020-03-11T13:23:12Z,"metal,thrash metal,rock,heavy metal,hard rock","Blackened Recordings / Universal Music",0.577,0.828,6,-8.691,0,0.0298,0.00213,0.0114,0.0581,0.604,123.257,4
spotify:track:2MuWTIM3b0YEAskbeeFE1i,"Master Of Puppets","Master Of Puppets (Remastered)","Metallica",1986-03-03,515386,81,false,,2020-03-11T13:23:12Z,"metal,thrash metal,rock,heavy metal,hard rock","Blackened Recordings / Universal Music",0.543,0.836,4,-9.11,0,0.0353,0.000647,0.431,0.153,0.56,105.173,4
spotify:track:0nLiqZ6A27jJri2VCalIUs,"Nothing Else Matters","Metallica","Metallica",1991-08-12,388266,14,false,,2020-03-11T13:23:10Z,"metal,thrash metal,rock,heavy metal,hard rock","Blackened Recordings / Universal Music",0.553,0.362,4,-11.218,0,0.0263,0.0458,0.00000601,0.075,0.158,142.352,3
spotify:track:111SaDBbcHW0zedi4RBHDp,"You Probably Couldn't See For The Lights But You Were Staring Straight At Me","Whatever People Say I Am, That's What I'm Not","Arctic Monkeys",2006-01-29,130813,57,false,,2020-03-11T13:23:09Z,"indie,garage rock","Domino Recording Co",0.58,0.972,11,-4.274,0,0.0589,0.00384,0,0.296,0.926,105.492,4
spotify:track:56GFlp1dkt7dw56pQdTwqW,"Red Light Indicates Doors Are Secured","Whatever People Say I Am, That's What I'm Not","Arctic Monkeys",2006-01-29,143626,57,false,,2020-03-11T13:23:07Z,"indie,garage rock","Domino Recording Co",0.622,0.846,11,-4.831,0,0.0311,0.00316,0,0.0989,0.914,110.683,4
spotify:track:4wMR4fRKMTyUJG6VAsmccv,"Riot Van","Whatever People Say I Am, That's What I'm Not","Arctic Monkeys",2006-01-29,134933,60,false,,2020-03-11T13:23:04Z,"indie,garage rock","Domino Recording Co",0.593,0.333,9,-14.342,1,0.046,0.358,0,0.245,0.258,103.537,4
spotify:track:7BuzJmV2h6eBbSDdRaDY7C,"Fake Tales Of San Francisco","Whatever People Say I Am, That's What I'm Not","Arctic Monkeys",2006-01-29,177946,64,true,,2020-03-11T13:23:03Z,"indie,garage rock","Domino Recording Co",0.454,0.778,9,-4.225,1,0.0449,0.00998,0,0.0427,0.704,127.158,4
spotify:track:6Slvi85s1hIaeykjvDe1xk,"Perhaps Vampires Is A Bit Strong But…","Whatever People Say I Am, That's What I'm Not","Arctic Monkeys",2006-01-29,268626,56,false,,2020-03-11T13:23:03Z,"indie,garage rock","Domino Recording Co",0.371,0.914,11,-4.917,0,0.081,0.000293,0.0000875,0.0852,0.394,134.982,4
spotify:track:2vQQfWTanvD99OeHLAoyhW,"From The Ritz To The Rubble","Whatever People Say I Am, That's What I'm Not","Arctic Monkeys",2006-01-29,193426,67,false,,2020-03-11T13:23:02Z,"indie,garage rock","Domino Recording Co",0.216,0.882,11,-5.176,0,0.0439,0.00147,0,0.308,0.656,189.286,4
spotify:track:5eyTC5GZzpzlN7YRO9AoPf,"The View From The Afternoon","Whatever People Say I Am, That's What I'm Not","Arctic Monkeys",2006-01-29,222946,61,false,,2020-03-11T13:23:00Z,"indie,garage rock","Domino Recording Co",0.387,0.922,9,-5.192,0,0.0674,0.00487,0,0.187,0.417,146.478,4
spotify:track:0hAMkY2kwdXPPDfQ1e3BmJ,"Dancing Shoes","Whatever People Say I Am, That's What I'm Not","Arctic Monkeys",2006-01-29,141133,62,false,,2020-03-11T13:22:59Z,"indie,garage rock","Domino Recording Co",0.522,0.889,1,-4.137,1,0.0461,0.00328,0,0.345,0.852,144.499,4
spotify:track:3czdA0j4iaLDJJCoT5D8iP,"Don't Sit Down 'Cause I've Moved Your Chair","Suck It and See","Arctic Monkeys",2011-06-06,183506,58,false,,2020-03-11T13:22:58Z,"indie,garage rock","Domino Recording Co",0.434,0.912,9,-5.148,1,0.0451,0.0191,0.278,0.326,0.315,119.729,4
spotify:track:5bsnLiT00hG37qd8p2jdVl,"Cornerstone","Humbug","Arctic Monkeys",2009-08-20,197973,67,false,,2020-03-11T13:22:58Z,"indie,garage rock","Domino Recording Co",0.287,0.721,9,-5.81,1,0.0387,0.00764,0,0.328,0.763,169.252,4
spotify:track:0eDQj41kzBhMKQIkTt6OJR,"A Certain Romance","Whatever People Say I Am, That's What I'm Not","Arctic Monkeys",2006-01-29,331200,64,false,,2020-03-11T13:22:57Z,"indie,garage rock","Domino Recording Co",0.455,0.881,11,-5.587,1,0.0401,0.000566,0.0000606,0.11,0.201,137.949,4
spotify:track:6wVWJl64yoTzU27EI8ep20,"Crying Lightning","Humbug","Arctic Monkeys",2009-08-20,224826,70,false,,2020-03-11T13:22:56Z,"indie,garage rock","Domino Recording Co",0.498,0.885,4,-4.423,0,0.0461,0.0148,0.00041,0.239,0.67,106.719,4
spotify:track:2fyIS6GXMgUcSv4oejx63f,"Mardy Bum","Whatever People Say I Am, That's What I'm Not","Arctic Monkeys",2006-01-29,175440,72,false,,2020-03-11T13:22:55Z,"indie,garage rock","Domino Recording Co",0.634,0.599,2,-5.447,1,0.0365,0.0288,0,0.197,0.312,112.215,4
spotify:track:3DQVgcqaP3iSMbaKsd57l5,"I Bet You Look Good On The Dancefloor","Whatever People Say I Am, That's What I'm Not","Arctic Monkeys",2006-01-29,173680,72,false,,2020-03-11T13:22:53Z,"indie,garage rock","Domino Recording Co",0.535,0.948,6,-4.19,0,0.0356,0.00225,0,0.376,0.778,103.183,4
spotify:track:0NdTUS4UiNYCNn5FgVqKQY,"Snap Out Of It","AM","Arctic Monkeys",2013-09-09,193030,79,false,,2020-03-11T13:22:52Z,"indie,garage rock","Domino Recording Co",0.728,0.638,5,-6.455,0,0.0336,0.249,0,0.116,0.872,130.014,4
spotify:track:2zzLRQ78kKfPTx8FJQCdC2,"When The Sun Goes Down","Whatever People Say I Am, That's What I'm Not","Arctic Monkeys",2006-01-29,202133,72,true,,2020-03-11T13:22:51Z,"indie,garage rock","Domino Recording Co",0.348,0.875,11,-4.758,0,0.199,0.0341,0,0.117,0.407,169.152,4
spotify:track:5XeFesFbtLpXzIVDNQP22n,"I Wanna Be Yours","AM","Arctic Monkeys",2013-09-09,183956,92,false,,2020-03-11T13:22:50Z,"indie,garage rock","Domino Recording Co",0.464,0.417,0,-9.345,0,0.0256,0.136,0.022,0.0974,0.479,67.528,4
spotify:track:2x8evxqUlF0eRabbW2JBJd,"Fluorescent Adolescent","Favourite Worst Nightmare","Arctic Monkeys",2007-04-22,183893,77,false,,2020-03-11T13:22:49Z,"indie,garage rock","Domino Recording Co",0.654,0.828,1,-5.377,0,0.0281,0.00146,0.000144,0.122,0.79,112.056,4
spotify:track:7nzsY8vlnKdvGOEE0rjAXZ,"Arabella","AM","Arctic Monkeys",2013-09-09,207356,76,false,,2020-03-11T13:22:49Z,"indie,garage rock","Domino Recording Co",0.579,0.558,2,-6.986,1,0.0895,0.0202,0.00000126,0.212,0.506,179.949,4
spotify:track:5FVd6KXrgO9B3JPmC8OPst,"Do I Wanna Know?","AM","Arctic Monkeys",2013-09-09,272394,87,false,,2020-03-11T13:22:47Z,"indie,garage rock","Domino Recording Co",0.548,0.532,5,-7.596,1,0.0323,0.186,0.000263,0.217,0.405,85.03,4
spotify:track:1Znlc3UZAbSodFaMBjdpsX,"love yourself (interlude)","?","XXXTENTACION",2018-03-16,48422,55,true,,2020-03-11T13:22:32Z,"emo rap","Bad Vibes Forever, LLC",0.746,0.338,11,-13.472,0,0.109,0.674,0.000375,0.529,0.469,120.053,4
spotify:track:05bnEv2dpFzmGVLGdjD9UP,"Orlando","17","XXXTENTACION",2017-08-25,163840,59,true,,2020-03-11T13:22:29Z,"emo rap","Bad Vibes Forever / EMPIRE",0.57,0.0279,1,-22.282,1,0.0588,0.859,0.0892,0.254,0.28,84.902,4
spotify:track:2UwbhMie1EAYuTZ0QXeMwl,"Save Me","17","XXXTENTACION",2017-08-25,163201,70,true,,2020-03-11T13:22:27Z,"emo rap","Bad Vibes Forever / EMPIRE",0.731,0.204,9,-11.314,0,0.0369,0.307,0.0109,0.0989,0.191,142.141,4
spotify:track:5TXDeTFVRVY7Cvt0Dw4vWW,"Revenge","17","XXXTENTACION",2017-08-25,120026,82,true,,2020-03-11T13:22:25Z,"emo rap","Bad Vibes Forever / EMPIRE",0.746,0.251,11,-16.169,0,0.259,0.782,0.00203,0.106,0.18,139.999,4
spotify:track:2yZax79pOrYuyIFVW2cZY2,"Carry On","17","XXXTENTACION",2017-08-25,129720,69,true,,2020-03-11T13:22:24Z,"emo rap","Bad Vibes Forever / EMPIRE",0.735,0.197,3,-13.378,0,0.537,0.768,0.000276,0.296,0.383,147.899,4
spotify:track:01TnVDiet1DFTsyWKUKovl,"NUMB","?","XXXTENTACION",2018-03-16,186267,76,false,,2020-03-11T13:22:22Z,"emo rap","Bad Vibes Forever, LLC",0.414,0.416,11,-8.024,0,0.0251,0.1,0.179,0.131,0.196,159.91,4
spotify:track:06SzxHiKstZ859RmekMlJx,"bubb1e 9um","23 6451","thasup",2019-11-15,118717,39,true,,2020-03-11T13:22:05Z,"italian trap","Epic",0.808,0.754,6,-7.364,0,0.111,0.0296,0,0.342,0.645,128.042,4
spotify:track:75UNZ7tjYzsoTMgmpWdzw6,"pers0na2 - feat. Gemitaiz, Madman","23 6451","thasup;Gemitaiz;MadMan",2019-11-15,251511,44,true,,2020-03-11T13:22:04Z,"italian trap","Epic",0.682,0.79,7,-5.15,0,0.0723,0.189,0,0.115,0.676,122.99,4
spotify:track:5Bjp0v6Pi3AS8PzZQG2nrg,"gua10 - feat. Lazza","23 6451","thasup;Lazza",2019-11-15,177223,41,true,,2020-03-11T13:22:02Z,"italian trap,concerto","Epic",0.658,0.756,1,-5.063,1,0.143,0.0519,0,0.0399,0.664,153.913,4
spotify:track:2lcX7to2eZFOkVCJjSwdAz,"parano1a k1d - feat. Fabri Fibra","23 6451","thasup;Fabri Fibra",2019-11-15,144098,37,true,,2020-03-11T13:22:02Z,"italian trap,concerto","Epic",0.687,0.742,11,-6.683,0,0.178,0.132,0.000148,0.118,0.768,100.927,4
spotify:track:7KksdXBhdufqWDxGxyt4I7,"no14 - feat. Dani Faiv","23 6451","thasup;Dani Faiv",2019-11-15,176440,46,true,,2020-03-11T13:22:01Z,"italian trap","Epic",0.621,0.694,10,-7.773,0,0.0987,0.214,0.00000213,0.155,0.644,90.059,4
spotify:track:5Qy9jtZdxUnFXmgPp3u5VZ,"oh 9od - feat. Nayt","23 6451","thasup;nayt",2019-11-15,204467,56,true,,2020-03-11T13:22:00Z,"italian trap,concerto","Epic",0.761,0.714,0,-5.312,0,0.134,0.155,0.00000858,0.256,0.737,143.016,4
spotify:track:3vPXCd0uNm66sbDEDG5Vwd,"m8nstar","23 6451","thasup",2019-11-15,164825,48,false,,2020-03-11T13:21:59Z,"italian trap","Epic",0.58,0.758,4,-6.448,0,0.044,0.0548,0,0.114,0.437,164.924,4
spotify:track:5zYSf28jARgmMwk8FIaHnI,"6itch remix - feat. Nitro","23 6451","thasup;Nitro",2019-11-15,150753,42,true,,2020-03-11T13:21:57Z,"italian trap","Epic",0.699,0.883,10,-6.029,0,0.137,0.057,0,0.222,0.683,88.546,4
spotify:track:1V7hvLe3fpZTMoqKLkBDgW,"scuol4","23 6451","thasup",2019-11-15,169588,50,true,,2020-03-11T13:21:56Z,"italian trap","Epic",0.696,0.7,2,-5.573,1,0.0663,0.143,0,0.0431,0.771,136.207,4
spotify:track:5tlRHNdTy4la5CuTkbYeQE,"come fa1","23 6451","thasup",2019-11-15,128774,46,true,,2020-03-11T13:21:55Z,"italian trap","Epic",0.649,0.562,0,-7.194,0,0.0465,0.147,0.0000577,0.169,0.347,128.039,4
spotify:track:5nL0vuUo0oBm26obUe5Ogu,"2ollipop","23 6451","thasup",2019-11-15,149305,44,true,,2020-03-11T13:21:55Z,"italian trap","Epic",0.768,0.756,7,-5.402,1,0.0988,0.31,0,0.0745,0.856,160.049,4
spotify:track:0I26eEAwEoii0wHuFqwhYO,"sw1n6o - feat. Salmo","23 6451","thasup;Salmo",2019-11-15,184037,48,true,,2020-03-11T13:21:53Z,"italian trap,concerto","Epic",0.569,0.828,0,-5.554,0,0.0857,0.122,0.00000705,0.785,0.786,169.982,4
spotify:track:0wUgl8594IkO3YtjHM1nd4,"Faraway","Midnite (Deluxe Version)","Salmo",2013-06-30,199600,0,true,,2020-03-11T13:21:33Z,"italian trap,concerto","Tanta Roba",0.566,0.852,4,-6.096,0,0.244,0.201,0.0000934,0.0587,0.509,139.881,4
spotify:track:4Nc1FDBI1NUiN48MjTiXEi,"HO PAURA DI USCIRE","Playlist","Salmo",2018-11-09,197746,46,true,,2020-03-11T13:21:32Z,"italian trap,concerto","Epic",0.631,0.883,0,-4.356,1,0.388,0.064,0,0.0872,0.585,120.079,4
spotify:track:3ibnXjXTxiQQVJsoCffeo3,"ORA CHE FAI?","Playlist","Salmo",2018-11-09,130506,39,true,,2020-03-11T13:21:32Z,"italian trap,concerto","Epic",0.707,0.732,1,-7.646,1,0.132,0.0274,0,0.214,0.663,157.977,4
spotify:track:3ujbs8yNcK4yp49UzA8HDl,"L'alba","Hellvisback","Salmo",2016-02-05,176746,49,false,,2020-03-11T13:21:31Z,"italian trap,concerto","Epic",0.711,0.677,1,-9.783,1,0.0769,0.101,0.0525,0.1,0.566,140.091,4
spotify:track:5s9Vg4g8eE7UJ4tEd4aKif,"7 am","Hellvisback","Salmo",2016-02-05,147106,43,false,,2020-03-11T13:21:30Z,"italian trap,concerto","Epic",0.505,0.799,1,-8.383,1,0.293,0.0103,0.0000107,0.301,0.646,126.216,5
spotify:track:30jHB9ntxIMbudXWRtRAHl,"Bentley vs Cadillac (feat. Travis Barker)","Hellvisback","Salmo;Travis Barker",2016-02-05,202693,37,false,,2020-03-11T13:21:28Z,"italian trap,concerto,rap rock","Epic",0.468,0.888,8,-5.613,1,0.317,0.0453,0,0.124,0.222,154.143,4
spotify:track:2fkVZYFv9hOejIsLzZy8ad,"IL CIELO NELLA STANZA (feat. NSTASIA)","Playlist","Salmo;NSTASIA",2018-11-09,186213,66,true,,2020-03-11T13:21:27Z,"italian trap,concerto","Epic",0.755,0.501,1,-9.551,1,0.189,0.0867,0.00000145,0.146,0.267,134.998,4
spotify:track:4Yr7z1MFiI2D3QnldF107i,"PERDONAMI","Playlist","Salmo",2018-11-09,134413,51,true,,2020-03-11T13:21:27Z,"italian trap,concerto","Epic",0.704,0.745,6,-4.722,1,0.272,0.0699,0,0.0877,0.606,76.592,4
spotify:track:4spkZ6gRKh827yp6JI6TN1,"SPARARE ALLA LUNA (feat. Coez)","Playlist","Salmo;Coez",2018-11-09,211666,45,true,,2020-03-11T13:21:25Z,"italian trap,concerto,indie","Epic",0.732,0.681,4,-7.665,0,0.259,0.381,0.000177,0.111,0.151,85.041,4
spotify:track:7wC76LWyNxaP3hjGzbWOcN,"CABRIOLET (feat. Sfera Ebbasta)","Playlist","Salmo;Sfera Ebbasta",2018-11-09,185573,53,true,,2020-03-11T13:21:24Z,"italian trap,concerto,trap","Epic",0.548,0.531,0,-7.436,1,0.264,0.15,0.0000105,0.0919,0.309,150.058,4
spotify:track:2sCkQ5AoGNKy0urYd2E3BT,"RICCHI E MORTI","Playlist","Salmo",2018-11-09,138240,43,true,,2020-03-11T13:21:22Z,"italian trap,concerto","Epic",0.863,0.901,5,-5.244,0,0.303,0.152,0,0.526,0.584,125.009,4
spotify:track:2rgOAX5Cj3pk8JFnaPwJbd,"STAI ZITTO (feat. Fabri Fibra)","Playlist","Salmo;Fabri Fibra",2018-11-09,202573,54,true,,2020-03-11T13:21:20Z,"italian trap,concerto","Epic",0.705,0.796,6,-5.214,1,0.295,0.0917,0,0.335,0.909,100.196,4
spotify:track:3Ls9yKzshQye18Tx2AvOb6,"90MIN","Playlist","Salmo",2018-11-09,231920,58,true,,2020-03-11T13:21:19Z,"italian trap,concerto","Epic",0.549,0.765,1,-5.138,1,0.309,0.0253,0,0.855,0.513,122.002,4
spotify:track:5as7xdsoQowstUr16TdWsq,"Hellvisback","Hellvisback","Salmo",2016-02-05,276133,40,false,,2020-03-11T13:21:19Z,"italian trap,concerto","Epic",0.48,0.869,2,-6.006,1,0.234,0.0159,0,0.144,0.335,94.122,4
spotify:track:4Rl6JXohwpj0pqwl1TwTAk,"Domani","Routine EP","Shiva",2020-01-31,197280,46,true,,2020-03-11T13:21:06Z,"italian trap,concerto","Jive",0.855,0.8,11,-6.012,0,0.302,0.00804,0,0.109,0.569,130.035,4
spotify:track:6QZqTHoe5BSdOTMllulIv1,"Allenamento #3","Allenamento #3","Capo Plaza;AVA;Mojobeatz",2017-03-13,166404,54,true,,2020-03-11T13:21:05Z,"italian trap,trap","Plaza Music Srl",0.686,0.574,1,-8.304,1,0.375,0.153,0,0.289,0.232,150.075,4
spotify:track:18czZN7uruOjftj71Kt8oj,"PAID MY DUES","PAID MY DUES","NF",2019-12-03,211643,51,false,,2020-03-11T13:20:58Z,"christian hip hop","NF Real Music",0.812,0.784,2,-4.208,1,0.248,0.136,0,0.109,0.38,145.995,4
spotify:track:1btqyuIbblznPmuKKrYAhJ,"Cavolo (feat. Samuel Heron)","AHAHAH","G.bit;Samuel Heron",2018-05-25,135071,0,true,,2020-03-11T13:20:32Z,"italian trap","WM Italy",0.866,0.793,1,-2.981,1,0.152,0.118,0,0.0441,0.541,136.063,4
spotify:track:7rYlGT75z1srGu5i8wuTwF,"Le focaccine dell'Esselunga","Le focaccine dell'Esselunga","OEL",2017-06-24,140309,0,false,,2020-03-11T13:20:27Z,"","CCH Records",0.748,0.633,9,-7.924,0,0.0996,0.126,0,0.152,0.257,117.985,4
spotify:track:2a3Pn75MvPoBqb0HsIDqgU,"Broccolo","Broccolo","Jesto",2016-12-23,254207,0,false,,2020-03-11T13:20:25Z,"italian trap","Limited Music Trade",0.973,0.655,8,-2.286,1,0.0565,0.303,0,0.118,0.843,120.01,4
spotify:track:0rh3Jy7GVH7rFSZC38jjut,"Rap2s","Raptus, Vol. 2","nayt",2017-06-27,160941,0,false,,2020-03-11T13:20:13Z,"italian trap,concerto","VNT1 Records",0.529,0.717,2,-9.606,1,0.0619,0.2,0,0.276,0.48,84.963,4
spotify:track:6DuaLPP9WpaRObuVdZ8Kcs,"Animal","Raptus 3","nayt;3D",2019-03-15,127066,37,true,,2020-03-11T13:20:12Z,"italian trap,concerto","Jive",0.764,0.741,10,-7.107,0,0.0649,0.223,0,0.426,0.833,130.136,4
spotify:track:6B65Mll1oQmmTrpgK1DKM0,"Exit","Raptus 3","nayt;3D",2019-03-15,131626,40,true,,2020-03-11T13:20:10Z,"italian trap,concerto","Jive",0.782,0.487,11,-8.362,0,0.0495,0.12,0,0.241,0.311,129.944,4
spotify:track:3uRsF8kteU4tahegykQL73,"Brutti sogni","Raptus 3","nayt;3D",2019-03-15,177133,38,true,,2020-03-11T13:20:04Z,"italian trap,concerto","Jive",0.655,0.815,0,-7.804,0,0.245,0.139,0.00000645,0.109,0.454,78.245,4
spotify:track:6tgQxjeSlrP4J6jjYfjb7R,"La mia voce","Raptus 3","nayt;3D",2019-03-15,176760,40,true,,2020-03-11T13:20:03Z,"italian trap,concerto","Jive",0.653,0.422,2,-11.823,1,0.238,0.283,0.000108,0.109,0.191,77.509,4
spotify:track:0cuDDUNIujxFND0yJp2Px5,"Sabato sera","Ogni maledetto giorno (Deluxe Edition)","Mostro",2017-09-01,260000,17,true,,2020-03-11T13:17:47Z,"italian trap","Honiro",0.69,0.479,9,-10.8,0,0.493,0.484,0,0.342,0.461,83.384,3
spotify:track:3FotmrKkVnYCgRLZuFn1sH,"Niente di me","Ogni maledetto giorno (Inferno Edition)","Mostro",2018-05-11,198000,11,true,,2020-03-11T13:17:45Z,"italian trap","Honiro",0.518,0.89,3,-7.493,1,0.496,0.0383,0,0.229,0.349,118.573,4
spotify:track:3rhvUijV8sTacu0jKk2mRu,"E fumo ancora","Ogni maledetto giorno (Deluxe Edition)","Mostro",2017-09-01,233250,19,true,,2020-03-11T13:17:43Z,"italian trap","Honiro",0.478,0.657,8,-8.706,1,0.468,0.162,0,0.105,0.246,92.319,4
spotify:track:4prmufBl4kEZrlGvUuBSsH,"Poison","Ogni maledetto giorno (Deluxe Edition)","Mostro",2017-09-01,112168,11,true,,2020-03-11T13:17:41Z,"italian trap","Honiro",0.563,0.843,2,-6.481,1,0.262,0.1,0,0.142,0.361,131.236,5
spotify:track:2M4p1aS71ZH76bMgQTU0LY,"Extraterrestri (feat. Priestess)","Back Home","MadMan;Priestess",2018-02-02,207124,32,false,,2020-03-11T13:17:30Z,"italian trap","Universal Music Italia srL.",0.878,0.702,11,-5.372,1,0.132,0.339,0,0.183,0.349,112.014,4
spotify:track:2KRB4s0DzcOBU1GR4J0bkb,"Hollywood (feat. Gemitaiz)","Back Home","MadMan;Gemitaiz",2018-02-02,199553,41,false,,2020-03-11T13:17:29Z,"italian trap","Universal Music Italia srL.",0.813,0.732,8,-5.27,1,0.2,0.236,0,0.339,0.509,111.92,4
spotify:track:0XgFjNOKo4AlscZBJdZh8v,"Queen Rmx (feat. Geolier)","MM Vol. 3","MadMan;Geolier",2019-02-01,182727,45,false,,2020-03-11T13:17:28Z,"italian trap,canzone napoletana,concerto,neomelodico","Universal Music Italia srL.",0.782,0.67,8,-7.59,1,0.068,0.0364,0,0.0737,0.537,141.972,4
spotify:track:5VaaARS0gXiL4ysFlTgAiz,"Fuori Piove","MM Vol. 3","MadMan",2019-02-01,186000,35,false,,2020-03-11T13:17:27Z,"italian trap","Universal Music Italia srL.",0.784,0.721,8,-6.294,1,0.228,0.225,0,0.0803,0.248,89.016,4
spotify:track:02jxUVBnihub7LKkcjadFI,"7/8 Sour","MM Vol. 3","MadMan",2019-02-01,163027,33,false,,2020-03-11T13:17:26Z,"italian trap","Universal Music Italia srL.",0.929,0.712,0,-3.874,0,0.144,0.0782,0,0.0835,0.257,132.117,4
spotify:track:1ycMW5JWaH4vzzp5dSgUWq,"Uova D'Oro (feat. Lil Pin & Mattaman)","MM Vol. 3","MadMan;Lil' Pin;Mattaman",2019-02-01,213063,27,false,,2020-03-11T13:17:26Z,"italian trap","Universal Music Italia srL.",0.829,0.778,8,-4.708,0,0.114,0.0304,0,0.372,0.374,124.06,4
spotify:track:7mVV2Rb9IpbsklRP9Mfz11,"Numeri","MM Vol. 3","MadMan",2019-02-01,132950,40,false,,2020-03-11T13:17:24Z,"italian trap","Universal Music Italia srL.",0.886,0.7,1,-3.863,1,0.294,0.237,0,0.138,0.286,96.101,4
spotify:track:65qZmnEjaadebCi68eNLiZ,"Supernova (feat. Emis Killa)","MM Vol. 3","MadMan;Emis Killa",2019-02-01,226704,39,true,,2020-03-11T13:17:24Z,"italian trap","Universal Music Italia srL.",0.697,0.783,9,-5.234,0,0.114,0.133,0,0.197,0.532,80.053,4
spotify:track:5Ev5WYvReWx5ScH5iYUjem,"Ludovico","MM Vol. 3","MadMan",2019-02-01,135136,31,false,,2020-03-11T13:17:23Z,"italian trap","Universal Music Italia srL.",0.835,0.832,2,-3.615,1,0.0735,0.109,0,0.328,0.458,114.754,4
spotify:track:3tq3ExOHhDMT9WkOWF7Quv,"Intro (Madman/MM Vol.2)","MM Vol. 2","MadMan",2016-11-11,131447,42,false,,2020-03-11T13:17:22Z,"italian trap","Universal Music Italia srL.",0.641,0.835,11,-7.059,0,0.0784,0.108,0,0.289,0.04,75.735,4
spotify:track:6DGl9TtxYTpMFrmZa1mwEz,"Centro (feat. Coez)","Back Home","MadMan;Coez",2018-02-02,184304,53,false,,2020-03-11T13:17:21Z,"italian trap,concerto,indie","Universal Music Italia srL.",0.57,0.715,9,-5.973,0,0.113,0.291,0,0.358,0.296,117.239,4
spotify:track:2KYNafAvV9fnfdbLChvGFv,"Successo","Back Home","MadMan",2018-02-02,199200,39,false,,2020-03-11T13:17:19Z,"italian trap","Universal Music Italia srL.",0.701,0.918,7,-5.547,1,0.26,0.143,0,0.102,0.551,179.917,3
spotify:track:6tjh0rSgnW08GjARIytMkF,"Niente Proprio","Back Home","MadMan",2018-02-02,177061,35,false,,2020-03-11T13:17:18Z,"italian trap","Universal Music Italia srL.",0.764,0.697,9,-7.242,0,0.0392,0.574,0,0.133,0.577,125.981,4
spotify:track:4DNCsZEIPuiYYT8MHMSEFh,"Trapano","Back Home","MadMan",2018-02-02,173188,40,false,,2020-03-11T13:17:18Z,"italian trap","Universal Music Italia srL.",0.783,0.848,8,-4.545,1,0.147,0.265,0,0.172,0.244,147.014,4
spotify:track:18MvE9vPGeXNbHcml7rgiw,"Brillo (feat. Madman & Gemitaiz)","Bellaria","Vegas Jones;MadMan;Gemitaiz",2018-03-23,221386,39,false,,2020-03-11T13:17:04Z,"italian trap","Universal Music Italia srL.",0.824,0.535,5,-9.371,0,0.232,0.0387,0.0000555,0.113,0.374,150.004,4
spotify:track:0sScDZadH7GzZFNeimkOJS,"Happy Days - Instrumental","Album (Instrumentals)","Ghali",2017-11-01,199322,0,false,,2020-03-11T13:16:49Z,"italian trap","Sto Records",0.814,0.678,3,-7.438,0,0.0428,0.00683,0.857,0.0957,0.423,117.984,4
spotify:track:6gAySqc7QK27KEASxmc7Ag,"Borsello (feat. Sfera Ebbasta & DrefGold)","Sinatra","Guè;Sfera Ebbasta;DrefGold",2018-09-14,202826,0,false,,2020-03-11T13:16:02Z,"italian trap,concerto,trap","Universal Music Italia srL.",0.77,0.584,2,-7.453,0,0.226,0.36,0,0.208,0.625,154.028,4
spotify:track:4SZepBIPDRwPaHIjAKwRDb,"R.I.P. SCREW","ASTROWORLD","Travis Scott",2018-08-03,185610,65,true,,2020-03-11T13:16:01Z,"rap","Cactus Jack / Epic",0.607,0.609,0,-5.978,0,0.291,0.389,0.000016,0.111,0.556,74.946,4
spotify:track:6rPO02ozF3bM7NnOV4h6s2,"Despacito - Remix","Despacito Feat. Justin Bieber (Remix)","Luis Fonsi;Daddy Yankee;Justin Bieber",2017-04-17,228826,71,false,,2020-03-11T13:15:57Z,"latin,reggaeton","Republic/UMLE",0.653,0.816,2,-4.353,1,0.167,0.228,0,0.0967,0.816,178.085,4
spotify:track:4kpAz34vx3pPPGaKdD3j6Q,"S.A.L.M.O.","Midnite (Deluxe Version)","Salmo",2013-06-30,235920,0,true,,2020-03-11T13:15:56Z,"italian trap,concerto","Tanta Roba",0.534,0.888,11,-6.235,0,0.352,0.0496,0.00000238,0.191,0.773,85.791,4
spotify:track:28TcsNlcyNiaSvsUhTznzs,"Salsa","Back Home","MadMan",2018-02-02,227682,38,false,,2020-03-11T13:15:17Z,"italian trap","Universal Music Italia srL.",0.587,0.802,10,-5.299,0,0.096,0.192,0.00000405,0.0828,0.154,112.941,3
spotify:track:0OU4v07h5oT26f4zmxzddH,"1984","Hellvisback","Salmo",2016-02-05,249613,55,false,,2020-03-11T13:15:02Z,"italian trap,concerto","Epic",0.703,0.764,8,-4.532,1,0.29,0.225,0,0.158,0.746,89.818,4
spotify:track:4r5UxusxMzRnek2aebchNb,"Storie","Back Home","MadMan",2018-02-02,164625,50,false,,2020-03-11T13:14:36Z,"italian trap","Universal Music Italia srL.",0.73,0.654,10,-6.555,0,0.116,0.543,0,0.0853,0.436,124.976,4
spotify:track:50Vy6DvEWNLDaQV5j9TdDS,"Trap Phone (feat. Capo Plaza)","Sinatra","Guè;Capo Plaza",2018-09-14,200533,0,true,,2020-03-11T13:14:34Z,"italian trap,concerto,trap","Universal Music Italia srL.",0.749,0.664,1,-5.414,0,0.0591,0.11,0,0.296,0.248,118.032,4
spotify:track:32ZZUJbTGbh7kc3UBbxtUD,"The Dark Side of the Mood","Suicidol Post Mortem","Nitro",2016-06-03,233813,22,true,,2020-03-11T13:14:32Z,"italian trap","Epic",0.767,0.639,8,-5.763,1,0.233,0.0845,0,0.0719,0.396,119.989,4
spotify:track:2AT8iROs4FQueDv2c8q2KE,"R U Mine?","AM","Arctic Monkeys",2013-09-09,201726,81,false,,2020-03-11T13:14:32Z,"indie,garage rock","Domino Recording Co",0.288,0.758,6,-5.692,0,0.0371,0.00616,0,0.303,0.619,97.094,4
spotify:track:2XTquzYQAdT1Hk78bOUwsv,"Greatest","Kamikaze","Eminem",2018-08-31,226937,57,true,,2020-03-11T13:14:08Z,"rap,hip hop","Eminem Catalog PS",0.809,0.737,1,-5.186,1,0.108,0.0441,0,0.341,0.367,80.025,4
spotify:track:7xBe1RY0BRLcLC2ztbJACK,"Solo Con Me","MM Vol. 2","MadMan",2016-11-11,189850,36,false,,2020-03-11T13:13:56Z,"italian trap","Universal Music Italia srL.",0.692,0.633,4,-8.593,0,0.255,0.12,0,0.495,0.288,134.106,4
spotify:track:0w0VaUoq4FPY6VuwujBoET,"Valzer","Valzer","JUNIOR CALLY",2018-06-26,163863,0,false,,2020-03-11T13:13:51Z,"italian trap","Sugar Music",0.709,0.725,7,-5.152,0,0.049,0.146,0,0.0923,0.322,132.014,4
spotify:track:2jt2WxXMCD4zjACthkJQVE,"The Ringer","Kamikaze","Eminem",2018-08-31,337941,62,true,,2020-03-11T13:13:45Z,"rap,hip hop","Eminem Catalog PS",0.939,0.551,1,-9.126,1,0.291,0.0311,0,0.192,0.42,118.552,4
spotify:track:5wAArpW8e8QelgrJ8QyY3E,"Bolla Papale Freestyle","MM Vol. 2","MadMan",2016-11-11,126000,48,false,,2020-03-11T13:13:41Z,"italian trap","Universal Music Italia srL.",0.604,0.657,0,-7.271,0,0.307,0.19,0.00000483,0.122,0.396,159.988,4
spotify:track:21h2N6UKUYc5UzqSCbWJal,"Cazzo Mene","Lunga Vita a Sto","Ghali",2017-11-24,222009,0,true,,2020-03-11T13:13:27Z,"italian trap","Sto Records",0.726,0.627,10,-6.232,0,0.219,0.351,0,0.112,0.465,173.977,4
spotify:track:3r6uHDFhUuUJIGBHzBJPAq,"Voci","Lunga Vita a Sto","Ghali",2017-11-24,103448,0,true,,2020-03-11T13:13:26Z,"italian trap","Sto Records",0.788,0.722,1,-5.705,1,0.0364,0.000954,0.000048,0.0601,0.17,116.036,3
spotify:track:7GnoAoKulxKSSEu09Wgp8Y,"Boulevard","Album","Ghali",2017-05-26,207520,0,true,,2020-03-11T13:13:24Z,"italian trap","Sto Records",0.812,0.72,1,-5.627,0,0.0627,0.184,0.00000855,0.0836,0.523,132.041,4
spotify:track:7fnH68DwQVjg6NDW55FTQ4,"Sempre Me","Lunga Vita a Sto","Ghali",2017-11-24,194522,0,true,,2020-03-11T13:13:22Z,"italian trap","Sto Records",0.763,0.729,2,-5.254,1,0.198,0.385,0,0.0789,0.558,76.499,4
spotify:track:6oMxcHFSiTZPSYoRe9wFpF,"Pizza Kebab","Album","Ghali",2017-05-26,178040,0,true,,2020-03-11T13:13:21Z,"italian trap","Sto Records",0.708,0.776,4,-5.292,0,0.0402,0.307,0.00000879,0.115,0.361,143.045,4
spotify:track:3atDsUhlUgDlQQrI0XFh7I,"Cara Italia","Cara Italia","Ghali",2018-05-02,244324,57,true,,2020-03-11T13:13:20Z,"italian trap","WMI Italy",0.78,0.709,6,-7.059,0,0.0836,0.538,0.000362,0.112,0.711,111.038,4
spotify:track:1qBIn1ml2JFHFYUQkVQ8hs,"Marijuana","Lunga Vita a Sto","Ghali",2017-11-24,222233,0,true,,2020-03-11T13:13:19Z,"italian trap","Sto Records",0.764,0.689,7,-6.166,1,0.0341,0.0823,0.000144,0.14,0.0762,107.965,4
spotify:track:0Gtenx4y77nBKTEH31KiCv,"Wily Wily","Lunga Vita a Sto","Ghali",2017-11-24,236481,0,true,,2020-03-11T13:13:18Z,"italian trap","Sto Records",0.731,0.66,2,-7.1,1,0.0474,0.0805,0.00000208,0.152,0.39,134.044,4
spotify:track:3FLp4tu69GLt0KPizUhFsU,"Happy Days","Album","Ghali",2017-05-26,198120,0,true,,2020-03-11T13:13:16Z,"italian trap","Sto Records",0.77,0.815,10,-5.496,0,0.0566,0.0896,0.00488,0.0822,0.721,118.032,4
spotify:track:7amku1LgKC4YOqVdn1UEzV,"Lacrime","Album","Ghali",2017-05-26,227373,0,true,,2020-03-11T13:13:15Z,"italian trap","Sto Records",0.752,0.681,8,-5.703,0,0.243,0.566,0.00000123,0.126,0.609,131.949,4
spotify:track:1lwpe8mLgHhytakM7m6R3W,"Habibi","Album","Ghali",2017-05-26,184413,0,true,,2020-03-11T13:13:14Z,"italian trap","Sto Records",0.649,0.711,11,-6.924,0,0.103,0.145,0.0000033,0.0972,0.523,111.745,4
spotify:track:6QwcgyYWHB83EkUvz3XhDX,"Ricchi Dentro","Album","Ghali",2017-05-26,171026,0,true,,2020-03-11T13:13:13Z,"italian trap","Sto Records",0.878,0.642,4,-5.722,0,0.0552,0.457,0,0.106,0.705,141.963,4
spotify:track:3mUTbkV7xoVpoc4BWrGtlG,"Ninna Nanna","Album","Ghali",2017-05-26,237493,0,true,,2020-03-11T13:13:12Z,"italian trap","Sto Records",0.75,0.731,1,-5.05,0,0.0427,0.141,0,0.333,0.421,140.027,4
spotify:track:54okYiE93tpnJ44Y7NLL1q,"MOOKY","Day69: Graduation Day","6ix9ine",2018-04-10,148162,0,true,,2020-03-11T13:13:01Z,"","ScumGang Records / TenThousand Projects",0.66,0.876,9,-4.506,1,0.322,0.171,0,0.214,0.463,139.986,4
spotify:track:27oFpFktCq9JIXjJQRuv7a,"GOTTI","Day69: Graduation Day","6ix9ine",2018-04-10,166851,1,true,,2020-03-11T13:13:01Z,"","ScumGang Records / TenThousand Projects",0.728,0.584,10,-7.255,0,0.176,0.0524,0,0.0658,0.365,161.9,4
spotify:track:67FjUdrh4P0MrRczCVsbIT,"DOOWEE","Day69: Graduation Day","6ix9ine",2018-04-10,133058,0,true,,2020-03-11T13:12:59Z,"","ScumGang Records / TenThousand Projects",0.673,0.787,1,-4.515,1,0.285,0.027,0,0.352,0.472,138.068,4
spotify:track:0tYHqwTW4s6VuPWDSD7n7K,"KOODA","Day69: Graduation Day","6ix9ine",2018-04-10,142582,0,true,,2020-03-11T13:12:59Z,"","ScumGang Records / TenThousand Projects",0.885,0.641,1,-4.455,1,0.351,0.175,0,0.234,0.201,91.167,4
spotify:track:3p6JF5nt0bZOSgZRONNZp0,"RONDO","Day69: Graduation Day","6ix9ine;Tory Lanez;Young Thug",2018-04-10,138473,0,true,,2020-03-11T13:12:57Z,"rap,trap,melodic rap","ScumGang Records / TenThousand Projects",0.605,0.789,9,-4.833,0,0.288,0.053,0,0.735,0.731,189.866,4
spotify:track:5KhFaq45chTw8RGfWo8T8J,"BILLY","Day69: Graduation Day","6ix9ine",2018-04-10,112666,2,true,,2020-03-11T13:12:56Z,"","ScumGang Records / TenThousand Projects",0.764,0.711,4,-3.818,0,0.288,0.175,0,0.105,0.774,90.076,4
spotify:track:4HbiCvH1R7mVOJ7KY7JQBD,"GUMMO","Day69: Graduation Day","6ix9ine",2018-04-10,157643,1,true,,2020-03-11T13:12:56Z,"","ScumGang Records / TenThousand Projects",0.66,0.775,2,-4.926,1,0.172,0.0553,0,0.129,0.635,157.036,4
spotify:track:4MUWDcumkayvS2OiuizDOL,"Ai fantasmi","Tempo anima","Shiva",2017-01-27,293504,6,false,,2020-03-11T13:12:41Z,"italian trap,concerto","Honiro",0.383,0.832,2,-4.971,1,0.27,0.0526,0,0.11,0.37,81.012,4
spotify:track:19yFeB22CEasLQvkjVOWgk,"Buio","Tempo anima","Shiva",2017-01-27,198750,9,false,,2020-03-11T13:12:41Z,"italian trap,concerto","Honiro",0.49,0.779,9,-3.529,0,0.253,0.314,0,0.135,0.515,77.717,4
spotify:track:6ce9y1s448zP0H9CBdVw6m,"Barrio","Solo","Shiva;Oni One;Nerone",2018-03-26,266458,11,true,,2020-03-11T13:12:40Z,"italian trap,concerto","Honiro",0.697,0.811,8,-7.748,1,0.278,0.117,0,0.0952,0.468,95.302,3
spotify:track:3XdEzXpWRV24395S3T6ktZ,"Fuoco","Solo","Shiva",2018-03-26,179000,12,true,,2020-03-11T13:12:38Z,"italian trap,concerto","Honiro",0.602,0.61,9,-6.606,1,0.32,0.0391,0,0.115,0.17,108.784,4
spotify:track:2apEiaXH85KlumKHZ0bMUt,"Il mio nome","Solo","Shiva",2018-03-26,223500,11,true,,2020-03-11T13:12:37Z,"italian trap,concerto","Honiro",0.536,0.546,1,-7.434,1,0.0935,0.0453,0,0.12,0.0485,95.102,4
spotify:track:7pSZEJXyEz3jClqWHV7eJ6,"Osg15","Osg15","Cranio Randagio;Shiva;Ticky B;Bucha;SUERTE;Wazzy",2016-05-23,289615,10,true,,2020-03-11T13:12:36Z,"italian trap,concerto","Honiro Ent",0.691,0.66,2,-6.532,1,0.283,0.0458,0,0.229,0.19,78.01,4
spotify:track:4V8TeDQ1uuPetXlJMMtxIT,"Ragazzi miei","Solo","Shiva",2018-03-26,206000,13,true,,2020-03-11T13:12:30Z,"italian trap,concerto","Honiro",0.73,0.64,1,-6.213,0,0.415,0.0427,0,0.0932,0.418,102.176,4
spotify:track:2CI18uKNu7wcXmHNYyGosK,"Come No","Come No","Shiva",2018-11-21,134800,0,true,,2020-03-11T13:12:28Z,"italian trap,concerto","Guna",0.671,0.651,11,-7.953,1,0.429,0.198,0,0.126,0.802,149.907,4
spotify:track:3tJdJXyL1dSF3MtxqPZk7J,"24H (Piano Solo)","Re Mida (Aurum)","Lazza",2019-10-03,199852,36,true,,2020-03-11T13:12:00Z,"italian trap,concerto","Universal Music Italia srL.",0.7,0.548,10,-9.666,0,0.045,0.624,0,0.108,0.482,136.051,4
spotify:track:6jEmD5cp1KTGmfFgZwQGhC,"Netflix (Piano Solo)","Re Mida (Aurum)","Lazza",2019-10-03,157286,37,true,,2020-03-11T13:11:58Z,"italian trap,concerto","Universal Music Italia srL.",0.564,0.53,5,-10.109,0,0.061,0.798,0,0.166,0.74,192.237,4
spotify:track:2f9LCuUmf2kRQXgD3qrLu1,"Frio","Re Mida (Aurum)","Lazza",2019-10-03,129062,43,true,,2020-03-11T13:11:57Z,"italian trap,concerto","Universal Music Italia srL.",0.788,0.762,5,-4.225,1,0.0692,0.0298,0.00000444,0.0419,0.445,100.055,4
spotify:track:52rswvvm1GtT1T3vnFIY6o,"Ouver2re (Piano Solo)","Re Mida (Aurum)","Lazza",2019-10-03,113000,28,true,,2020-03-11T13:11:57Z,"italian trap,concerto","Universal Music Italia srL.",0.685,0.403,5,-14.373,0,0.112,0.559,0,0.174,0.785,129.619,4
spotify:track:4JDmBiVDC19xUtTi4ohrEJ,"Dry (La Mia Ora)","Re Mida (Aurum)","Lazza",2019-10-03,124714,41,true,,2020-03-11T13:11:56Z,"italian trap,concerto","Universal Music Italia srL.",0.805,0.65,1,-5.749,1,0.124,0.118,0.0000269,0.0602,0.703,87.007,4
spotify:track:0JX7XXuJCMI8E67zSAy6PR,"No Selfie (feat. Giaime)","Re Mida","Lazza;Giaime",2019-03-01,167840,37,true,,2020-03-11T13:11:54Z,"italian trap,concerto","Universal Music Italia srL.",0.72,0.713,0,-6.414,1,0.16,0.187,0,0.276,0.347,87.659,4
spotify:track:4uWcPi8woL8t949ejvHycP,"Zzala","Zzala","Lazza;Low Kidd",2017-04-14,184653,35,true,,2020-03-11T13:11:52Z,"italian trap,concerto","333 MOB Srl",0.447,0.636,10,-8.228,1,0.218,0.15,0.265,0.106,0.152,101.793,3
spotify:track:2lrwrae424IfClZuPe4O4g,"MOB (feat. Salmo & Nitro)","Zzala","Lazza;Low Kidd;Salmo;Nitro",2017-04-14,213613,47,true,,2020-03-11T13:11:52Z,"italian trap,concerto","333 MOB Srl",0.792,0.642,10,-9.164,0,0.294,0.207,0.0000576,0.12,0.386,99.889,4
spotify:track:0io98a6nFh0NmjDjA1HZdl,"Non Lo So","Nonostante Tutto","Gemitaiz",2016-01-22,205699,46,false,,2020-03-11T13:11:34Z,"italian trap","Universal Music Italia srL.",0.648,0.697,1,-7.343,1,0.0794,0.0279,0,0.111,0.17,76.049,3
spotify:track:5QsAv4sTEDsdozEgWbVQnb,"Haterproof 2","Kepler","Gemitaiz;MadMan",2014-05-27,187615,42,true,,2020-03-11T13:11:32Z,"italian trap","Universal Music Italia srL.",0.83,0.881,5,-3.829,1,0.128,0.195,0,0.288,0.743,125.984,4
spotify:track:6dSgAy5GgkRaFRBvJ2Amis,"Scusa","Nonostante Tutto","Gemitaiz",2016-01-22,246598,46,false,,2020-03-11T13:11:31Z,"italian trap","Universal Music Italia srL.",0.745,0.55,6,-9.53,0,0.0443,0.0473,0,0.204,0.451,110.973,4
spotify:track:5THRRJTwigMUhuCST2WTbS,"Buonanotte","Davide","Gemitaiz",2018-04-20,221064,37,false,,2020-03-11T13:11:31Z,"italian trap","Universal Music Italia srL.",0.55,0.561,2,-5.708,0,0.0448,0.229,0,0.328,0.331,149.969,3
spotify:track:5G6jHSoLrzhtPBhS2gMvfW,"Forte","Nonostante Tutto","Gemitaiz",2016-01-22,207322,62,false,,2020-03-11T13:11:30Z,"italian trap","Universal Music Italia srL.",0.775,0.661,7,-6.819,1,0.235,0.148,0.00132,0.0857,0.397,100.022,4
spotify:track:4KBxxM3R5C4I2RsGdgZGXg,"Preso Male","Nonostante Tutto","Gemitaiz;MadMan",2016-01-22,236602,46,false,,2020-03-11T13:11:26Z,"italian trap","Universal Music Italia srL.",0.847,0.642,7,-8.233,1,0.0776,0.265,0,0.317,0.2,118.908,4
spotify:track:2tfRgE0cGIKeDDliQ05jVf,"Un Giro Con Noi","Davide","Gemitaiz",2018-04-20,203000,40,false,,2020-03-11T13:11:24Z,"italian trap","Universal Music Italia srL.",0.786,0.57,6,-8.286,1,0.139,0.206,0,0.13,0.839,132.042,4
spotify:track:2whyOciMdA0utmFA8tkZ2q,"Diverso","Davide","Gemitaiz",2018-04-20,209898,46,false,,2020-03-11T13:11:24Z,"italian trap","Universal Music Italia srL.",0.704,0.563,9,-8.353,1,0.0452,0.0179,0.000115,0.114,0.718,145.026,4
spotify:track:1WOeWKKfUxx8hlH8RSRjfV,"Blue Sky","Kepler","Gemitaiz;MadMan",2014-05-27,187615,57,true,,2020-03-11T13:11:23Z,"italian trap","Universal Music Italia srL.",0.795,0.769,10,-4.948,0,0.0529,0.0435,0,0.114,0.345,130.042,4
spotify:track:2UKuBydO5xhzGM5IJhltPF,"Senza Di Me (feat. Venerus & Franco126)","QVC8 – Singles","Gemitaiz;Venerus;Franco126",2018-12-28,201961,36,false,,2020-03-11T13:11:22Z,"italian trap,indie","Universal Music Italia srL.",0.698,0.636,8,-5.844,1,0.034,0.167,0,0.125,0.313,107.282,3
spotify:track:7cE4iEDCKBGNu74IoJ8rBS,"Rollin'","QVC8 – Singles","Gemitaiz;Mixer T",2018-12-28,167413,30,false,,2020-03-11T13:11:22Z,"italian trap","Universal Music Italia srL.",0.778,0.556,7,-6.779,1,0.0933,0.302,0.000117,0.135,0.434,75.012,4
spotify:track:0Pi8hOfhyPYQOg8PL6tcT9,"Giuro Che (feat. Priestess & Quentin40)","QVC8 – Singles","Gemitaiz;Priestess;Quentin40",2018-12-28,202758,37,false,,2020-03-11T13:11:20Z,"italian trap","Universal Music Italia srL.",0.841,0.696,11,-6.405,0,0.0858,0.162,0,0.0808,0.601,145.005,4
spotify:track:12mhNDtyap89L9H8KLexnS,"Bad Boys (feat. Ketama126)","QVC8 – Singles","Gemitaiz;Ketama126",2018-12-28,130714,36,false,,2020-03-11T13:11:19Z,"italian trap","Universal Music Italia srL.",0.755,0.529,1,-7.694,0,0.191,0.29,0.00000132,0.145,0.362,150.114,4
spotify:track:4tKamWiNiP9ajJWUR0KNND,"La Ballata Del Dubbio - Pt.3","QVC Collection","Gemitaiz",2018-03-30,223868,43,false,,2020-03-11T13:11:16Z,"italian trap","Universal Music Italia srL.",0.749,0.624,7,-5.888,1,0.0566,0.142,0,0.141,0.305,98.232,3
spotify:track:1o3hgrxrtzKjsF36oLtook,"Paradise Lost","Davide","Gemitaiz",2018-04-20,164118,45,false,,2020-03-11T13:11:15Z,"italian trap","Universal Music Italia srL.",0.757,0.545,1,-6.918,0,0.0968,0.129,0.0000216,0.291,0.556,156.08,4
spotify:track:1MGXWglFoINJdrcp2W0U0w,"Keanu Reeves (feat. Achille Lauro)","Davide","Gemitaiz;Achille Lauro",2018-04-20,209791,53,false,,2020-03-11T13:11:13Z,"italian trap","Universal Music Italia srL.",0.811,0.59,4,-7.794,1,0.0437,0.0267,0.00000993,0.111,0.166,102.709,4
spotify:track:5ZBSyZYBG6QEhSRSC1nt4b,"Pezzo Trap (feat. Fabri Fibra)","Davide","Gemitaiz;Fabri Fibra",2018-04-20,260000,37,false,,2020-03-11T13:11:13Z,"italian trap,concerto","Universal Music Italia srL.",0.81,0.642,5,-7.583,0,0.0441,0.0782,0,0.105,0.55,120.025,4
spotify:track:44cZqzCGuVsLFrwuwXN4PX,"Alaska (feat. Priestess)","Davide","Gemitaiz;Priestess",2018-04-20,218575,39,false,,2020-03-11T13:11:11Z,"italian trap","Universal Music Italia srL.",0.844,0.729,2,-5.464,1,0.064,0.0742,0,0.126,0.443,145.982,4
spotify:track:5y44ftxtMNXIx9ugj3spXS,"Oro E Argento","Davide","Gemitaiz",2018-04-20,231788,42,false,,2020-03-11T13:11:07Z,"italian trap","Universal Music Italia srL.",0.852,0.662,0,-7.079,1,0.0369,0.0488,0,0.0781,0.779,117.005,4
spotify:track:3408xD8Eoa5mvpzx6M8r7N,"Tanta Roba Anthem (feat. Guè)","Davide","Gemitaiz;Guè",2018-04-20,202564,37,false,,2020-03-11T13:11:07Z,"italian trap,concerto","Universal Music Italia srL.",0.726,0.611,8,-8.693,1,0.17,0.0322,0.0000429,0.128,0.257,146.04,4
spotify:track:2jrWlfYz7fYYXS8aO9DIqn,"Fuori","Davide","Gemitaiz",2018-04-20,238000,41,false,,2020-03-11T13:11:05Z,"italian trap","Universal Music Italia srL.",0.564,0.726,4,-8.187,0,0.247,0.124,0,0.119,0.21,110.056,4
spotify:track:3Fgjxek7TuRU0UmewJh1D0,"Bambola","Bambola","Matteo",2019-07-12,225175,55,false,,2020-03-11T13:10:51Z,"neomelodico,canzone napoletana","Seamusica",0.707,0.697,11,-8.847,0,0.107,0.124,0,0.274,0.697,130.009,4
spotify:track:7pm4xwKIKhUhMCsSJJa7UU,"Taxi","20","Capo Plaza",2018-04-20,194386,37,false,,2020-03-11T13:10:37Z,"italian trap,trap","WMI Italy",0.895,0.802,6,-3.436,0,0.0792,0.0683,0.0000491,0.308,0.525,140.943,4
spotify:track:5n9Ss9tXZEy5Z18BxYm8KW,"Vabbene","20","Capo Plaza",2018-04-20,195613,56,false,,2020-03-11T13:10:35Z,"italian trap,trap","WMI Italy",0.838,0.713,0,-4.396,1,0.0873,0.147,0,0.251,0.479,130,4
spotify:track:0q9Vpg3DLMjm9rx5LnXwXE,"Nisida","Nisida","Capo Plaza;AVA",2016-09-13,236000,57,true,,2020-03-11T13:10:35Z,"italian trap,trap","Plaza Music Srl",0.866,0.448,1,-10.226,1,0.328,0.0492,0,0.0784,0.342,119.974,4
spotify:track:1j3VjKHnIENqNvoZYOhHgI,"Interlude (Ora è la mia ora)","20 (Deluxe Edition)","Capo Plaza",2018-11-30,135506,38,false,,2020-03-11T13:10:33Z,"italian trap,trap","WM Italy",0.764,0.564,1,-6.678,1,0.293,0.145,0,0.103,0.595,80.085,4
spotify:track:1MtmXPxXP4ntSjfF5xnOyM,"Pookie (feat. Capo Plaza) - Remix","Pookie (feat. Capo Plaza) [Remix]","Aya Nakamura;Capo Plaza",2019-08-30,188400,53,false,,2020-03-11T13:10:33Z,"french r&b,pop urbaine,italian trap,trap","Rec. 118",0.84,0.62,1,-6.91,1,0.129,0.0584,0,0.0988,0.511,98.076,4
spotify:track:7zivIUyCw9MmYftdcayXnN,"Uno squillo","20","Capo Plaza",2018-04-20,208813,63,false,,2020-03-11T13:10:31Z,"italian trap,trap","WMI Italy",0.801,0.724,1,-5.038,0,0.397,0.0586,0,0.0736,0.679,98.97,4
spotify:track:1PB00xFcBdahfUcJIkB8wG,"Non cambierò mai","20","Capo Plaza",2018-04-20,208920,52,true,,2020-03-11T13:10:30Z,"italian trap,trap","WMI Italy",0.448,0.797,11,-4.279,0,0.387,0.134,0,0.0966,0.0746,72.342,4
spotify:track:6GTCOWvhjvdk4pwlfrSjNO,"Ne è valsa la pena (feat. Ghali)","20","Capo Plaza;Ghali",2018-04-20,234600,62,false,,2020-03-11T13:10:29Z,"italian trap,trap","WMI Italy",0.593,0.654,5,-4.509,0,0.218,0.115,0,0.231,0.405,120.388,5
spotify:track:1fGX7fk3pvHv00u2kU4dly,"Come me","20","Capo Plaza",2018-04-20,197253,48,false,,2020-03-11T13:10:28Z,"italian trap,trap","WMI Italy",0.827,0.639,6,-4.893,0,0.391,0.064,0.00000325,0.107,0.345,79.485,4
spotify:track:093RgZ7RXHZwIrxZhZYX4Q,"Tesla (feat. Sfera Ebbasta & DrefGold)","20","Capo Plaza;Sfera Ebbasta;DrefGold",2018-04-20,185146,63,false,,2020-03-11T13:10:27Z,"italian trap,trap,concerto","WMI Italy",0.854,0.626,11,-5.14,1,0.0618,0.316,0,0.0961,0.377,140.05,4
spotify:track:6ZNd7RN3GohngyFPt7p6LO,"20","20","Capo Plaza",2018-04-20,241800,52,false,,2020-03-11T13:10:26Z,"italian trap,trap","WMI Italy",0.485,0.671,7,-5.485,1,0.195,0.0595,0,0.198,0.25,149.944,4
spotify:track:06VV1e6OgFMG2XSxsnRxxM,"Giù da me","20","Capo Plaza",2018-04-20,180653,48,false,,2020-03-11T13:10:26Z,"italian trap,trap","WMI Italy",0.811,0.728,10,-4.584,0,0.303,0.316,0,0.0947,0.205,132.952,4
spotify:track:7wn5K1YL5vu139wjbIbcYx,"430","Zzala","Lazza;Low Kidd",2017-04-14,213600,30,true,,2020-03-11T13:08:44Z,"italian trap,concerto","333 MOB Srl",0.587,0.566,1,-11.818,1,0.341,0.263,0.000529,0.0963,0.336,74.851,4
spotify:track:3ggGHTn9JnaBG0GEFraHi3,"Io sono qui","Hellvisback","Salmo",2016-02-05,180880,39,false,,2020-03-11T13:08:43Z,"italian trap,concerto","Epic",0.812,0.813,10,-5.583,0,0.0984,0.0987,0.00015,0.0758,0.348,128.066,4
spotify:track:1hkyVXXLFN9eHtsL1cn8V8,"2 Cellulari","Re Mida","Lazza",2019-03-01,160053,43,true,,2020-03-11T13:08:40Z,"italian trap,concerto","Universal Music Italia srL.",0.765,0.723,5,-6.358,0,0.0993,0.411,0,0.11,0.719,140.019,4
spotify:track:2H3wWrnO758y0fPH7Ilerg,"Depression & Obsession","17","XXXTENTACION",2017-08-25,144733,67,true,,2020-03-11T13:08:38Z,"emo rap","Bad Vibes Forever / EMPIRE",0.769,0.156,11,-10.7,0,0.035,0.585,0.015,0.102,0.527,105.95,4
spotify:track:2EKYKzKNq2vfUtZurpti0b,"Teste di cazzo","Solo","Shiva;Giaime",2018-03-26,216000,13,true,,2020-03-11T13:08:37Z,"italian trap,concerto","Honiro",0.606,0.618,0,-5.127,0,0.318,0.114,0,0.107,0.567,119.506,4
spotify:track:5xTxsNSO8JRKupxD6yieMT,"Maleducati","Zzala","Lazza;Low Kidd",2017-04-14,230106,36,true,,2020-03-11T13:08:36Z,"italian trap,concerto","333 MOB Srl",0.75,0.666,2,-8.254,1,0.116,0.0719,0,0.115,0.36,111.083,4
spotify:track:6uMdn1ovj2ZRHGMbiTQAvy,"Fumo Da Solo","Aletheia","Izi",2019-05-10,220071,52,true,,2020-03-11T13:08:35Z,"italian trap","Universal Music Italia srL.",0.708,0.604,7,-8.477,0,0.0489,0.279,0,0.14,0.463,140.092,4
spotify:track:6UAGAyjMHpIsSDhl7c1gM8,"Amore sporco","Ogni maledetto giorno (Deluxe Edition)","Mostro;Shiva",2017-09-01,198400,10,true,,2020-03-11T13:08:35Z,"italian trap","Honiro",0.402,0.855,6,-4.972,1,0.163,0.0691,0,0.327,0.389,99.115,3
spotify:track:086myS9r57YsLbJpU0TgK9,"Why'd You Only Call Me When You're High?","AM","Arctic Monkeys",2013-09-09,161123,85,false,,2020-03-11T13:08:32Z,"indie,garage rock","Domino Recording Co",0.691,0.631,2,-6.478,1,0.0368,0.0483,0.0000113,0.104,0.8,92.004,4
spotify:track:6lXBLfaSHzDJmKZhdS9wJr,"Freddi","Ogni maledetto giorno (Deluxe Edition)","Mostro;Jamil",2017-09-01,231500,9,true,,2020-03-11T13:08:15Z,"italian trap","Honiro",0.648,0.668,1,-7.954,1,0.196,0.0109,0,0.175,0.108,109.943,4
spotify:track:0Rgi733bscb4I8FLsat1yQ,"Lario","Zzala","Lazza;Low Kidd",2017-04-14,190186,45,true,,2020-03-11T13:08:13Z,"italian trap,concerto","333 MOB Srl",0.788,0.52,5,-7.481,1,0.267,0.0733,0.000198,0.0569,0.566,83.037,4
spotify:track:2cNf5GbWl9qIkaUQkh8Dpr,"Ogni maledetto giorno","Ogni maledetto giorno (Deluxe Edition)","Mostro",2017-09-01,283374,21,true,,2020-03-11T13:07:53Z,"italian trap","Honiro",0.704,0.799,10,-5.532,1,0.201,0.0825,0,0.142,0.289,105.59,4
spotify:track:25hOMALc7yXTqliVdUpeIW,"Strike","Ogni maledetto giorno (Deluxe Edition)","Mostro",2017-09-01,218947,20,true,,2020-03-11T13:07:52Z,"italian trap","Honiro",0.473,0.843,7,-6.882,1,0.433,0.0782,0,0.144,0.421,171.035,3
spotify:track:5AzbJFy0A1AeYKaOnjW27N,"Allenamento #3","Allenamento #3","Capo Plaza;AVA;Mojobeatz",2017-06-13,166404,0,true,,2020-03-11T13:07:50Z,"italian trap,trap","AR.MS. Empire",0.686,0.574,1,-8.304,1,0.375,0.153,0,0.289,0.232,150.075,4
spotify:track:08PgnQ92ko3gbAxqSAHFFy,"Sai che cazzo me ne frega","Ogni maledetto giorno (Deluxe Edition)","Mostro",2017-09-01,195789,12,true,,2020-03-11T13:07:50Z,"italian trap","Honiro",0.672,0.777,10,-6.844,0,0.406,0.184,0,0.249,0.797,95.769,4
spotify:track:6qE4ocLpaSUkWYrcpbPN7Z,"Lo Sai Che Ci Penso","Davide","Gemitaiz",2018-04-20,180346,57,false,,2020-03-11T13:07:48Z,"italian trap","Universal Music Italia srL.",0.727,0.526,7,-8.377,1,0.0794,0.081,0,0.184,0.468,147.849,4
spotify:track:698ItKASDavgwZ3WjaWjtz,"Faded","Different World","Alan Walker",2018-12-14,212106,81,false,,2020-03-11T13:07:47Z,"","Kreatell Music",0.468,0.627,6,-5.085,1,0.0476,0.0281,0.00000797,0.11,0.159,179.642,4
spotify:track:4LJNZtJg636sRlvUubZ6ra,"Stasera","Pianeti","Ultimo",2017-10-06,244422,24,false,,2020-03-11T13:07:46Z,"concerto","Honiro",0.546,0.386,0,-10.284,1,0.0731,0.552,0,0.303,0.301,115.145,4
spotify:track:5aGVBVVRgMLBexUbV3bRgC,"Ouverture","Zzala","Lazza;Low Kidd",2017-04-14,213573,40,true,,2020-03-11T13:07:45Z,"italian trap,concerto","333 MOB Srl",0.588,0.397,1,-13.506,0,0.566,0.654,0,0.151,0.356,80.112,5
spotify:track:7CkbRn6S0itJqcqn88AtSV,"going down!","?","XXXTENTACION",2018-03-16,115194,63,true,,2020-03-11T13:07:43Z,"emo rap","Bad Vibes Forever, LLC",0.873,0.663,1,-4.086,1,0.15,0.0216,0.000356,0.0867,0.525,135.499,4
spotify:track:62HMQx6P4BOuHCjbyldghK,"Box Logo (feat. Fabri Fibra)","Re Mida","Lazza;Fabri Fibra",2019-03-01,133853,41,true,,2020-03-11T13:07:43Z,"italian trap,concerto","Universal Music Italia srL.",0.657,0.567,10,-7.368,0,0.39,0.195,0,0.304,0.628,190.981,4
spotify:track:7fnHSgIITveyrYBAA1sxKR,"Re Mida","Re Mida","Lazza",2019-03-01,148653,48,true,,2020-03-11T13:07:41Z,"italian trap,concerto","Universal Music Italia srL.",0.738,0.733,10,-6.399,0,0.307,0.074,0.000001,0.0916,0.65,91.045,4
spotify:track:38HjH31sFNW0MNpy4SesA1,"Radar","Radar","Shiva",2019-01-18,180461,0,false,,2020-03-11T13:07:38Z,"italian trap,concerto","Guna",0.507,0.773,9,-6.156,1,0.424,0.155,0,0.192,0.336,176.106,4
spotify:track:7IvD494Z1eH0wQQ5pCdXrM,"24H","Re Mida","Lazza",2019-03-01,215826,47,true,,2020-03-11T13:07:38Z,"italian trap,concerto","Universal Music Italia srL.",0.834,0.498,10,-9.008,0,0.185,0.201,0,0.319,0.455,135.909,4
spotify:track:7kMnkYMQJp6qtGICG0p3O3,"Acciaio","Solo","Shiva;Mostro",2018-03-26,197000,26,true,,2020-03-11T13:07:36Z,"italian trap,concerto","Honiro",0.641,0.805,3,-5.573,1,0.264,0.182,0,0.113,0.24,92.042,4
spotify:track:2Ri0436JKFUsd3B3xa2jCe,"Morto Mai","Re Mida","Lazza",2019-03-01,145640,62,true,,2020-03-11T13:07:36Z,"italian trap,concerto","Universal Music Italia srL.",0.645,0.813,7,-5.448,0,0.107,0.121,0,0.127,0.551,82.676,4
spotify:track:3GVkPk8mqxz0itaAriG1L7,"Everybody Dies In Their Nightmares","17","XXXTENTACION",2017-08-25,95466,78,true,,2020-03-11T13:07:35Z,"emo rap","Bad Vibes Forever / EMPIRE",0.734,0.57,7,-7.066,0,0.133,0.847,0.0000214,0.112,0.689,129.953,4
spotify:track:4GkHLa5IBnGiart95CmZQJ,"Autostima","Autostima","PSICOLOGI",2019-04-23,148205,0,false,,2020-03-11T13:07:33Z,"concerto","Universal Music Italia srL.",0.475,0.618,0,-7.928,1,0.209,0.673,0,0.0826,0.285,71.551,4
spotify:track:3yhRpGAdByLRLNwULguVeT,"Che Ci Faccio","QVC8 – Singles","Gemitaiz;Mixer T",2018-12-28,202792,36,false,,2020-03-11T13:07:32Z,"italian trap","Universal Music Italia srL.",0.827,0.686,1,-5.495,0,0.0991,0.0264,0.0000134,0.11,0.617,77.024,4
spotify:track:7m9OqQk4RVRkw9JJdeAw96,"Jocelyn Flores","17","XXXTENTACION",2017-08-25,119133,78,true,,2020-03-11T13:07:32Z,"emo rap","Bad Vibes Forever / EMPIRE",0.872,0.391,0,-9.144,0,0.242,0.469,0.00000413,0.297,0.437,134.021,4
spotify:track:4lsj4usk5ZksNlUlIERCD2,"Mickey Rourke","Back Home","MadMan",2018-02-02,233023,42,false,,2020-03-11T13:07:31Z,"italian trap","Universal Music Italia srL.",0.734,0.687,5,-6.617,0,0.0287,0.315,0,0.125,0.102,128.983,4
spotify:track:4UKCKdYiLN6IMA5ZESUTL7,"the remedy for a broken heart (why am I so in love)","?","XXXTENTACION",2018-03-16,160184,73,true,,2020-03-11T13:07:28Z,"emo rap","Bad Vibes Forever, LLC",0.699,0.304,1,-11.192,1,0.0993,0.779,0.000993,0.137,0.271,119.705,4
spotify:track:04vbUBLS9OqxwP4Tc7dJMR,"Povero Te","Re Mida","Lazza",2019-03-01,193040,38,true,,2020-03-11T13:07:27Z,"italian trap,concerto","Universal Music Italia srL.",0.774,0.875,11,-4.266,1,0.104,0.0906,0,0.331,0.476,142.993,4
spotify:track:3ee8Jmje8o58CHK66QrVC2,"SAD!","?","XXXTENTACION",2018-03-16,166605,80,true,,2020-03-11T13:07:26Z,"emo rap","Bad Vibes Forever, LLC",0.74,0.613,8,-4.88,1,0.145,0.258,0.00372,0.123,0.473,75.023,4
spotify:track:7AFASza1mXqntmGtbxXprO,"changes","?","XXXTENTACION",2018-03-16,121886,74,false,,2020-03-11T13:07:24Z,"emo rap","Bad Vibes Forever, LLC",0.669,0.308,11,-10.068,1,0.029,0.883,0,0.0984,0.52,64.934,4
spotify:track:0X6TgBHcxe20tNvWuwXEpn,"Coupé","20 (Deluxe Edition)","Capo Plaza",2018-11-30,176585,56,false,,2020-03-11T13:07:23Z,"italian trap,trap","WM Italy",0.779,0.781,3,-4.785,0,0.123,0.0701,0,0.0872,0.511,122.981,4
spotify:track:6BNMAb82xLiPv1ZngMQOBK,"Iside (feat. Luchè)","Re Mida","Lazza;Luchè",2019-03-01,152733,47,true,,2020-03-11T13:07:22Z,"italian trap,concerto,canzone napoletana","Universal Music Italia srL.",0.714,0.795,11,-6.956,0,0.293,0.125,0,0.146,0.668,84.965,4
spotify:track:7AQim7LbvFVZJE3O8TYgf2,"Fuck Love","17","XXXTENTACION;Trippie Redd",2017-08-25,146520,82,true,,2020-03-11T13:07:20Z,"emo rap,melodic rap","Bad Vibes Forever / EMPIRE",0.797,0.533,0,-9.74,0,0.0412,0.0172,0.000152,0.103,0.329,131.036,4
spotify:track:18mqPD4wricO2V3b3NjKAV,"Superman","Re Mida","Lazza",2019-03-01,175293,46,true,,2020-03-11T13:07:19Z,"italian trap,concerto","Universal Music Italia srL.",0.727,0.775,7,-6.21,0,0.171,0.185,0,0.127,0.422,81.479,4
spotify:track:1f2HUukV14tz4cBtqpYJBb,"Cazal (feat. Izi)","Re Mida","Lazza;Izi",2019-03-01,185720,44,true,,2020-03-11T13:07:17Z,"italian trap,concerto","Universal Music Italia srL.",0.727,0.782,2,-6.619,0,0.156,0.0468,0,0.32,0.601,128.049,4
spotify:track:4T77j7v5yZt0cPCaUoUbQ6,"Per Sempre","Re Mida","Lazza",2019-03-01,143200,41,true,,2020-03-11T13:07:16Z,"italian trap,concerto","Universal Music Italia srL.",0.767,0.636,0,-7.576,1,0.203,0.143,0,0.118,0.32,127.96,4
spotify:track:5Z0Mx6SeUAFA2rgZB9t1Nu,"Serpenti A Sonagli","Rockstar","Sfera Ebbasta",2018-01-19,194173,62,true,,2020-03-11T13:06:47Z,"italian trap,concerto,trap","Universal Music Italia srL.",0.68,0.613,5,-5.998,0,0.063,0.182,0,0.113,0.282,150.04,4
spotify:track:1YzYHWiYz62ACkRHHxhDVC,"BHMG","Sfera Ebbasta","Sfera Ebbasta",2016-09-09,161066,53,false,,2020-03-11T13:06:45Z,"italian trap,concerto,trap","Universal Music Italia srL.",0.842,0.659,4,-4.721,0,0.261,0.174,0,0.254,0.608,132.996,4
spotify:track:4pv9ICGrPxNMoCMm7ffOPu,"Dexter","Dexter","Sfera Ebbasta",2017-03-10,155769,51,true,,2020-03-11T13:06:44Z,"italian trap,concerto,trap","Universal Music Italia srL.",0.763,0.543,6,-5.512,1,0.0284,0.533,0.00000836,0.132,0.513,104.002,4
spotify:track:42HeBYfUVXY04V9hnjOsni,"Ciny","XDVR Reloaded","Sfera Ebbasta",2015-11-23,166346,58,true,,2020-03-11T13:06:43Z,"italian trap,concerto,trap","Universal Music Italia srL.",0.717,0.717,0,-6.968,0,0.0361,0.0622,0,0.227,0.55,120.974,4
spotify:track:0W2dRTfCkaanZgRimFEMay,"XNX","Rockstar","Sfera Ebbasta",2018-01-19,143693,48,true,,2020-03-11T13:06:34Z,"italian trap,concerto,trap","Universal Music Italia srL.",0.762,0.721,2,-5.293,1,0.0529,0.0269,0.00023,0.167,0.155,129.978,4
spotify:track:25J3gcZhNjzBwcaDfZjQli,"Notti","Sfera Ebbasta","Sfera Ebbasta",2016-09-09,170840,60,false,,2020-03-11T13:06:33Z,"italian trap,concerto,trap","Universal Music Italia srL.",0.787,0.653,8,-5.275,0,0.0367,0.0894,0,0.126,0.282,132.135,4
spotify:track:5DPkdv0VXzyDmXIwxgJodf,"Figli Di Papà","Sfera Ebbasta","Sfera Ebbasta",2016-09-09,205480,57,false,,2020-03-11T13:06:32Z,"italian trap,concerto,trap","Universal Music Italia srL.",0.653,0.852,11,-4.712,0,0.0413,0.00815,0.00000574,0.0766,0.48,112.966,4
spotify:track:3cGuiySfwJPXqvE15OiEEg,"Tran Tran","Rockstar","Sfera Ebbasta",2018-01-19,219733,65,true,,2020-03-11T13:06:31Z,"italian trap,concerto,trap","Universal Music Italia srL.",0.774,0.637,6,-5.523,0,0.0332,0.137,0,0.0694,0.886,126.058,4
spotify:track:0kHTkvGavvk2MjBTSUtOZx,"Ricchi x Sempre","Rockstar","Sfera Ebbasta",2018-01-19,223786,63,true,,2020-03-11T13:06:29Z,"italian trap,concerto,trap","Universal Music Italia srL.",0.599,0.734,3,-7.568,0,0.413,0.196,0,0.187,0.133,211.842,4
spotify:track:4VVG3HBGaqSNZqIpmewIA6,"Sciroppo (feat. DrefGold)","Rockstar","Sfera Ebbasta;DrefGold",2018-01-19,205013,59,true,,2020-03-11T13:06:29Z,"italian trap,concerto,trap","Universal Music Italia srL.",0.777,0.721,6,-6.097,1,0.0719,0.0774,0,0.0801,0.665,161.976,4
spotify:track:0dLToDou8YHYJpQltj3Ijy,"Cupido (feat. Quavo)","Rockstar","Sfera Ebbasta;Quavo",2018-01-19,210106,60,true,,2020-03-11T13:06:28Z,"italian trap,concerto,trap","Universal Music Italia srL.",0.803,0.695,4,-5.164,0,0.0413,0.0622,0,0.105,0.458,119.978,4
spotify:track:5hVvA8IfSTYHft2oekv7ls,"V!olence","No Comment","Nitro",2018-01-12,215026,29,true,,2020-03-11T13:06:06Z,"italian trap","Epic",0.614,0.783,1,-6.456,1,0.096,0.0246,0.000234,0.144,0.0949,138.643,4
spotify:track:2Kiojd0gMDcuUKXgwkXPkb,"Rivivere","Suicidol","Nitro",2015-05-26,226333,41,true,,2020-03-11T13:06:05Z,"italian trap","Epic",0.521,0.95,11,-3.341,0,0.385,0.0949,0,0.38,0.469,84.529,4
spotify:track:1M3V4LWph9pnRY8CtBqXMr,"The Same Old Story","Suicidol","Nitro",2015-05-26,271240,36,true,,2020-03-11T13:06:04Z,"italian trap","Epic",0.613,0.9,9,-4.997,0,0.32,0.0159,0,0.298,0.53,88.85,4
spotify:track:55ZSfvbdPjsivT74IVUlGS,"DM","No Comment","Nitro",2018-01-12,206586,25,true,,2020-03-11T13:06:02Z,"italian trap","Epic",0.852,0.826,1,-5.988,1,0.256,0.0265,0,0.242,0.747,110,4
spotify:track:5laXfaun464tGYqPJH29T5,"The Dark Side of the Mood","Suicidol","Nitro",2015-05-26,233813,36,true,,2020-03-11T13:06:01Z,"italian trap","Epic",0.767,0.639,8,-5.763,1,0.233,0.0845,0,0.0719,0.396,119.989,4
spotify:track:1gMKlGfjbjwaK1H001v89z,"Last Man Standing","No Comment","Nitro",2018-01-12,183306,27,true,,2020-03-11T13:06:00Z,"italian trap","Epic",0.686,0.711,11,-8.468,0,0.3,0.00851,0.00000192,0.104,0.329,167.947,4
spotify:track:0wN7EkvTvG42UDgw5rKYnb,"Margot","Danger","Nitro",2013-07-16,227746,52,false,,2020-03-11T13:05:57Z,"italian trap","Epic",0.59,0.795,7,-4.661,1,0.429,0.377,0,0.177,0.577,172.223,3
spotify:track:1nVRwa2iW53tjn7108Kseh,"Storia di un presunto artista","Danger","Nitro",2013-07-16,156453,46,false,,2020-03-11T13:05:56Z,"italian trap","Epic",0.7,0.664,8,-7.357,0,0.363,0.235,0,0.296,0.841,84.166,4
spotify:track:0uTMLcUMjLJRzdxPCS7JmA,"Chairaggione (feat. Salmo)","No Comment","Nitro;Salmo",2018-01-12,150960,40,true,,2020-03-11T13:05:55Z,"italian trap,concerto","Epic",0.724,0.761,1,-6.393,1,0.306,0.028,0,0.416,0.555,96.572,4
spotify:track:1csiTxDSvzHB5Nwd2dxC3u,"Storia di un defunto artista","Suicidol","Nitro",2015-05-26,246906,46,true,,2020-03-11T13:05:54Z,"italian trap","Epic",0.62,0.62,0,-7.794,1,0.589,0.0245,0,0.253,0.561,91.54,4
spotify:track:3SXud7e18uRe2ZuyRVElsJ,"Ho fatto bene","No Comment","Nitro",2018-01-12,215760,42,true,,2020-03-11T13:05:53Z,"italian trap","Epic",0.852,0.759,3,-3.735,0,0.289,0.237,0,0.178,0.334,108.092,4
spotify:track:2uGOR7xIFuNRPielPYGBbk,"Sassi e diamanti","Suicidol Post Mortem","Nitro",2016-06-03,211760,24,true,,2020-03-11T13:05:52Z,"italian trap","Epic",0.787,0.53,4,-7.504,0,0.163,0.000571,0,0.15,0.519,125.151,3
spotify:track:5uBN5o2cLnLMWt8HbgZd8E,"Rotten","Suicidol Post Mortem","Nitro",2016-06-03,238093,28,true,,2020-03-11T13:05:51Z,"italian trap","Epic",0.719,0.897,6,-3.082,1,0.348,0.0811,0,0.373,0.829,95.373,4
spotify:track:1a7p2ia3PGoDCMY4LCk5xi,"Ok Corral (feat. MadMan)","No Comment","Nitro;MadMan",2018-01-12,199973,32,true,,2020-03-11T13:05:50Z,"italian trap","Epic",0.713,0.842,10,-6.569,0,0.267,0.026,0,0.0829,0.222,144.074,4
spotify:track:31n0IigR561jYALhTmwN2z,"Infamity Show","No Comment","Nitro",2018-01-12,208866,37,true,,2020-03-11T13:05:48Z,"italian trap","Epic",0.832,0.72,1,-4.651,1,0.101,0.0628,0,0.376,0.59,116.92,4
spotify:track:63XvncX4VmdhRSAh0CX7YR,"Buio Omega","No Comment","Nitro",2018-01-12,131120,28,true,,2020-03-11T13:05:47Z,"italian trap","Epic",0.715,0.934,2,-5.781,1,0.411,0.132,0,0.324,0.227,136.928,4
spotify:track:58irXhJNTJFWzbHPFsP77o,"Horror Vacui","No Comment","Nitro",2018-01-12,224386,36,true,,2020-03-11T13:05:44Z,"italian trap","Epic",0.759,0.787,10,-5.882,0,0.189,0.186,0.00000132,0.231,0.518,114.1,4
spotify:track:22J3THKe7sVVPV31HcXNVd,"Passepartout (feat. Lazza)","No Comment","Nitro;Lazza",2018-01-12,214226,35,true,,2020-03-11T13:05:43Z,"italian trap,concerto","Epic",0.708,0.723,1,-6.72,1,0.275,0.095,0.0000698,0.102,0.475,145.968,4
spotify:track:113aWckfqJCiLA6v3ovt57,"San Junipero II","No Comment","Nitro",2018-01-12,133880,38,true,,2020-03-11T13:05:42Z,"italian trap","Epic",0.692,0.55,11,-8.478,0,0.276,0.0691,0.161,0.1,0.461,153.123,4
spotify:track:2o8ZNExQyRsVxbPKWCoGNp,"San Junipero I","No Comment","Nitro",2018-01-12,137386,31,true,,2020-03-11T13:05:40Z,"italian trap","Epic",0.76,0.438,7,-8.97,1,0.143,0.177,0.0000628,0.101,0.286,141.084,4
spotify:track:2unWzSwKZkWQ4eYf823cEN,"Passala","Passala","nayt;3D",2020-01-24,149000,34,true,,2020-03-11T13:05:21Z,"italian trap,concerto","Jive",0.786,0.81,10,-4.636,0,0.0516,0.0981,0.00000254,0.0818,0.968,150.076,4
spotify:track:3By9jCy6b4dv5XnlhvIWwx,"Dies Irae","Verdi Requiem","Giuseppe Verdi;Carmen Giannattasio;Veronica Simeoni;Alxander Timchenko;Carlo Colombara;Yuri Temirkanov;St. Petersburg Philharmonic Orchestra",2009,134746,59,false,,2020-03-11T13:05:17Z,"opera,classical,classical piano","Signum Records",0.272,0.346,0,-14.01,0,0.0317,0.926,0.931,0.0772,0.24,79.773,4
spotify:track:0e7ipj03S05BNilyu5bRzt,"rockstar (feat. 21 Savage)","beerbongs & bentleys","Post Malone;21 Savage",2018-04-27,218146,82,true,,2020-03-11T13:05:14Z,"","Republic Records",0.585,0.52,5,-6.136,0,0.0713,0.124,0.0000775,0.131,0.129,159.798,4
spotify:track:7uuo02BIR76qZ6ZXQhz7Ys,"Played-A-Live (The Bongo Song)","Episode ll","Safri Duo",2001-01-01,405693,67,false,,2020-03-11T13:05:13Z,"electronic classical","Universal Music A/S",0.634,0.97,8,-9.585,0,0.0569,0.0156,0.88,0.34,0.202,137.997,4
spotify:track:3arKLum0IMREFOSq3OkpaF,"Na Na Na","Na Na Na","Holden",2019-10-26,126568,50,true,,2020-03-11T13:05:12Z,"","Epic",0.496,0.632,10,-7.94,0,0.276,0.393,0,0.359,0.532,53.808,4
spotify:track:2hua6kYP0M8MC3NQeMqr6f,"Miss - Emodrill version 2019","Scialla Semper (Emodrill Repack)","Massimo Pericolo",2019-09-27,197585,0,true,,2020-03-11T13:05:08Z,"italian trap","Pluggers",0.4,0.654,11,-8.024,1,0.187,0.594,0.00000553,0.0998,0.159,147.92,4
spotify:track:4YcSCFDuhcrQ9mhX2glRy2,"Good Vibes (feat. Gemitaiz)","Good Vibes (feat. Gemitaiz)","nayt;3D;Gemitaiz",2019-11-07,173043,37,true,,2020-03-11T13:05:05Z,"italian trap,concerto","Jive",0.83,0.685,4,-3.836,0,0.0532,0.402,0,0.185,0.546,137.984,4
spotify:track:4Dub4JaxFLCeb2NqFsLiZ2,"Salvador Dalì","Santeria","Marracash;Guè",2016-06-24,245197,63,false,,2020-03-11T13:05:04Z,"concerto,italian trap","Universal Music Italia srL.",0.805,0.796,10,-5.226,0,0.0774,0.215,0,0.111,0.353,127.99,4
spotify:track:2tpfOljBdskx8G331TjRps,"APPARTENGO - Il sangue (feat. Massimo Pericolo)","Persona","Marracash;Massimo Pericolo",2019-10-31,255449,0,true,,2020-03-11T13:05:03Z,"concerto,italian trap","Universal Music Italia srL.",0.782,0.637,3,-5.892,0,0.0911,0.198,0,0.171,0.801,129.981,4
spotify:track:3kZoay4ANo86ehb6s4RwS9,"Ridin'","The Sound of Revenge","Chamillionaire;Krayzie Bone",2005-01-01,303053,69,true,,2020-03-11T13:05:00Z,"southern hip hop","Universal/Chamillitary",0.788,0.799,8,-4.68,0,0.0993,0.189,0,0.3,0.835,143.051,4
spotify:track:2xLMifQCjDGFmkHkpNLD9h,"SICKO MODE","ASTROWORLD","Travis Scott",2018-08-03,312820,83,true,,2020-03-11T13:04:55Z,"rap","Cactus Jack / Epic",0.834,0.73,8,-3.714,1,0.222,0.00513,0,0.124,0.446,155.008,4
spotify:track:2lLJ8J0QcHjIgdsmltejj4,"Cavallini","Crack musica","Dark Polo Gang;Sfera Ebbasta",2016-03-10,251653,0,true,,2020-03-11T13:04:54Z,"italian trap,trap,concerto","Triplosette Entertainment",0.764,0.657,1,-8.481,0,0.123,0.13,0,0.16,0.409,123.954,4
spotify:track:1i1fxkWeaMmKEB4T7zqbzK,"Don't Let Me Down","Don't Let Me Down","The Chainsmokers;Daya",2016-02-05,208373,84,false,,2020-03-11T13:04:52Z,"","Disruptor Records/Columbia",0.533,0.869,11,-5.093,1,0.173,0.156,0.00538,0.136,0.425,159.805,4
spotify:track:0N1pKkjhVwKZWFLF47R1tv,"Nuovi Jeans","Real","Nashley",2018-10-26,209262,47,true,,2020-03-11T13:04:51Z,"italian trap","3Flowrida",0.669,0.451,0,-9.83,1,0.142,0.277,0,0.113,0.263,159.969,4
spotify:track:6cBH5hLQFzmsuyU2iOdVA2,"Neve","No Hooks","Ernia;neezyboy",2016-09-21,192000,49,false,,2020-03-11T13:04:50Z,"italian trap","Thaurus",0.751,0.839,9,-7.179,0,0.281,0.332,0,0.0918,0.166,105.212,4
spotify:track:4tchNSV4eZQ9vG4GNA4iJa,"HOLLY & BENJI (feat. Capo Plaza & Shiva)","HOLLY & BENJI (feat. Capo Plaza & Shiva)","AVA;Capo Plaza;Shiva",2019-12-13,220127,50,true,,2020-03-11T13:04:49Z,"italian trap,trap,concerto","Atlantic/WM Italy",0.42,0.787,11,-6.206,0,0.266,0.0129,0,0.107,0.498,78.44,4
spotify:track:2yuYI5NFhevxa05se7Qht9,"ANSIA NO","FSK TRAPSHIT REVENGE","FSK SATELLITE",2019-12-05,148500,56,true,,2020-03-11T13:04:48Z,"italian trap","Universal Music Italia srL.",0.823,0.678,1,-6.664,1,0.56,0.153,0,0.218,0.706,160.133,4
spotify:track:0PpB4YTfszDRmQxLirA4pM,"Purple Rain (feat. Gemitaiz & Frenetik&Orang3)","Pour l'amour","Achille Lauro;Boss Doms;Gemitaiz;Frenetik&Orang3",2018-06-22,159240,0,false,,2020-03-11T13:04:46Z,"italian trap","Epic",0.728,0.656,11,-6.228,0,0.122,0.14,0,0.175,0.485,104.018,4
spotify:track:3i1B1PnsfnOQPGVIzhf1lr,"That's My N**** (with Meek Mill, YG & Snoop Dogg)","That's My N**** (with Meek Mill, YG & Snoop Dogg) [From Bright: The Album]","Meek Mill;YG;Snoop Dogg",2017-12-15,199746,62,true,,2020-03-11T13:04:44Z,"rap,hyphy,g-funk,west coast hip hop,gangster rap,old school hip hop,hip hop","Atlantic Records",0.723,0.732,11,-5.514,1,0.0864,0.11,0,0.484,0.503,104.991,4
spotify:track:34Jnbbi34tPtYdutY5Pd6G,"Look Back at It (feat. CAPO PLAZA)","Look Back at It (feat. CAPO PLAZA)","A Boogie Wit da Hoodie;Capo Plaza",2019-06-07,225541,58,true,,2020-03-11T13:04:43Z,"melodic rap,italian trap,trap","Highbridge the Label / Atlantic Records",0.786,0.552,1,-8.189,1,0.0944,0.423,0,0.0873,0.551,96.025,4
spotify:track:0gFpaf1YGFOwFy5DZGYuzx,"Quanto freddo fa","Quanto freddo fa","Nashley;Giaime",2019-09-19,189073,37,false,,2020-03-11T13:04:42Z,"italian trap","Ventidiciotto",0.667,0.473,1,-10.22,0,0.235,0.521,0,0.103,0.327,91.976,4
spotify:track:18dt6tNw8hpNUdthOJf0lI,"Cracovia, Pt. 3","Cracovia, Pt. 3","Il Tre",2019-09-03,174750,46,true,,2020-03-11T13:04:42Z,"italian trap","WM Italy",0.657,0.816,4,-6.042,0,0.297,0.48,0,0.147,0.205,160.173,4
spotify:track:1IxIdzzwPiSCNu3IgfZeU6,"La Coca","Raggasonico","Babaman",2010-01-01,215226,0,false,,2020-03-11T13:04:40Z,"","Universal Music Italia srL.",0.545,0.799,7,-4.412,1,0.267,0.276,0,0.0971,0.423,82.2,4
spotify:track:4wjJAbrMPIUOafFK7VaZdC,"Soldati","Scialla Semper","Massimo Pericolo",2019-04-12,147577,0,true,,2020-03-11T13:04:39Z,"italian trap","Pluggers",0.765,0.705,0,-2.904,0,0.0527,0.0781,0,0.263,0.563,80.007,4
spotify:track:3WX0wDniCCSSvQYkhO33fZ,"Veleno 8","Veleno 8","Canesecco",2019-09-27,176303,0,true,,2020-03-11T13:04:37Z,"italian trap","Xtreme Records",0.691,0.894,7,-5.324,1,0.133,0.577,0,0.077,0.727,129.988,4
spotify:track:0LfMuWu6FKNSDHEoxHu9iK,"m12ano - feat. Mara Sattei","23 6451","thasup;Mara Sattei",2019-11-15,188426,48,true,,2020-03-11T13:04:36Z,"italian trap","Epic",0.577,0.514,2,-6.407,1,0.0392,0.0431,0.0000322,0.0843,0.479,64.822,4
spotify:track:0qkZIEHwcDyuUJPuslqPx5,"Cella senza cesso [CSC]","Scialla Semper (Emodrill Repack)","Massimo Pericolo",2019-09-27,156969,0,true,,2020-03-11T13:04:35Z,"italian trap","Pluggers",0.793,0.69,8,-6.182,1,0.178,0.175,0,0.0879,0.481,110.045,4
spotify:track:2aD5ESGyEhXnXdoOsZvsR0,"Billets (feat. Ninho)","20 (Deluxe Edition)","Capo Plaza;Ninho",2018-11-30,198536,52,false,,2020-03-11T13:04:33Z,"italian trap,trap,french rap,pop urbaine","WM Italy",0.732,0.791,1,-5.642,1,0.191,0.298,0,0.175,0.609,123.101,4
spotify:track:30Cste6qnaVsOethYhyoAn,"24/7","MM Vol. 3","MadMan",2019-02-01,167659,39,true,,2020-03-11T13:04:32Z,"italian trap","Universal Music Italia srL.",0.904,0.651,5,-7.176,0,0.1,0.315,0,0.132,0.536,127.045,4
spotify:track:5c591Ck7sCY0jqsBZgQayy,"Ouver2re","Re Mida (Aurum)","Lazza",2019-10-03,185930,45,true,,2020-03-11T13:04:32Z,"italian trap,concerto","Universal Music Italia srL.",0.745,0.493,5,-9.162,0,0.24,0.227,0,0.0804,0.519,129.993,4
spotify:track:1TaSkLG2bXx84YuKmJvncw,"Ipernova","Butterfly Effect","Mr.Rain",2018-01-26,177866,51,false,,2020-03-11T13:04:31Z,"","WMI Italy",0.547,0.638,1,-8.318,1,0.0491,0.195,0,0.107,0.569,100.655,4
spotify:track:6eYxmK9fdL4hwLnXG2zY3s,"Look At Me!","Revenge","XXXTENTACION",2017-05-16,126345,53,true,,2020-03-11T13:04:27Z,"emo rap","Bad Vibes Forever / EMPIRE",0.763,0.726,1,-6.405,1,0.282,0.259,0,0.0976,0.349,139.059,4
spotify:track:0GaWvzS26hjyY3HGwjJ9YW,"Dende","Lunga Vita a Sto","Ghali",2017-11-24,209571,0,true,,2020-03-11T13:04:27Z,"italian trap","Sto Records",0.813,0.773,6,-4.542,1,0.045,0.203,0.00000625,0.116,0.74,140.019,4
spotify:track:7noTHZbdwMkmOazuDteqmH,"Baba Jaga","Suicidol","Nitro",2015-05-26,147746,41,true,,2020-03-11T13:04:26Z,"italian trap","Epic",0.728,0.878,7,-3.958,1,0.325,0.357,0.00273,0.13,0.607,144.909,4
spotify:track:7IodmRmNI9m1Scoyar9xsP,"Ansia","Scialla Semper","Massimo Pericolo;Ugo Borghetti",2019-04-12,216000,0,true,,2020-03-11T13:04:24Z,"italian trap","Pluggers",0.608,0.757,2,-5.141,1,0.371,0.323,0,0.282,0.278,78.098,4
spotify:track:19dpoXTHgYOunJMfohMMEp,"Sabbie d'oro","Scialla Semper","Massimo Pericolo;Generic Animal",2019-04-12,236292,0,true,,2020-03-11T13:04:23Z,"italian trap","Pluggers",0.509,0.751,0,-5.742,1,0.426,0.527,0,0.768,0.584,92.949,4
spotify:track:4jPO7yrsX7sHXtME7cQ5M3,"Magicabula","Magicabula","JUNIOR CALLY",2017-11-17,157422,39,true,,2020-03-11T13:04:22Z,"italian trap","JUNIOR CALLY",0.537,0.891,7,-5.979,0,0.189,0.187,0,0.149,0.553,180.115,3
spotify:track:2dRp9MdWDaobzUCefxBZxk,"Scialla semper","Scialla Semper","Massimo Pericolo",2019-04-12,160330,0,true,,2020-03-11T13:04:15Z,"italian trap","Pluggers",0.764,0.792,3,-5.454,1,0.0586,0.251,0.0000501,0.303,0.149,104.983,4
spotify:track:3Jfi1WRHzREEGBDsaCrIXD,"Bene","Nonostante Tutto","Gemitaiz",2016-01-22,237250,58,false,,2020-03-11T13:04:14Z,"italian trap","Universal Music Italia srL.",0.744,0.659,6,-7.191,1,0.142,0.0623,0,0.114,0.746,136.089,4
spotify:track:41FusdKMoGstfNPq7TXjXX,"Rotten","Suicidol","Nitro",2015-05-26,238093,53,true,,2020-03-11T13:04:14Z,"italian trap","Epic",0.719,0.897,6,-3.082,1,0.348,0.0811,0,0.373,0.829,95.373,4
spotify:track:45xyKCey4BM3fMeFEsF1Hp,"Cenere","Cenere","Nashley;2nd Roof",2019-03-22,170196,49,true,,2020-03-11T13:04:13Z,"italian trap","3Flowrida",0.722,0.685,7,-8.815,0,0.114,0.683,0.0000252,0.141,0.334,109.968,4
spotify:track:60muwbD6E61lEYQSnEYlLc,"Giovane fuoriclasse","20","Capo Plaza",2018-04-20,221973,63,false,,2020-03-11T13:04:11Z,"italian trap,trap","WMI Italy",0.715,0.703,1,-5.01,1,0.15,0.507,0,0.0855,0.0972,133.116,4
spotify:track:1XiF40UZiMZstIl37DdRaC,"Netflix","Re Mida","Lazza",2019-03-01,153826,48,true,,2020-03-11T13:04:10Z,"italian trap,concerto","Universal Music Italia srL.",0.713,0.716,10,-6.448,0,0.263,0.146,0,0.105,0.577,192.175,4
spotify:track:3Y00k9cPoW8BnJesUEFoWn,"Rozzi","Rozzi","Paky",2019-09-11,163053,0,true,,2020-03-11T13:04:09Z,"italian trap","White_Trap",0.874,0.487,9,-9.806,1,0.312,0.103,0.00000272,0.103,0.724,131.088,4
spotify:track:5qbVso0dAtoI2gFhj7V8oG,"Catrame (feat. Tedua)","Re Mida","Lazza;Tedua",2019-03-01,200146,54,true,,2020-03-11T13:04:09Z,"italian trap,concerto","Universal Music Italia srL.",0.735,0.679,0,-7.946,0,0.28,0.0663,0,0.13,0.742,74.502,4
spotify:track:020wG4EHTwBy5h2rbpxqvK,"SUPREME - L'ego (feat. tha Supreme & Sfera Ebbasta)","Persona","Marracash;thasup;Sfera Ebbasta",2019-10-31,223045,0,true,,2020-03-11T13:04:08Z,"concerto,italian trap,trap","Universal Music Italia srL.",0.656,0.661,9,-5.888,1,0.0602,0.0686,0,0.125,0.509,140.956,4
spotify:track:0JP9xo3adEtGSdUEISiszL,"Moonlight","?","XXXTENTACION",2018-03-16,135090,83,true,,2020-03-11T13:04:06Z,"emo rap","Bad Vibes Forever, LLC",0.921,0.537,9,-5.723,0,0.0804,0.556,0.00404,0.102,0.711,128.009,4
spotify:track:3RsSxNSorUqe9K4qEGTlGC,"Allenamento #2","Allenamento #2","Capo Plaza;AVA",2017-03-13,151421,60,true,,2020-03-11T13:04:06Z,"italian trap,trap","Plaza Music Srl",0.86,0.601,1,-7.247,0,0.509,0.406,0,0.103,0.0589,80.019,4
spotify:track:2DlPowMM4OsncnvGJ9Apzi,"Sporco Dinero","Sporco Dinero","KAYLER;Boston George",2019-04-08,169097,0,false,,2020-03-11T13:04:05Z,"italian trap","Kayler [Powered by Planet Distribution]",0.712,0.635,4,-5.553,0,0.33,0.0205,0,0.0886,0.474,78.177,4
spotify:track:02vQdLz3SM3Kh0pgLJCZrC,"Se Solo Potessi","COME IL RE LEONE","Cranio Randagio",2018-10-30,201360,39,false,,2020-03-11T13:04:04Z,"","CRANIO RANDAGIO",0.734,0.736,0,-5.156,0,0.091,0.141,0,0.106,0.211,100.091,4
spotify:track:6GQUygYI8mSo20D8nTJJ6U,"Petrolio","Love & Feelings","Cranio Randagio",2016-03-18,244213,41,true,,2020-03-11T13:04:03Z,"","Rugbeats Plus",0.692,0.775,6,-6.916,0,0.24,0.0842,0,0.112,0.53,82.239,4
spotify:track:0QvhWAa8Xxia8Efct2rv7x,"Ulisse","Redenzione","lowlow",2017-01-13,204800,0,true,,2020-03-11T13:04:01Z,"italian trap","Sugar music",0.683,0.745,7,-6.2,0,0.28,0.093,0,0.127,0.31,95.933,4
spotify:track:13pPMF0wN7r19IU8vV2igc,"E Fumo Ancora - Acoustic Version","Ogni maledetto giorno (Inferno Edition)","Mostro;Ultimo",2018-05-11,233857,31,true,,2020-03-11T13:03:59Z,"italian trap,concerto","Honiro",0.485,0.564,0,-10.308,0,0.438,0.834,0,0.0956,0.282,183.519,4
spotify:track:3js3i9hDnqzh2qPJxxQh0b,"Yankee Candle","Bellaria","Vegas Jones",2018-03-23,199989,41,false,,2020-03-11T13:03:58Z,"italian trap","Universal Music Italia srL.",0.775,0.546,8,-8.958,0,0.283,0.172,0.0000328,0.132,0.414,156.045,4
spotify:track:4T7nI6RllPyFPXJtIAtC7l,"Pleasantville","Suicidol","Nitro",2015-05-26,349560,62,true,,2020-03-11T13:03:56Z,"italian trap","Epic",0.446,0.843,11,-5.366,0,0.156,0.00166,0.00000677,0.186,0.186,129.132,4
spotify:track:4s5rr8IDii85x5MSszoz3l,"OPS","OPS","nayt",2017-11-21,144000,0,false,,2020-03-11T13:03:55Z,"italian trap,concerto","VNT1 Records",0.691,0.598,11,-10.376,1,0.358,0.198,0,0.0711,0.688,160.201,4
spotify:track:7imppCsqBzOEkpqm1jXCZP,"Porto Cervo","Re Mida","Lazza",2019-03-01,233680,52,true,,2020-03-11T13:03:52Z,"italian trap,concerto","Universal Music Italia srL.",0.855,0.666,10,-4.567,0,0.104,0.2,0,0.105,0.757,100.007,4
spotify:track:5NF5Y4xv0tnTJFJgrqbA5o,"Taki Taki","Trap Lovers (Reloaded)","Dark Polo Gang",2019-05-24,150335,43,true,,2020-03-11T13:03:51Z,"italian trap,trap","Universal Music Italia srL.",0.836,0.569,10,-6.939,0,0.306,0.145,0.0000359,0.0866,0.473,93.064,4
spotify:track:3Rmv3h4ovgt9xVgWOfMlLx,"Toradol","QVC8 – Singles","Gemitaiz",2018-12-28,136118,56,false,,2020-03-11T13:03:51Z,"italian trap","Universal Music Italia srL.",0.701,0.623,2,-5.271,1,0.0493,0.00804,0.013,0.498,0.471,158.891,4
spotify:track:1Z5y1PBVbvBdl98UPybxdb,"R8","MM Vol. 3","MadMan",2019-02-01,108272,40,false,,2020-03-11T13:03:49Z,"italian trap","Universal Music Italia srL.",0.658,0.692,0,-5.389,0,0.338,0.367,0,0.0986,0.213,77.542,4
spotify:track:2bN0p91LZmBKmgmpIGu5RI,"So cosa fare","So cosa fare","Capo Plaza",2019-06-20,175068,44,true,,2020-03-11T13:03:47Z,"italian trap,trap","WM Italy",0.766,0.635,9,-5.489,1,0.146,0.115,0.00000185,0.0781,0.491,146.068,4
spotify:track:5YxP1CkunbhUQVvctFOHa7,"fuck 3x","23 6451","thasup",2019-11-15,161266,57,true,,2020-03-11T13:03:46Z,"italian trap","Epic",0.655,0.814,5,-5.472,0,0.0823,0.0698,0,0.107,0.69,180.082,4
spotify:track:2nRWqhOJRXt2vV30xXrNVy,"Guai","Guai","Shiva",2019-03-28,174800,0,true,,2020-03-11T13:03:44Z,"italian trap,concerto","Guna",0.799,0.624,9,-7.504,0,0.462,0.0699,0,0.0966,0.497,150.08,4
spotify:track:1Wbc0N0X1zkFqnKGcj8Quh,"Polo nord - C+N Progressive Mix","Scialla Semper (Emodrill Repack)","Massimo Pericolo;Crookers;Nic Sarno",2019-09-27,249303,0,true,,2020-03-11T13:03:41Z,"italian trap","Pluggers",0.645,0.895,6,-4.786,1,0.0347,0.00619,0.00297,0.261,0.174,126.011,4
spotify:track:7GfXjqXD9aBvDoBdZ7EwPH,"Veleno 6","MM Vol. 2","MadMan;Gemitaiz",2016-11-11,205125,55,false,,2020-03-11T13:03:40Z,"italian trap","Universal Music Italia srL.",0.753,0.846,2,-6.846,1,0.0936,0.193,0,0.29,0.636,147.871,4
spotify:track:6h5nbfvIJHRNH3oGrNWJwn,"Pookie (feat. Capo Plaza) - Remix","NAKAMURA (Deluxe Edition)","Aya Nakamura;Capo Plaza",2019-10-25,188400,46,false,,2020-03-11T13:03:40Z,"french r&b,pop urbaine,italian trap,trap","Rec. 118",0.841,0.62,1,-6.91,1,0.0959,0.0584,0,0.0988,0.519,98.023,4
spotify:track:7aVX95NjONZszSeb8vJZF3,"Amici","Scialla Semper","Massimo Pericolo",2019-04-12,180950,0,true,,2020-03-11T13:03:39Z,"italian trap","Pluggers",0.618,0.715,1,-4.966,1,0.254,0.395,0,0.137,0.457,140.355,4
spotify:track:4KilYheWwxakB1L43ECTeP,"Gigolò (feat. Sfera Ebbasta & Capo Plaza)","Re Mida (Aurum)","Lazza;Sfera Ebbasta;Capo Plaza",2019-10-03,164301,56,true,,2020-03-11T13:03:38Z,"italian trap,concerto,trap","Universal Music Italia srL.",0.795,0.634,5,-8.771,0,0.142,0.0889,0,0.0874,0.39,97.512,4
spotify:track:7HwvPmK74MBRDhCIyMXReP,"blun7 a swishland","23 6451","thasup",2019-11-15,167760,55,true,,2020-03-11T13:03:38Z,"italian trap","Epic",0.692,0.792,7,-5.984,1,0.245,0.13,0,0.255,0.566,129.883,4
spotify:track:67vjEOTkBppbVLUUq5mEJz,"7 miliardi","Scialla Semper","Massimo Pericolo",2019-04-12,167089,0,true,,2020-03-11T13:03:36Z,"italian trap","Pluggers",0.307,0.74,1,-4.089,1,0.14,0.0324,0.000678,0.486,0.362,142.92,3
spotify:track:34UHhwlly3SHryWuVfMOJm,"Fuori E Dentro (feat. thasup)","Scatola Nera","Gemitaiz;MadMan;thasup",2019-09-19,170000,53,true,,2020-03-11T13:03:34Z,"italian trap","Universal Music Italia srL.",0.919,0.582,2,-7.201,1,0.119,0.111,0,0.118,0.538,123.947,4
spotify:track:5mn8bU8IjYqr8ZqTDmLtSO,"Bossoli","Bossoli","Shiva",2019-09-05,178758,57,true,,2020-03-11T13:03:33Z,"italian trap,concerto","Jive",0.825,0.655,5,-8.475,0,0.255,0.436,0,0.138,0.8,145.045,3
spotify:track:1yjyFN62WDYfjH7FaiVHL8,"Oh Cacchio","Oh Cacchio","Leon Faun;Duffy",2019-11-29,129624,0,true,,2020-03-11T13:03:32Z,"italian trap","Leon Faun & Duffy",0.788,0.683,2,-11.442,1,0.342,0.241,0,0.153,0.587,100.197,4
spotify:track:46UICHSbrXgkklcUGH1rO0,"Taboo","Taboo","Leon Faun;Duffy",2019-09-16,130000,0,false,,2020-03-11T13:03:25Z,"italian trap","Leon Faun & Duffy",0.908,0.568,0,-10.79,1,0.179,0.0696,0,0.114,0.45,119.964,4
spotify:track:4uJB4EgZdElErfEQt9YQrb,"Gameboy Color - prod. thasup","Fruit Joint","Dani Faiv;thasup",2018-07-20,146666,36,true,,2020-03-11T13:03:25Z,"italian trap","Epic",0.651,0.658,7,-8.036,1,0.105,0.0104,0,0.233,0.629,72.98,4
spotify:track:4JJtZMgxQgTlBBg7E9Qeac,"Bimbi","Bimbi","Charlie Charles;Izi;Rkomi;Sfera Ebbasta;Tedua;Ghali",2017-03-24,240245,58,false,,2020-03-11T13:03:24Z,"italian trap,concerto,trap","Universal Music Italia srL.",0.768,0.753,10,-4.482,0,0.185,0.0305,0,0.11,0.633,133.977,4
spotify:track:54ivBWjaiBH5W2fAVYV1k3,"Fumo bianco","Fumo bianco","Chadia",2018-06-08,251830,53,true,,2020-03-11T13:03:22Z,"italian trap","Doner Music",0.746,0.751,10,-5.375,0,0.0414,0.226,0.00000248,0.121,0.258,141.963,4
spotify:track:4I0zrlR1lT6aHYiu79MzWy,"Wild Bandana (feat. Tedua & Vaz Tè)","Pizzicato","Izi;Tedua;Vaz Tè",2017-05-05,309306,52,false,,2020-03-11T13:03:20Z,"italian trap,concerto","Epic",0.738,0.817,1,-6.284,0,0.232,0.117,0,0.0625,0.612,122.055,4
spotify:track:2ENMk1l6s6SRhJNQ2KOnwz,"Stronzo","TILT!","G.bit",2019-06-14,192596,0,true,,2020-03-11T13:03:19Z,"italian trap","WM Italy",0.704,0.625,11,-8.131,0,0.0501,0.0114,0,0.166,0.452,127.918,4
spotify:track:6tZMOb2GH1Y4ean4EgQr6G,"Fumo Bevo Rido","TILT!","G.bit",2019-06-14,145637,0,true,,2020-03-11T13:03:18Z,"italian trap","WM Italy",0.832,0.49,8,-8.237,1,0.176,0.0443,0,0.0557,0.204,116.127,4
spotify:track:4iHvUClvh0Tt277bvN1PZ8,"La prima volta","The Island Chainsaw Massacre","Salmo",2011-02-01,227944,29,true,,2020-03-11T13:03:17Z,"italian trap,concerto","Kick Off! Recordz",0.51,0.856,4,-6.254,0,0.261,0.0712,0,0.665,0.621,93.881,4
spotify:track:6aq8kUWOU67hnT9iPsQSOY,"Ganja Boat","Machete Mixtape Gold Edition","En?gma;Hell Raton;Nitro",2015-10-30,179440,41,true,,2020-03-11T13:03:16Z,"italian trap","Machete Productions Srl",0.694,0.705,2,-8.202,1,0.454,0.321,0,0.193,0.937,174.1,4
spotify:track:6Dc0dVdO1xJmEOadnhyPcS,"MELISSA P","FSK TRAPSHIT","FSK SATELLITE",2019-07-11,166870,48,true,,2020-03-11T13:03:15Z,"italian trap","Universal Music Italia srL.",0.722,0.665,9,-8.038,0,0.255,0.247,0,0.089,0.462,150.095,4
spotify:track:2Yd6hF9rBSibtF4hlcnBEw,"GANG (feat. Geolier)","GANG","Samurai Jay;M4W;Dat Boi Dee;Geolier",2019-09-16,161684,43,true,,2020-03-11T13:03:15Z,"italian trap,canzone napoletana,neomelodico,concerto","Universal Music Italia srL.",0.803,0.456,11,-10.783,1,0.243,0.0358,0,0.212,0.583,95.013,4
spotify:track:6a2Xgy3nTIHI37bj5RIKqx,"Mc Drive (feat. Shiva)","Arte","MamboLosco;Shiva",2019-09-11,188320,47,false,,2020-03-11T13:03:11Z,"italian trap,mambo,concerto","Universal Music Italia srL.",0.81,0.603,2,-8.071,1,0.0405,0.109,0,0.295,0.805,136.003,4
spotify:track:3FNy4yzOhHhFBeA5p4ofoq,"Young, Wild & Free (feat. Bruno Mars)","Young, Wild & Free (feat. Bruno Mars)","Snoop Dogg;Wiz Khalifa;Bruno Mars",2011-10-21,207346,73,false,,2020-03-11T13:03:08Z,"g-funk,west coast hip hop,gangster rap,old school hip hop,hip hop,rap","Rostrum/Atlantic",0.553,0.652,0,-6.685,1,0.206,0.0897,0,0.111,0.551,94.505,4
spotify:track:2PQuj6TMxl5hcgMG30e2Ij,"Non sto più in zona","Non sto più in zona","Shiva;Pyrex",2019-10-03,155825,44,true,,2020-03-11T13:03:08Z,"italian trap,concerto","Jive",0.86,0.711,8,-6.596,0,0.183,0.115,0,0.14,0.502,105.027,4
spotify:track:0VU34EBWTAlHVIZE3aWlZA,"YOSHI (feat. thasup, Fabri Fibra & Capo Plaza) - prod. Strage [Remix]","YOSHI (feat. thasup, Fabri Fibra & Capo Plaza) [prod. Strage [Remix]]","MACHETE;Dani Faiv;J Balvin;thasup;Fabri Fibra;Capo Plaza",2019-09-13,293590,47,true,,2020-03-11T13:03:05Z,"italian trap,reggaeton,latin,concerto,trap","Epic",0.79,0.714,2,-5.119,1,0.265,0.234,0,0.114,0.774,83.593,4
spotify:track:1f5cbQtDrykjarZVrShaDI,"Drowning (feat. Kodak Black)","The Bigger Artist","A Boogie Wit da Hoodie;Kodak Black",2017-09-29,209269,77,true,,2020-03-11T13:03:05Z,"melodic rap","Highbridge The Label",0.839,0.81,5,-5.274,0,0.0568,0.501,0,0.117,0.814,129.014,4
spotify:track:0EMhBAtDSKQ4NBT6tgmcY7,"Piove","Piove","nayt",2017-10-03,203142,0,false,,2020-03-11T13:03:04Z,"italian trap,concerto","VNT1 Records",0.703,0.461,1,-10.606,1,0.177,0.0754,0,0.383,0.24,140.056,4
spotify:track:2gUn6S1SuuXK0BvypPKnir,"NO WAY (feat. Nitro) - prod. Low Kidd","MACHETE MIXTAPE 4","MACHETE;Tedua;thasup;Nitro",2019-07-05,218023,44,true,,2020-03-11T13:03:04Z,"italian trap,concerto","Epic",0.739,0.727,6,-7.072,0,0.329,0.0344,0,0.681,0.43,131.024,4
spotify:track:2umL0eO9N7iNxDay6i2rVi,"STAR WARS - prod. Young Miles - Crookers x Nic Sarno","MACHETE MIXTAPE 4","MACHETE;Fabri Fibra;Massimo Pericolo",2019-07-05,208621,48,true,,2020-03-11T13:03:03Z,"italian trap,concerto","Epic",0.789,0.767,0,-4.54,1,0.119,0.146,0,0.0854,0.58,129.961,4
spotify:track:0iRKVjfQzpr41T3WsU7shl,"Lento","Lento","Boro;Don Joe;MamboLosco",2019-06-07,162362,53,true,,2020-03-11T13:03:01Z,"italian trap,mambo","Guna",0.651,0.864,8,-5.799,0,0.225,0.378,0,0.227,0.812,181.936,4
spotify:track:5dWDWnIlasGDHFqTkfsWrm,"Non ti scordar mai di me","Gaetana","Giusy Ferreri",2008-11-17,207813,47,false,,2020-03-11T13:02:59Z,"","Ricordi",0.775,0.724,11,-2.847,0,0.0391,0.602,0,0.278,0.513,127.035,4
spotify:track:5nFX29WZIulql4m4ic0KRw,"MAMMASTOMALE (feat. Salmo) - prod. Dade","MACHETE MIXTAPE 4","MACHETE;Gemitaiz;Izi;Salmo",2019-07-05,154549,51,true,,2020-03-11T13:02:59Z,"italian trap,concerto","Epic",0.764,0.666,2,-6.995,1,0.0828,0.0404,0.0000584,0.136,0.216,139.976,4
spotify:track:28fRkU3vhqAJdl9i9458pQ,"MARYLEAN (feat. Marracash) - prod. Low Kidd","MACHETE MIXTAPE 4","MACHETE;Salmo;Nitro;Marracash",2019-07-05,144097,59,true,,2020-03-11T13:02:58Z,"italian trap,concerto","Epic",0.722,0.646,2,-6.743,0,0.31,0.0776,0,0.594,0.661,136.955,4
spotify:track:1f1mvHcJwPPponfS45uRp1,"Money Rain","Money Rain","Boro;YOUNGGUCCI;LGND",2018-09-18,219259,48,true,,2020-03-11T13:02:55Z,"italian trap","Guna",0.667,0.715,1,-5.522,1,0.188,0.437,0,0.828,0.511,162.106,5
spotify:track:6gaeewGjNiQhWOUkWRSLTa,"Una volta ancora (feat. Ana Mena)","Una volta ancora (feat. Ana Mena)","Fred De Palma;Ana Mena",2019-06-04,174291,0,false,,2020-03-11T13:02:54Z,"","WM Italy",0.771,0.638,8,-5.342,1,0.0622,0.0848,0,0.104,0.591,124.039,4
spotify:track:47ZWr1Nb0PUgmKgyg5JkgO,"River Flows In You - Original","First Love (Yiruma Piano Collection)","Yiruma",2001-11-27,185527,0,false,,2020-03-11T13:02:53Z,"neoclassical","Stomp Music",0.31,0.218,9,-21.398,1,0.0507,0.988,0.952,0.085,0.0969,145.074,4
spotify:track:00kmS9AuiCUkjE3noas2E3,"Torna Da Me","Potere (Il Giorno Dopo)","Luchè",2019-06-18,180009,30,false,,2020-03-11T13:02:52Z,"italian trap,concerto,canzone napoletana","Universal Music Italia srL.",0.626,0.557,4,-5.541,0,0.0339,0.658,0,0.236,0.785,120.034,4
spotify:track:3QO0WfeJKuEm9Z4r5lcQPi,"Chi Lo Sa","Chi Lo Sa","Chakra",2019-06-07,178217,0,false,,2020-03-11T13:02:50Z,"italian trap","blessed worldwide",0.689,0.563,10,-6.395,1,0.0801,0.139,0,0.0991,0.18,101.091,4
spotify:track:07rmSXN6vNoquX1AsWd9pP,"Lalala","Lalala","Y2K;bbno$",2019-06-07,160615,0,true,,2020-03-11T13:02:49Z,"","Y2K",0.843,0.391,2,-7.899,1,0.0845,0.181,0,0.137,0.496,129.972,4
spotify:track:6NuznxrR3H16extb8qVlMQ,"420","420","MamboLosco;Nashley;Edo Fendy;Kerim",2017-11-22,264837,30,true,,2020-03-11T13:02:48Z,"italian trap,mambo","Sugo",0.812,0.702,8,-6.206,0,0.235,0.253,0.00000259,0.116,0.475,131.868,4
spotify:track:3QKOeXulifabbeVYqFEYLG,"Piano Piano Way","Piano Piano Way","MamboLosco;Nashley",2017-12-15,228025,36,true,,2020-03-11T13:02:47Z,"italian trap,mambo","Sugo",0.64,0.664,5,-6.187,0,0.16,0.361,0,0.0965,0.449,129.928,4
spotify:track:3fV9z98dnQLSIPIMMJXCm7,"Veleno 7","Veleno 7","Gemitaiz;MadMan",2019-06-07,173370,0,true,,2020-03-11T13:02:46Z,"italian trap","Universal Music Italia srL.",0.806,0.843,6,-6.237,0,0.0601,0.156,0.0000124,0.363,0.327,132.991,4
spotify:track:2665YLaM0dLaIhkjpUHT7k,"SCACCIACANI - feat. Massimo Pericolo - prod. Crookers & Nic Sarno","SCACCIACANI (feat. Massimo Pericolo - prod. Crookers & Nic Sarno)","Ketama126;Massimo Pericolo",2019-05-24,219947,47,true,,2020-03-11T13:02:45Z,"italian trap","Epic",0.651,0.649,0,-4.363,0,0.0366,0.237,0,0.128,0.455,133.971,4
spotify:track:4nvsA575k8HrEjdQ78Ymvi,"Certi Giorni (feat. Nitro)","68 (Till The End)","Ernia;Nitro",2019-04-05,194651,53,true,,2020-03-11T13:02:44Z,"italian trap","Universal Music Italia srL.",0.739,0.539,7,-7.486,1,0.271,0.0308,0.000233,0.0961,0.358,85.965,4
spotify:track:0KvKUijfGJjBgtWse4ot1Y,"Lewandowski VI","68 (Till The End)","Ernia",2019-04-05,122424,45,false,,2020-03-11T13:02:42Z,"italian trap","Universal Music Italia srL.",0.587,0.813,1,-6.057,1,0.444,0.19,0.0000107,0.111,0.429,197.998,4
spotify:track:5YEOzOojehCqxGQCcQiyR4,"Panda","New English","Desiigner",2016-06-26,246761,68,true,,2020-03-11T13:02:41Z,"","Getting Out Our Dreams Inc. (G.O.O.D.) Music / IDJ",0.576,0.766,10,-4.943,0,0.449,0.0278,0.00000171,0.366,0.236,144.836,4
spotify:track:7gsrnKtbjaNaLmThaEaDi9,"Arcobaleno","Arcobaleno","MamboLosco",2019-05-03,156000,31,false,,2020-03-11T13:02:38Z,"italian trap,mambo","Universal Music Italia srL.",0.535,0.503,9,-9.796,0,0.294,0.533,0.000104,0.124,0.3,115.333,4
spotify:track:40g6acaJbJWKeU707y9pNg,"Il cielo guarda te","Il cielo guarda te","Fred De Palma",2016-09-23,218709,28,false,,2020-03-11T13:02:37Z,"","WM Italy",0.766,0.523,7,-7.063,1,0.0536,0.0107,0,0.389,0.213,123.976,4
spotify:track:18AJRdgUoO9EYn11N7xzaT,"Habits (Stay High)","Queen Of The Clouds","Tove Lo",2014-09-24,209160,76,false,,2020-03-11T13:02:36Z,"","Universal Music AB",0.733,0.65,5,-3.539,1,0.0315,0.0703,0.0000659,0.0829,0.348,110.003,4
spotify:track:6oO10y1h2VyxJQfomG4CtH,"Take Me Home","I Cry When I Laugh","Jess Glynne",2015,265381,66,false,,2020-03-11T13:02:34Z,"","Atlantic Records UK",0.582,0.451,9,-6.163,1,0.0388,0.292,0,0.101,0.242,75.126,4
spotify:track:7e124Ufisf2zAHIoEiUwjq,"Sangue di drago","Musica per bambini","Rancore",2018-06-01,329080,0,false,,2020-03-11T13:02:32Z,"","Hermetic",0.487,0.784,9,-7.184,1,0.323,0.0584,0,0.129,0.25,101.22,3
spotify:track:7iTTQvztpfrDneVSX9IGBD,"Stamm Fort (feat. Sfera Ebbasta)","Potere","Luchè;Sfera Ebbasta",2019-01-24,171375,60,false,,2020-03-11T13:02:32Z,"italian trap,concerto,canzone napoletana,trap","Universal Music Italia srL.",0.78,0.521,0,-5.094,1,0.123,0.0983,0.000125,0.0967,0.643,160.087,4
spotify:track:7JNkwOPmxtvhIN2icvgNDy,"Ace","Ace","Edo Fendy",2018-01-12,100500,19,true,,2020-03-11T13:02:31Z,"italian trap,mambo","Sugo",0.403,0.56,8,-7.829,1,0.0779,0.189,0,0.269,0.518,124.668,4
spotify:track:7pNSr2gQMVghpTcZvQUroa,"Guarda come flexo","Guarda come flexo","MamboLosco;Edo Fendy",2017-09-20,149669,44,true,,2020-03-11T13:02:30Z,"italian trap,mambo","Sugo",0.839,0.655,0,-5.904,1,0.149,0.355,0,0.126,0.482,140.024,4
spotify:track:3a9TMd2Yrza6HXqqlfMtfy,"Est-ce que tu m'aimes ? - Pilule bleue","Mon coeur avait raison","GIMS",2015-08-28,237093,79,false,,2020-03-11T13:02:26Z,"french rap,french r&b,french pop,pop urbaine","Jive Epic",0.779,0.852,2,-3.353,1,0.0651,0.235,0,0.212,0.601,119.892,4
spotify:track:3unYBoYZHfhRE10KcW5C4o,"Santana","Santana","Shiva",2018-10-01,153290,0,false,,2020-03-11T13:02:24Z,"italian trap,concerto","Shiva",0.697,0.643,1,-6.214,0,0.282,0.0515,0,0.0841,0.473,154.927,4
spotify:track:7GX5flRQZVHRAGd6B4TmDO,"XO Tour Llif3","Luv Is Rage 2","Lil Uzi Vert",2017-08-25,182706,81,true,,2020-03-11T13:02:22Z,"melodic rap","Generation Now/Atlantic",0.732,0.75,11,-6.366,0,0.231,0.00264,0,0.109,0.401,155.096,4
spotify:track:285pBltuF7vW8TeWk8hdRR,"Lucid Dreams","Goodbye & Good Riddance","Juice WRLD",2018-12-10,239835,84,true,,2020-03-11T13:02:19Z,"melodic rap,emo rap","Juice WRLD Mixtape / ISR P&D",0.511,0.566,6,-7.23,0,0.2,0.349,0,0.34,0.218,83.903,4
spotify:track:3PQGWVFseYQFqJjd5jtoP3,"Carillon","Carillon","Mr.Rain",2015-12-18,207490,0,false,,2020-03-11T13:02:17Z,"","Italo",0.69,0.678,3,-6.369,1,0.0773,0.668,0,0.0656,0.405,95.095,4
spotify:track:6AbVJjzv7thIvmMCuhZrmK,"Make It Bun Dem","Make It Bun Dem","Skrillex;Damian ""Jr Gong"" Marley",2012-05-01,213696,68,false,,2020-03-11T13:02:16Z,"dubstep,edm,electro,electronic","Big Beat Records/OWSLA",0.556,0.881,7,-2.224,1,0.082,0.00119,0,0.0709,0.337,104.973,1
spotify:track:3WQJd5uYQ40Qlol1Q8pIpe,"Fame","Fame","nayt;3D;MadMan",2018-10-12,224000,0,true,,2020-03-11T13:02:16Z,"italian trap,concerto","VNT1 Records",0.914,0.766,9,-7.707,0,0.0861,0.524,0,0.123,0.676,115.001,4
spotify:track:4sYbBt781iAS2S76IeMwIG,"Fumo Da Solo","Fumo Da Solo","Izi",2018-10-05,221571,0,true,,2020-03-11T13:02:14Z,"italian trap","Universal Music Italia srL.",0.724,0.605,7,-8.14,0,0.0544,0.0626,0,0.108,0.52,140.091,4
spotify:track:1YzlPeHWPU0JeM0u4ya5zj,"90MIN","90MIN","Salmo",2018-09-21,231907,34,true,,2020-03-11T13:02:13Z,"italian trap,concerto","Epic",0.715,0.675,1,-7.657,1,0.301,0.035,0,0.842,0.535,122.224,4
spotify:track:0EYOdF5FCkgOJJla8DI2Md,"B.Y.O.B.","Mezmerize","System Of A Down",2005-05-17,255466,79,true,,2020-03-11T13:02:11Z,"nu metal,metal,alternative metal,rap metal,rock","American/Columbia",0.538,0.981,1,-2.688,0,0.14,0.00662,0,0.219,0.711,101.414,4
spotify:track:4hwwDxMDxwNbCyUJuI5sLa,"Trankilo","Chic Nisello","Vegas Jones;Nitro",2017-01-26,240000,0,true,,2020-03-11T13:02:11Z,"italian trap","Dogozilla Empire",0.789,0.799,10,-4.696,0,0.182,0.0107,0,0.0935,0.385,124.182,4
spotify:track:6gBFPUFcJLzWGx4lenP6h2,"goosebumps","Birds In The Trap Sing McKnight","Travis Scott",2016-09-16,243836,85,true,,2020-03-11T13:02:09Z,"rap","Cactus Jack / Epic",0.841,0.728,7,-3.37,1,0.0484,0.0847,0,0.149,0.43,130.049,4
spotify:track:58q2HKrzhC3ozto2nDdN4z,"I Like It","Invasion of Privacy","Cardi B;Bad Bunny;J Balvin",2018-04-06,253390,80,true,,2020-03-11T13:02:09Z,"reggaeton,trap latino,urbano latino,latin","Atlantic/KSR",0.816,0.726,5,-3.998,0,0.129,0.099,0,0.372,0.65,136.048,4
spotify:track:2w5wtWq30yTkNSG9YjMFvW,"Pianeti","Pianeti","Ultimo",2017-10-06,224000,43,false,,2020-03-11T13:02:06Z,"concerto","Honiro",0.55,0.488,8,-9.425,1,0.196,0.281,0,0.372,0.108,80.112,4
spotify:track:1ex3YwDpPLF2JeA8ZgPBto,"Balla","BALLA","Zoda",2018-09-11,200777,38,true,,2020-03-11T13:02:05Z,"italian trap","Battitorumore",0.451,0.844,3,-4.95,0,0.106,0.436,0,0.104,0.481,79.934,4
spotify:track:7jUJ2RmT4PFHHq4goMWqm3,"Chic","Fenice","Izi",2016-05-13,212640,64,false,,2020-03-11T13:02:04Z,"italian trap","Epic",0.471,0.628,2,-6.197,0,0.187,0.269,0,0.195,0.19,129.996,4
spotify:track:76xea5TfeyVu8c4dGWpFD2,"Bella Giornata (prod. Dogslife, Mago del blocco) (feat. Dogslife & Mago del Blocco)","Bella Giornata (prod. Dogslife, Mago del blocco) (feat. Dogslife & Mago del Blocco)","OG Eastbull;Dogslife;Mago del Blocco",2018-05-23,181368,38,true,,2020-03-11T13:02:03Z,"italian trap","Urbana Label",0.744,0.68,7,-4.98,1,0.332,0.627,0.00000444,0.117,0.801,132.013,4
spotify:track:3OXg7BQrRbg5s08arP0PNL,"L'erba della giovinezza (Maria)","Amore vero","Brusco",2006,223400,48,true,,2020-03-11T13:02:00Z,"","One Love Records",0.786,0.906,1,-2.873,0,0.244,0.0791,0,0.0428,0.688,96.589,4
spotify:track:0y8UKPyJOluqIuacosTKEv,"Monster (Dotexe Remix)","Monster (Dotexe Remix)","Nightcore",2017-03-01,184946,59,false,,2020-03-11T13:01:59Z,"nightcore","Nightored",0.578,0.649,0,-5.649,1,0.0878,0.416,0.00253,0.0869,0.386,168.813,4
spotify:track:73RSAWx3rE8bSQqekZQ0DH,"Niente Male - RMX","Niente Male (RMX)","Zano;Chakra;MadMan",2018-08-08,192786,31,false,,2020-03-11T13:01:58Z,"italian trap","Universal Music Italia srL.",0.786,0.472,9,-13.992,1,0.227,0.122,0,0.0793,0.484,91.504,4
spotify:track:7KZ5MMVgBVox9ycroB2UrI,"CAROUSEL","ASTROWORLD","Travis Scott",2018-08-03,180182,64,true,,2020-03-11T13:01:57Z,"rap","Cactus Jack / Epic",0.428,0.403,5,-5.914,0,0.209,0.229,0,0.22,0.133,95.387,5
spotify:track:1qDrWA6lyx8cLECdZE7TV7,"Somebody That I Used To Know","Making Mirrors","Gotye;Kimbra",2011-01-01,244884,82,false,,2020-03-11T13:01:56Z,"","Universal-Island Records Ltd.",0.865,0.521,0,-6.932,1,0.0371,0.548,0.000115,0.0989,0.748,129.059,4
spotify:track:2G7V7zsVDxg1yRsu7Ew9RJ,"In My Feelings","Scorpion","Drake",2018-06-29,217925,74,true,,2020-03-11T13:01:54Z,"rap","Cash Money/Drake LP6",0.835,0.626,1,-5.833,1,0.125,0.0589,0.00006,0.396,0.35,91.03,4
spotify:track:5kqIPrATaCc2LqxVWzQGbk,"7 Years","Lukas Graham","Lukas Graham",2016-04-01,237300,84,false,,2020-03-11T13:01:54Z,"dansk pop","Warner Records",0.765,0.473,10,-5.829,1,0.0514,0.287,0,0.391,0.34,119.992,4
spotify:track:7kK2m2KDEL0W8oFq6fuOcf,"PERDONAMI","PERDONAMI","Salmo",2017-11-24,135294,34,true,,2020-03-11T13:01:50Z,"italian trap,concerto","Epic",0.661,0.853,1,-2.287,1,0.272,0.107,0,0.0852,0.655,76.499,4
spotify:track:0l8vhDaEztxLCQsFOAX64d,"Pablo","Pablo","Rvssian;Sfera Ebbasta",2018-07-20,165941,54,false,,2020-03-11T13:01:49Z,"trap latino,italian trap,concerto,trap","Universal Music Italia srL.",0.813,0.663,6,-7.84,0,0.0433,0.071,0,0.115,0.343,140.016,4
spotify:track:3RiPr603aXAoi4GHyXx0uy,"Hymn for the Weekend","A Head Full of Dreams","Coldplay",2015-12-04,258266,83,false,,2020-03-11T13:01:49Z,"","Parlophone UK",0.491,0.693,0,-6.487,0,0.0377,0.211,0.00000692,0.325,0.412,90.027,4
spotify:track:6or1bKJiZ06IlK0vFvY75k,"Rap God","The Marshall Mathers LP2 (Deluxe)","Eminem",2013-11-05,363521,74,true,,2020-03-11T13:01:47Z,"rap,hip hop","Eminem Catalog PS",0.709,0.843,7,-2.66,1,0.314,0.395,0,0.799,0.625,148.134,4
spotify:track:08AN0HMXNr3DGGDCOWsTAw,"Malibu","Bellaria","Vegas Jones",2018-03-23,211518,58,false,,2020-03-11T13:01:44Z,"italian trap","Universal Music Italia srL.",0.809,0.544,0,-7.319,0,0.227,0.0753,0,0.0836,0.284,125.876,4
spotify:track:39N9RPD9MRb5WmoLzNzPeA,"X","X","Nicky Jam;J Balvin",2018-03-02,173627,2,false,,2020-03-11T13:01:43Z,"reggaeton,latin","Sony Music Latin",0.595,0.773,9,-4.736,0,0.0549,0.0364,0.00108,0.334,0.711,180.073,4
spotify:track:09IStsImFySgyp0pIQdqAc,"The Middle","The Middle","Zedd;Maren Morris;Grey",2018-01-23,184732,80,false,,2020-03-11T13:01:43Z,"edm,country","UMGRI Interscope",0.753,0.657,7,-3.061,1,0.0449,0.171,0,0.112,0.437,107.01,4
spotify:track:66eqL56FRz3LJMCWINapai,"Boss","Boss","DrefGold;Daves",2018-03-16,210588,29,false,,2020-03-11T13:01:42Z,"italian trap,trap","Universal Music Italia srL.",0.875,0.64,1,-4.048,1,0.0535,0.215,0,0.0678,0.409,102.038,4
spotify:track:3TRFq09DUgYj1mug6RRqJW,"Lot to Learn","TMRW","Luke Christopher",2015-09-11,248337,55,true,,2020-03-11T13:01:42Z,"","ByStorm Entertainment/RCA Records",0.405,0.846,6,-3.57,1,0.195,0.0948,0,0.0666,0.602,82.232,4
spotify:track:3js3wKPw8VxBWtcXtwyUnA,"Rockstar","Rockstar","Sfera Ebbasta",2018-01-19,195946,60,true,,2020-03-11T13:01:41Z,"italian trap,concerto,trap","Universal Music Italia srL.",0.798,0.627,9,-6.234,1,0.111,0.263,0,0.211,0.762,149.989,4
spotify:track:6ukVfkwkTlQvfvD477n0qr,"scuol4","scuol4","thasup",2018-06-08,170294,35,true,,2020-03-11T13:01:40Z,"italian trap","Columbia",0.756,0.622,9,-6.619,0,0.107,0.113,0,0.0196,0.831,102,3
spotify:track:1d3bjxbhte4iB6ToNVWpcH,"Fortnite","Fortnite","Bueno;Villy Flare",2018-05-11,240000,0,false,,2020-03-11T13:01:39Z,"italian trap","857273 Records DK2",0.842,0.579,8,-9.664,1,0.463,0.634,0.0000248,0.766,0.769,140.001,4
spotify:track:4YhITuwINLCfXYB2WCXbCZ,"","","",0000,0,0,false,,2020-03-11T13:01:38Z,"","",0.597,0.544,1,-8.868,0,0.062,0.00192,0.0562,0.07,0.263,105.014,4
spotify:track:6g6A7qNhTfUgOSH7ROOxTD,"Talk Dirty (feat. 2 Chainz)","Talk Dirty","Jason Derulo;2 Chainz",2013-09-16,177685,67,true,,2020-03-11T13:01:38Z,"southern hip hop,rap","Beluga Heights/Warner Records",0.76,0.652,6,-7.321,1,0.232,0.0348,0,0.307,0.759,100.315,4
spotify:track:1brwdYwjltrJo7WHpIvbYt,"Faded","Faded","Alan Walker",2015-12-04,212626,3,false,,2020-03-11T13:01:37Z,"","Kreatell Music",0.589,0.651,6,-5.097,1,0.0306,0.0291,0.0000032,0.111,0.166,90.011,4
spotify:track:0eczHniJguffShMNltOqMo,"Gli occhi della tigre","Gli occhi della tigre","nayt;3D",2018-03-12,166222,0,true,,2020-03-11T13:01:37Z,"italian trap,concerto","VNT1 Records",0.732,0.803,6,-8.725,0,0.29,0.657,0,0.605,0.537,135.063,4
spotify:track:4BGmYEDOK1swwoxTtfmVZD,"Peace & Love","Peace & Love","Charlie Charles;Sfera Ebbasta;Ghali",2018-05-04,182745,56,true,,2020-03-11T13:01:32Z,"italian trap,concerto,trap","Universal Music Italia srL.",0.68,0.785,8,-5.313,1,0.0615,0.14,0,0.309,0.319,152.962,4
spotify:track:0H2UUCEMoYcih0D7uxXNRg,"Holy Grail (feat. Madman)","Davide","Gemitaiz;MadMan",2018-04-20,181883,39,false,,2020-03-11T13:01:32Z,"italian trap","Universal Music Italia srL.",0.794,0.801,1,-6.21,1,0.221,0.0267,0,0.113,0.222,148.973,4
spotify:track:1Lq5ApqhIWUXzlryFX2K6J,"Davide (feat. Coez)","Davide","Gemitaiz;Coez",2018-04-20,206211,59,false,,2020-03-11T13:01:31Z,"italian trap,concerto,indie","Universal Music Italia srL.",0.797,0.63,5,-7.601,1,0.0763,0.136,0.00000486,0.207,0.761,126.006,4
spotify:track:4ySxBjhmdnkeFUqhKxW3cY,"Visiera A Becco","Sfera Ebbasta","Sfera Ebbasta",2016-09-09,187573,67,false,,2020-02-24T04:13:08Z,"italian trap,concerto,trap","Universal Music Italia srL.",0.691,0.778,2,-5.205,0,0.0722,0.0871,0,0.0977,0.159,143.964,4
spotify:track:0Zvdpp7GLZYT3OVtx4myHl,"Panamera","Panamera","NDG",2019-03-25,172000,0,true,,2020-02-23T01:20:23Z,"italian trap","Dreamerz",0.625,0.575,11,-9.327,0,0.247,0.828,0,0.0983,0.308,120.253,3
spotify:track:0VgkVdmE4gld66l8iyGjgx,"Mask Off","FUTURE","Future",2017-06-30,204600,81,true,,2020-01-13T16:09:45Z,"rap","Epic/Freebandz/A1",0.833,0.434,2,-8.795,1,0.431,0.0102,0.0219,0.165,0.281,150.062,4
spotify:track:0ummQ7fthhFhE7z4A8yMG2,"Autumn","Autumn","WizTheMc",2019-09-01,184761,35,true,,2020-01-06T23:17:18Z,"","NHMS Records",0.7,0.441,11,-6.788,1,0.345,0.767,0,0.125,0.476,126.249,4
spotify:track:420lvJ1g7KutZBoFbgyNrO,"Mission","Mission","WizTheMc",2019-06-21,142676,7,true,,2020-01-03T17:50:57Z,"","NHMS Records",0.853,0.444,7,-3.978,1,0.151,0.427,0,0.085,0.336,75.057,4
spotify:track:4DMvfNRWBkBDfEvmto9jKP,"Alette di pollo","Alette di pollo","Chakra;Blur",2017-05-12,193401,0,true,,2019-12-08T22:43:17Z,"italian trap","Chakra",0.622,0.827,1,-3.424,1,0.0721,0.224,0,0.133,0.51,140.026,4
spotify:track:3Hh0ZcGIqIkSiJVZGLcVLx,"YOSHI (feat. Fabri Fibra) - prod. Strage","MACHETE MIXTAPE 4","MACHETE;Dani Faiv;thasup;Fabri Fibra",2019-07-05,211994,55,true,,2019-07-30T14:42:12Z,"italian trap,concerto","Epic",0.751,0.66,8,-6.24,1,0.348,0.228,0,0.0827,0.634,166.809,4
spotify:track:2ZRo7axmMPeSVUvDbGkJah,"Hope","?","XXXTENTACION",2018-03-16,110886,82,true,,2019-02-08T21:59:04Z,"emo rap","Bad Vibes Forever, LLC",0.592,0.457,9,-6.081,0,0.0603,0.661,0.000331,0.146,0.225,146.04,4
spotify:track:3xGD5KhnizETt7KQwxtUAc,"Senza Di Me (feat. Venerus & Franco126)","Senza Di Me","Gemitaiz;Venerus;Franco126",2018-12-21,201961,62,false,,2019-01-01T08:40:42Z,"italian trap,indie","Universal Music Italia srL.",0.698,0.636,8,-5.844,1,0.034,0.167,0,0.125,0.313,107.282,3
spotify:track:0bYg9bo50gSsH3LtXe2SQn,"All I Want for Christmas Is You","Merry Christmas","Mariah Carey",1994-10-28,241562,100,false,,2018-12-26T01:58:28Z,"christmas","Columbia",0.336,0.627,7,-7.463,1,0.0384,0.164,0,0.0708,0.35,150.273,4
spotify:track:3590AAEoqH50z4UmhMIY85,"Torna a casa","Il ballo della vita","Måneskin",2018-10-26,230666,65,false,,2018-12-18T00:09:29Z,"","RCA Records Label",0.425,0.638,1,-3.184,0,0.0759,0.426,0,0.177,0.45,81.396,4
spotify:track:3jR3jT0We358OEsq8PrhAG,"Nero","Nero","Gazzelle",2017-10-26,197865,0,false,,2018-08-16T14:57:29Z,"indie","Maciste Dischi",0.747,0.486,4,-8.532,1,0.135,0.743,0.00000936,0.168,0.331,149.992,4
spotify:track:2yg9UN4eo5eMVJ7OB4RWj3,"Survival","Scorpion","Drake",2018-06-29,136186,60,true,,2018-08-01T11:46:03Z,"rap","Cash Money/Drake LP6",0.555,0.596,9,-9.09,0,0.375,0.133,0,0.123,0.145,77.324,4
spotify:track:0TlLq3lA83rQOYtrqBqSct,"Nonstop","Scorpion","Drake",2018-06-29,238614,77,true,,2018-08-01T11:46:03Z,"rap","Cash Money/Drake LP6",0.912,0.412,7,-8.074,1,0.123,0.0165,0.0126,0.104,0.423,154.983,4
spotify:track:3szf2z1Cy1QMrtHrbn8rz9,"Elevate","Scorpion","Drake",2018-06-29,184960,60,true,,2018-08-01T11:46:03Z,"rap","Cash Money/Drake LP6",0.758,0.474,1,-8.72,1,0.147,0.0152,0,0.116,0.0542,76.061,4
spotify:track:5Psnhdkyanjpgc2P8A5TSM,"Emotionless","Scorpion","Drake",2018-06-29,302173,67,true,,2018-08-01T11:46:03Z,"rap","Cash Money/Drake LP6",0.414,0.677,1,-5.12,1,0.254,0.0248,0,0.0793,0.0853,172.521,4
spotify:track:6DCZcSspjsKoFjzjrWoCdn,"God's Plan","Scorpion","Drake",2018-06-29,198973,85,true,,2018-08-01T11:46:03Z,"rap","Cash Money/Drake LP6",0.754,0.449,7,-9.211,1,0.109,0.0332,0.0000829,0.552,0.357,77.169,4
spotify:track:3qN5qMTKyEEmiTZD38BNTT,"I'm Upset","Scorpion","Drake",2018-06-29,214466,65,true,,2018-08-01T11:46:03Z,"rap","Cash Money/Drake LP6",0.899,0.586,11,-7.866,0,0.343,0.279,0,0.0836,0.492,150.002,4
spotify:track:0zqy3ss4CwD6u4QPksS0nI,"8 Out Of 10","Scorpion","Drake",2018-06-29,195720,64,true,,2018-08-01T11:46:03Z,"rap","Cash Money/Drake LP6",0.527,0.689,2,-7.87,1,0.741,0.161,0,0.498,0.31,170.538,4
spotify:track:7rC5Pl8rQSX4myONQHYPBK,"Mob Ties","Scorpion","Drake",2018-06-29,205146,66,true,,2018-08-01T11:46:03Z,"rap","Cash Money/Drake LP6",0.754,0.575,4,-8.393,0,0.0682,0.045,0.00131,0.276,0.491,86.009,4
spotify:track:1dUHF4RyMmMTveJ0Rby6Xm,"Can’t Take A Joke","Scorpion","Drake",2018-06-29,163974,66,true,,2018-08-01T11:46:03Z,"rap","Cash Money/Drake LP6",0.761,0.598,10,-7.249,0,0.182,0.126,0,0.0839,0.446,173.897,4
spotify:track:6cblRiEGDRNZgowcm951R3,"Sandra’s Rose","Scorpion","Drake",2018-06-29,216333,67,true,,2018-08-01T11:46:03Z,"rap","Cash Money/Drake LP6",0.486,0.849,1,-5.432,1,0.246,0.0481,0,0.143,0.519,152.086,4
spotify:track:4ksuI04WMvUnJbHQjgs3L5,"Talk Up (feat. Jay-Z)","Scorpion","Drake;JAY-Z",2018-06-29,223240,56,true,,2018-08-01T11:46:03Z,"rap,hip hop,east coast hip hop","Cash Money/Drake LP6",0.758,0.491,11,-9.877,1,0.138,0.00354,0.0000065,0.292,0.334,140.121,4
spotify:track:1Tnw0ItH1Macok8gblnPPd,"Is There More","Scorpion","Drake",2018-06-29,226906,57,true,,2018-08-01T11:46:03Z,"rap","Cash Money/Drake LP6",0.708,0.547,1,-7.607,1,0.314,0.727,0,0.159,0.549,83.8,4
spotify:track:11L064movtyopGdLiX4sVg,"Peak","Scorpion","Drake",2018-06-29,206026,64,true,,2018-08-01T11:46:03Z,"rap","Cash Money/Drake LP6",0.687,0.218,9,-13.539,0,0.0388,0.85,0.000125,0.106,0.269,91.991,4
spotify:track:4HG1YiGBseVKzjyKcmAJen,"Summer Games","Scorpion","Drake",2018-06-29,247893,65,false,,2018-08-01T11:46:03Z,"rap","Cash Money/Drake LP6",0.776,0.482,1,-11.269,1,0.0357,0.477,0.0456,0.11,0.134,136.008,4
spotify:track:4c2xt1trwYZpMqPWY35Xi9,"Jaded","Scorpion","Drake",2018-06-29,262453,73,true,,2018-08-01T11:46:03Z,"rap","Cash Money/Drake LP6",0.764,0.271,0,-5.697,1,0.0414,0.037,0,0.175,0.0371,116.019,4
spotify:track:3CA9pLiwRIGtUBiMjbZmRw,"Nice For What","Scorpion","Drake",2018-06-29,210746,78,true,,2018-08-01T11:46:03Z,"rap","Cash Money/Drake LP6",0.585,0.909,8,-6.474,1,0.0707,0.0891,0.000097,0.119,0.758,93.372,4
spotify:track:2WP8G2pdddDmnh1xbfKBOI,"Finesse","Scorpion","Drake",2018-06-29,182080,74,false,,2018-08-01T11:46:03Z,"rap","Cash Money/Drake LP6",0.807,0.319,0,-8.152,0,0.0581,0.133,0.000338,0.101,0.299,94.992,4
spotify:track:4SUwJA3eUVNHExxMPEUhQe,"Ratchet Happy Birthday","Scorpion","Drake",2018-06-29,207306,51,true,,2018-08-01T11:46:03Z,"rap","Cash Money/Drake LP6",0.657,0.571,2,-12.519,1,0.139,0.11,0.00123,0.0735,0.622,167.958,4
spotify:track:41a7dZcq30Ss5kPMayWRV0,"That’s How You Feel","Scorpion","Drake",2018-06-29,157605,66,true,,2018-08-01T11:46:03Z,"rap","Cash Money/Drake LP6",0.85,0.473,10,-5.747,0,0.209,0.117,0.0103,0.108,0.38,85.454,4
spotify:track:4n1bdaKwynQndm47x5HqWX,"Blue Tint","Scorpion","Drake",2018-06-29,162800,60,true,,2018-08-01T11:46:03Z,"rap","Cash Money/Drake LP6",0.889,0.372,7,-10.254,0,0.357,0.013,0,0.184,0.123,133.997,4
spotify:track:6G8kHiVZ1jW7vHMPVRNZU0,"Don’t Matter To Me (with Michael Jackson)","Scorpion","Drake;Michael Jackson",2018-06-29,245786,73,false,,2018-08-01T11:46:03Z,"rap","Cash Money/Drake LP6",0.822,0.318,10,-12.391,1,0.0575,0.493,0.0128,0.11,0.138,102.998,4
spotify:track:3mvYQKm8h6M5K5h0nVPY9S,"After Dark (feat. Static Major & Ty Dolla $ign)","Scorpion","Drake;Static Major;Ty Dolla $ign",2018-06-29,289560,58,true,,2018-08-01T11:46:03Z,"rap,trap soul","Cash Money/Drake LP6",0.687,0.429,2,-13.075,1,0.192,0.0407,0,0.142,0.336,141.966,4
spotify:track:44Du2IM1bGY7dicmLfXbUs,"Final Fantasy","Scorpion","Drake",2018-06-29,219960,56,true,,2018-08-01T11:46:03Z,"rap","Cash Money/Drake LP6",0.5,0.449,0,-10.977,1,0.442,0.422,0.00000796,0.115,0.104,144.206,1
spotify:track:09lmraDvzBT3pUQ2rUtJzK,"March 14","Scorpion","Drake",2018-06-29,309560,53,true,,2018-08-01T11:46:03Z,"rap","Cash Money/Drake LP6",0.558,0.414,10,-7.355,0,0.358,0.405,0,0.36,0.318,127.094,4
